material_type,product_type,industry,strength,weight_capacity,biodegradability_score,recyclability,cost,co2_emission
Aluminum,Furniture Carton,Furniture,10,31.7,1,95.29,3.62,3.488
Bagasse Fiber,Pizza Box,Food Packaging,7,6.19,9,80.83,2.42,0.488
Mushroom Packaging,Board Game Box,Toys,5,14.17,10,65.82,2.88,0.269
Glass,Fabric Wrap,Textiles,10,35.7,1,96.91,4.39,1.848
PLA Bioplastic,Hardware Container,Construction,6,15.29,6,68.84,1.31,1.185
Corrugated Cardboard,Foam Insert Package,Home Appliances,7,12.44,9,88.2,0.73,0.799
PLA Bioplastic,Beverage Bottle,Food Packaging,7,12.69,7,60.4,1.12,1.137
Recycled PET,Garment Bag,Textiles,10,27.63,3,88.95,3.67,2.155
Aluminum,Tile Packaging,Construction,10,21.33,1,99.22,4.3,3.528
Recycled PET,Protective Box,Home Appliances,9,29.48,2,86.41,3.27,2.101
Aluminum,Medicine Box,Healthcare,8,31.58,2,98.95,2.56,3.532
Aluminum,Oil Container,Automotive,9,21.74,1,99.25,5.41,3.455
Mushroom Packaging,Appliance Carton,Home Appliances,7,11.11,10,65.49,3.11,0.448
PLA Bioplastic,Perfume Bottle,Cosmetics,6,19.66,8,65.22,1.42,1.286
Aluminum,Fabric Wrap,Textiles,9,27.41,1,97.2,3.05,3.469
Mushroom Packaging,Makeup Box,Cosmetics,7,12.75,9,70.17,1.62,0.417
Aluminum,Battery Packaging,Automotive,8,28.1,1,99.65,3.41,3.46
Glass,Laptop Box,Electronics,10,36.07,2,97.08,4.1,1.775
Bagasse Fiber,Fabric Wrap,Textiles,5,8.86,8,70.01,1.53,0.542
Aluminum,TV Carton,Electronics,9,27.66,1,97.42,3.37,3.434
Kraft Paper,Syringe Pack,Healthcare,7,7.44,10,92.03,1.03,0.611
Corrugated Cardboard,Tablet Blister Pack,Healthcare,7,34.06,8,88.36,0.71,0.699
Recycled PET,Perfume Bottle,Cosmetics,8,29.97,4,85.51,2.23,2.103
Corrugated Cardboard,Spare Parts Box,Automotive,8,27.02,7,85.87,1.05,0.923
Bagasse Fiber,Action Figure Pack,Toys,7,12.85,10,77.05,1.58,0.536
Glass,Foam Insert Package,Home Appliances,9,36.33,2,99.18,5.14,1.769
PLA Bioplastic,Toy Box,Toys,9,11.91,8,56.97,1.4,1.244
Corrugated Cardboard,Furniture Carton,Furniture,9,19.67,8,90.05,1.27,0.83
Kraft Paper,Laptop Box,Electronics,6,10.41,9,93.17,1.01,0.641
Bagasse Fiber,Electronic Blister Pack,Electronics,5,8.18,9,83.46,0.88,0.438
Aluminum,Battery Packaging,Automotive,8,24.18,1,99.44,4.32,3.526
Mushroom Packaging,Pizza Box,Food Packaging,7,17.36,10,77.97,1.59,0.415
PLA Bioplastic,Tile Packaging,Construction,9,9.22,8,58.97,1.13,1.193
Corrugated Cardboard,Electronic Blister Pack,Electronics,9,15.93,7,82.15,1.92,0.703
Mushroom Packaging,Takeaway Container,Food Packaging,7,15.21,10,67.35,3.42,0.357
Glass,Protective Cushioning Pack,Furniture,10,39.46,1,97.43,5.23,1.807
PLA Bioplastic,Beverage Bottle,Food Packaging,7,12.2,6,53.9,1.61,1.187
PLA Bioplastic,Cosmetic Tube,Cosmetics,9,15.75,6,69.89,1.2,1.336
PLA Bioplastic,Oil Container,Automotive,9,8.19,6,69.27,2.37,1.224
Aluminum,Medical Container,Healthcare,8,25.78,1,96.34,3.82,3.496
Kraft Paper,Cosmetic Tube,Cosmetics,4,8.95,9,85.97,0.45,0.632
Kraft Paper,Action Figure Pack,Toys,6,10.18,9,88.23,0.89,0.688
Corrugated Cardboard,Pizza Box,Food Packaging,8,27.72,9,89.72,0.55,0.845
Recycled PET,Electronic Blister Pack,Electronics,9,15.08,2,86.94,3.77,2.07
Glass,Takeaway Container,Food Packaging,10,21.02,1,95.47,3.04,1.742
Glass,Assembly Kit Box,Furniture,9,29.31,1,99.91,4.65,1.725
Kraft Paper,Board Game Box,Toys,5,7.5,9,86.27,0.67,0.576
Recycled PET,Medical Container,Healthcare,8,21.86,3,85.52,2.8,2.154
Aluminum,Tile Packaging,Construction,10,29.56,2,98.72,4.14,3.435
Kraft Paper,Clothing Box,Textiles,4,5.81,10,91.96,0.52,0.5
Kraft Paper,Spare Parts Box,Automotive,5,6.56,9,86.83,1.46,0.584
Mushroom Packaging,Spare Parts Box,Automotive,5,15.38,9,68.71,2.98,0.39
Bagasse Fiber,Assembly Kit Box,Furniture,6,9.2,8,71.38,2.4,0.483
Glass,Tablet Blister Pack,Healthcare,10,34.07,2,95.09,5.58,1.759
Aluminum,Clothing Box,Textiles,8,26.97,1,98.18,4.29,3.582
Kraft Paper,Protective Box,Home Appliances,5,14.33,8,90.39,1.41,0.528
Kraft Paper,Cement Liner Bag,Construction,4,13.67,10,90.73,0.41,0.63
Recycled PET,Medicine Box,Healthcare,10,27.31,4,93.2,1.99,2.152
PLA Bioplastic,Food Tray,Food Packaging,9,11.29,8,62.37,1.09,1.179
Kraft Paper,Furniture Carton,Furniture,7,8.85,9,85.23,0.69,0.594
Corrugated Cardboard,Protective Box,Home Appliances,8,12.95,7,80.47,1.08,0.826
Recycled PET,Laptop Box,Electronics,8,23.22,2,92.51,2.18,2.091
PLA Bioplastic,Perfume Bottle,Cosmetics,9,9.53,6,68.62,2.66,1.167
Aluminum,Spare Parts Box,Automotive,8,31.1,1,95.52,3.57,3.558
Glass,Medicine Box,Healthcare,10,36.53,2,95.27,3.12,1.771
Bagasse Fiber,TV Carton,Electronics,5,8.87,9,80.15,1.72,0.485
Kraft Paper,Cement Liner Bag,Construction,6,5.83,8,91.73,0.47,0.55
Aluminum,Hardware Container,Construction,8,21.7,1,97.47,4.91,3.439
Aluminum,Protective Cushioning Pack,Furniture,9,26.62,1,99.84,2.72,3.591
Kraft Paper,Mobile Box,Electronics,7,13.67,9,85.84,1.48,0.62
Corrugated Cardboard,Food Tray,Food Packaging,7,32.3,8,91.37,1.66,0.858
Bagasse Fiber,Laptop Box,Electronics,6,12.37,10,81.66,1.14,0.476
PLA Bioplastic,Action Figure Pack,Toys,7,18.88,8,58.1,1.01,1.121
Aluminum,Clothing Box,Textiles,8,31.16,1,97.92,4.95,3.479
Bagasse Fiber,TV Carton,Electronics,5,6.75,8,71.11,2.0,0.511
Bagasse Fiber,Makeup Box,Cosmetics,5,10.71,8,73.25,2.04,0.501
Glass,Medicine Box,Healthcare,10,27.68,1,96.39,5.09,1.909
Mushroom Packaging,Tile Packaging,Construction,6,10.29,10,61.55,1.37,0.36
Mushroom Packaging,Electronic Blister Pack,Electronics,7,14.98,9,72.06,2.02,0.368
Glass,Perfume Bottle,Cosmetics,10,28.33,1,98.07,2.46,1.72
Mushroom Packaging,Foam Insert Package,Home Appliances,6,16.66,9,75.55,3.19,0.385
Corrugated Cardboard,Protective Box,Home Appliances,8,24.85,9,84.72,1.43,0.742
Corrugated Cardboard,Medicine Box,Healthcare,7,10.92,9,90.38,1.0,0.795
Aluminum,Medicine Box,Healthcare,8,34.95,1,97.93,2.69,3.497
Kraft Paper,Spare Parts Box,Automotive,5,8.78,8,94.54,0.67,0.547
Corrugated Cardboard,Tile Packaging,Construction,6,28.92,8,84.3,0.99,0.793
Kraft Paper,Beverage Bottle,Food Packaging,5,10.2,9,93.16,1.18,0.574
Glass,Oil Container,Automotive,9,28.07,2,97.4,4.55,1.845
Recycled PET,Assembly Kit Box,Furniture,8,24.59,4,85.15,3.72,2.078
Kraft Paper,Board Game Box,Toys,5,8.92,10,85.91,0.87,0.583
Glass,Appliance Carton,Home Appliances,9,35.67,2,98.49,2.48,1.811
Mushroom Packaging,Tile Packaging,Construction,5,12.92,10,61.32,2.84,0.306
Glass,Oil Container,Automotive,9,26.95,2,95.38,5.04,1.735
Aluminum,TV Carton,Electronics,10,26.0,2,98.2,4.18,3.533
Mushroom Packaging,Takeaway Container,Food Packaging,5,16.97,9,72.04,2.97,0.423
Recycled PET,Makeup Box,Cosmetics,8,20.18,3,86.77,2.73,2.101
Corrugated Cardboard,Oil Container,Automotive,6,21.52,8,81.11,1.28,0.739
Aluminum,Mobile Box,Electronics,9,22.35,2,95.31,3.78,3.442
Mushroom Packaging,Clothing Box,Textiles,5,13.97,10,69.69,1.26,0.373
Glass,Fabric Wrap,Textiles,10,34.41,2,95.18,2.43,1.739
Aluminum,Beverage Bottle,Food Packaging,10,33.43,2,96.99,2.59,3.482
Recycled PET,TV Carton,Electronics,9,23.46,2,87.11,3.09,2.145
Bagasse Fiber,Garment Bag,Textiles,5,14.01,8,77.48,1.33,0.553
Glass,Cement Liner Bag,Construction,10,31.15,2,97.16,4.03,1.833
Corrugated Cardboard,Cream Jar,Cosmetics,6,19.08,8,85.98,1.86,0.729
Corrugated Cardboard,Toy Box,Toys,6,10.19,7,81.83,0.87,0.83
PLA Bioplastic,Protective Cushioning Pack,Furniture,7,11.42,8,68.35,1.82,1.209
Corrugated Cardboard,Board Game Box,Toys,7,14.27,9,89.85,1.63,0.845
PLA Bioplastic,Protective Box,Home Appliances,9,13.72,6,56.47,1.46,1.167
Corrugated Cardboard,Cosmetic Tube,Cosmetics,9,16.06,9,88.49,0.62,0.829
Glass,Toy Box,Toys,9,38.64,1,96.68,3.16,1.767
Aluminum,Clothing Box,Textiles,9,34.85,1,98.42,2.98,3.502
Aluminum,Hardware Container,Construction,8,20.04,1,97.06,5.29,3.464
Glass,Medicine Box,Healthcare,10,39.3,2,99.66,5.23,1.922
Bagasse Fiber,Mobile Box,Electronics,7,6.6,9,81.99,1.88,0.527
Recycled PET,Perfume Bottle,Cosmetics,8,18.54,3,90.23,3.68,2.135
Recycled PET,Hardware Container,Construction,9,20.89,4,91.24,3.51,2.128
Aluminum,Syringe Pack,Healthcare,10,28.66,1,99.5,3.06,3.515
Glass,Protective Cushioning Pack,Furniture,9,38.13,1,96.66,5.57,1.686
Kraft Paper,Cosmetic Tube,Cosmetics,7,6.67,10,91.2,0.95,0.672
Aluminum,Tile Packaging,Construction,10,31.83,2,98.89,4.92,3.541
Bagasse Fiber,Tablet Blister Pack,Healthcare,6,12.43,8,83.15,2.32,0.55
Glass,Tablet Blister Pack,Healthcare,9,22.21,2,97.51,3.27,1.913
Recycled PET,Pizza Box,Food Packaging,10,21.13,2,92.2,1.78,2.053
Bagasse Fiber,Makeup Box,Cosmetics,6,8.27,8,76.35,1.19,0.441
PLA Bioplastic,Garment Bag,Textiles,9,18.94,7,52.02,1.85,1.166
Mushroom Packaging,Syringe Pack,Healthcare,7,17.32,10,61.38,3.08,0.37
Glass,Perfume Bottle,Cosmetics,10,36.81,1,97.25,5.44,1.865
Kraft Paper,Spare Parts Box,Automotive,5,6.86,10,88.99,0.31,0.727
Corrugated Cardboard,Laptop Box,Electronics,7,30.07,7,87.24,1.27,0.826
Bagasse Fiber,Makeup Box,Cosmetics,5,13.77,9,81.06,1.51,0.436
PLA Bioplastic,Medical Container,Healthcare,8,13.43,8,54.96,1.44,1.135
Bagasse Fiber,TV Carton,Electronics,6,6.3,8,79.48,1.0,0.554
Corrugated Cardboard,Appliance Carton,Home Appliances,8,34.39,7,81.78,1.01,0.708
Bagasse Fiber,Board Game Box,Toys,7,14.97,8,75.96,2.4,0.447
Mushroom Packaging,Makeup Box,Cosmetics,7,11.49,10,63.81,1.94,0.344
Kraft Paper,Beverage Bottle,Food Packaging,4,12.76,10,89.81,0.92,0.721
Aluminum,Action Figure Pack,Toys,8,25.02,1,99.73,4.61,3.597
PLA Bioplastic,Garment Bag,Textiles,7,14.32,6,50.54,1.73,1.247
Mushroom Packaging,Assembly Kit Box,Furniture,7,14.72,9,71.9,3.44,0.464
Recycled PET,TV Carton,Electronics,10,28.31,4,94.89,3.91,2.143
PLA Bioplastic,Food Tray,Food Packaging,9,12.77,6,52.82,1.5,1.231
Aluminum,Protective Cushioning Pack,Furniture,9,21.28,1,98.52,3.99,3.517
Recycled PET,Syringe Pack,Healthcare,10,18.89,3,88.63,2.25,2.144
Recycled PET,Furniture Carton,Furniture,9,26.61,2,94.48,2.21,2.012
Kraft Paper,Toy Box,Toys,5,9.87,9,89.71,0.34,0.573
PLA Bioplastic,Tablet Blister Pack,Healthcare,6,11.22,7,52.79,2.22,1.133
Kraft Paper,Tile Packaging,Construction,4,6.72,10,91.83,0.9,0.637
Mushroom Packaging,Board Game Box,Toys,5,16.15,9,73.03,1.32,0.42
Recycled PET,Fabric Wrap,Textiles,9,17.1,4,94.0,2.2,2.015
Mushroom Packaging,Action Figure Pack,Toys,6,14.01,9,76.76,3.29,0.538
Kraft Paper,Oil Container,Automotive,5,5.47,9,92.38,0.59,0.589
Bagasse Fiber,Perfume Bottle,Cosmetics,7,8.21,8,83.73,1.05,0.489
Glass,Assembly Kit Box,Furniture,10,27.93,2,99.68,3.96,1.86
Kraft Paper,Spare Parts Box,Automotive,7,10.4,10,89.96,1.48,0.571
Kraft Paper,Appliance Carton,Home Appliances,5,6.07,8,88.52,0.59,0.606
Recycled PET,Medicine Box,Healthcare,10,23.97,2,92.99,3.18,2.135
Glass,Cream Jar,Cosmetics,10,22.06,1,95.46,5.05,1.772
Corrugated Cardboard,Medicine Box,Healthcare,7,27.26,7,90.48,0.86,0.809
Recycled PET,Beverage Bottle,Food Packaging,8,24.88,3,91.37,3.32,2.033
Kraft Paper,Pizza Box,Food Packaging,4,11.47,10,85.34,0.74,0.641
Corrugated Cardboard,Battery Packaging,Automotive,8,33.11,8,85.06,1.45,0.807
Glass,Protective Box,Home Appliances,10,36.89,2,98.25,4.53,1.91
Bagasse Fiber,Beverage Bottle,Food Packaging,5,6.69,8,77.95,1.71,0.517
Aluminum,Fabric Wrap,Textiles,10,24.73,1,98.69,2.77,3.602
Recycled PET,Medical Container,Healthcare,9,28.15,3,85.24,3.59,2.124
Glass,Garment Bag,Textiles,9,37.49,1,95.35,3.28,1.832
Glass,Hardware Container,Construction,9,28.04,1,97.4,2.75,1.791
Aluminum,Takeaway Container,Food Packaging,8,31.52,1,98.66,2.62,3.514
Recycled PET,Syringe Pack,Healthcare,9,19.46,3,87.96,2.98,1.996
Mushroom Packaging,Spare Parts Box,Automotive,5,17.1,9,73.59,2.76,0.303
Recycled PET,Clothing Box,Textiles,8,16.34,3,94.82,1.54,2.04
Glass,Beverage Bottle,Food Packaging,9,39.78,1,98.04,4.05,1.808
Kraft Paper,Fabric Wrap,Textiles,4,7.2,8,94.57,0.57,0.625
Recycled PET,Food Tray,Food Packaging,8,24.45,4,91.96,3.11,2.171
Mushroom Packaging,Beverage Bottle,Food Packaging,7,10.24,10,74.96,1.6,0.371
Bagasse Fiber,Laptop Box,Electronics,6,13.74,10,71.94,1.97,0.482
Corrugated Cardboard,TV Carton,Electronics,7,31.55,7,83.95,1.08,0.829
PLA Bioplastic,Laptop Box,Electronics,8,11.38,8,69.24,2.87,1.202
Corrugated Cardboard,Spare Parts Box,Automotive,7,22.38,8,87.11,0.71,0.768
Mushroom Packaging,Fabric Wrap,Textiles,6,13.44,9,75.95,1.98,0.429
Corrugated Cardboard,Takeaway Container,Food Packaging,8,31.68,7,84.01,0.67,0.782
Kraft Paper,Laptop Box,Electronics,7,11.19,9,94.61,1.41,0.61
Aluminum,TV Carton,Electronics,10,20.08,2,96.68,5.13,3.492
Kraft Paper,Assembly Kit Box,Furniture,7,10.56,8,87.87,0.61,0.589
Corrugated Cardboard,Medicine Box,Healthcare,9,16.5,7,89.36,1.49,0.8
Glass,Action Figure Pack,Toys,9,30.83,2,95.9,5.27,1.782
Glass,Spare Parts Box,Automotive,10,23.48,2,95.34,4.22,1.855
Glass,Medical Container,Healthcare,9,31.64,1,98.24,4.12,1.771
Bagasse Fiber,Hardware Container,Construction,7,6.59,8,74.85,1.21,0.596
Kraft Paper,Makeup Box,Cosmetics,6,9.46,9,86.02,0.41,0.634
Aluminum,TV Carton,Electronics,10,32.39,1,96.1,5.19,3.498
Glass,Protective Box,Home Appliances,10,33.09,1,96.6,5.6,1.708
Kraft Paper,Action Figure Pack,Toys,4,7.0,8,91.52,1.06,0.572
Bagasse Fiber,Protective Box,Home Appliances,7,14.71,9,77.96,1.38,0.492
Recycled PET,Assembly Kit Box,Furniture,8,28.68,3,91.17,2.37,2.041
Glass,Mobile Box,Electronics,9,22.5,2,96.13,4.9,1.818
Recycled PET,Board Game Box,Toys,8,23.85,4,94.84,3.74,2.021
Recycled PET,Medical Container,Healthcare,9,25.21,3,87.92,3.72,2.224
Bagasse Fiber,Laptop Box,Electronics,6,14.17,10,77.21,2.13,0.475
Corrugated Cardboard,Pizza Box,Food Packaging,9,34.67,9,88.43,1.46,0.92
Bagasse Fiber,Garment Bag,Textiles,5,10.66,8,83.24,0.94,0.499
Bagasse Fiber,Medicine Box,Healthcare,6,9.57,9,70.62,1.07,0.546
PLA Bioplastic,Medical Container,Healthcare,6,16.48,7,61.9,2.8,1.228
Aluminum,TV Carton,Electronics,8,30.64,2,98.92,4.32,3.507
Bagasse Fiber,Assembly Kit Box,Furniture,6,13.36,9,77.21,0.82,0.526
Kraft Paper,Electronic Blister Pack,Electronics,5,5.82,9,89.79,0.42,0.687
PLA Bioplastic,Cream Jar,Cosmetics,8,13.64,6,53.64,2.33,1.254
Aluminum,Furniture Carton,Furniture,10,22.43,2,99.98,2.52,3.453
PLA Bioplastic,TV Carton,Electronics,9,10.39,8,54.41,1.32,1.238
Aluminum,Action Figure Pack,Toys,8,32.61,1,98.71,4.15,3.52
Bagasse Fiber,Hardware Container,Construction,6,14.89,9,83.01,1.98,0.532
Kraft Paper,Electronic Blister Pack,Electronics,4,8.96,9,91.55,1.08,0.666
Kraft Paper,Makeup Box,Cosmetics,5,8.59,10,91.23,0.57,0.622
Aluminum,Pizza Box,Food Packaging,8,21.97,2,98.16,4.64,3.583
Recycled PET,Protective Box,Home Appliances,8,16.04,2,87.47,2.09,2.023
Corrugated Cardboard,Beverage Bottle,Food Packaging,9,24.82,8,84.79,0.99,0.734
Recycled PET,Perfume Bottle,Cosmetics,10,23.83,2,87.37,3.37,2.154
Glass,Fabric Wrap,Textiles,10,26.62,1,97.15,4.6,1.85
Bagasse Fiber,Cement Liner Bag,Construction,5,8.27,9,72.51,2.24,0.475
Recycled PET,TV Carton,Electronics,10,24.96,2,89.46,3.14,2.135
Recycled PET,Action Figure Pack,Toys,9,29.8,2,90.31,2.92,2.149
Recycled PET,Tile Packaging,Construction,8,16.83,3,91.88,1.73,2.11
Kraft Paper,Hardware Container,Construction,7,11.86,9,94.52,0.74,0.555
Corrugated Cardboard,Appliance Carton,Home Appliances,8,21.37,9,86.39,0.9,0.694
Recycled PET,Protective Cushioning Pack,Furniture,9,18.03,4,86.62,2.11,2.115
Aluminum,Spare Parts Box,Automotive,8,26.66,1,96.22,5.42,3.495
Mushroom Packaging,Fabric Wrap,Textiles,5,8.3,10,75.91,2.1,0.399
Corrugated Cardboard,Hardware Container,Construction,8,33.52,8,81.28,1.84,0.882
Mushroom Packaging,Foam Insert Package,Home Appliances,6,11.18,9,68.14,2.65,0.343
Recycled PET,Laptop Box,Electronics,10,26.08,3,91.68,3.49,2.016
Kraft Paper,Board Game Box,Toys,4,12.98,10,93.69,0.9,0.553
Glass,Medical Container,Healthcare,10,32.98,1,96.98,4.31,1.745
Bagasse Fiber,Battery Packaging,Automotive,5,10.04,8,78.19,1.64,0.428
Glass,Cosmetic Tube,Cosmetics,10,31.74,2,97.32,2.78,1.854
Kraft Paper,Perfume Bottle,Cosmetics,7,10.19,9,94.14,1.17,0.677
Bagasse Fiber,Clothing Box,Textiles,5,9.59,8,75.92,1.28,0.493
Glass,Protective Cushioning Pack,Furniture,10,34.31,1,95.09,2.1,1.718
Aluminum,Assembly Kit Box,Furniture,10,21.07,1,95.3,4.44,3.505
Glass,Spare Parts Box,Automotive,9,22.03,1,98.09,2.71,1.797
PLA Bioplastic,Oil Container,Automotive,6,17.64,8,64.35,2.88,1.159
Recycled PET,Appliance Carton,Home Appliances,9,16.83,4,86.23,3.88,2.108
Recycled PET,Fabric Wrap,Textiles,10,25.64,2,94.63,3.79,2.02
Aluminum,Tile Packaging,Construction,9,28.25,2,97.63,3.61,3.522
Glass,Protective Cushioning Pack,Furniture,9,37.68,1,95.87,2.06,1.829
Kraft Paper,Laptop Box,Electronics,7,12.7,8,87.37,1.41,0.658
Mushroom Packaging,Oil Container,Automotive,7,16.51,9,72.48,2.18,0.366
Kraft Paper,Syringe Pack,Healthcare,4,6.68,10,93.69,1.46,0.614
Recycled PET,Syringe Pack,Healthcare,8,17.68,2,90.47,3.91,2.161
Glass,Clothing Box,Textiles,9,31.89,2,95.71,5.41,1.881
Recycled PET,Makeup Box,Cosmetics,9,21.06,3,85.16,2.24,2.185
Glass,Takeaway Container,Food Packaging,9,32.06,2,97.89,3.54,1.779
Glass,Furniture Carton,Furniture,10,21.71,1,96.83,5.4,1.718
Aluminum,Toy Box,Toys,8,27.79,2,98.35,3.45,3.579
Mushroom Packaging,Oil Container,Automotive,6,14.8,10,73.39,1.59,0.341
Glass,Protective Cushioning Pack,Furniture,9,39.91,1,97.33,4.23,1.738
Bagasse Fiber,Food Tray,Food Packaging,6,14.62,8,72.56,2.39,0.566
Glass,Garment Bag,Textiles,9,36.44,2,96.74,4.78,1.835
PLA Bioplastic,Takeaway Container,Food Packaging,9,12.59,8,69.85,2.14,1.145
Bagasse Fiber,Takeaway Container,Food Packaging,5,13.58,8,71.39,0.97,0.484
Mushroom Packaging,Board Game Box,Toys,7,16.65,9,74.17,2.61,0.425
Aluminum,Hardware Container,Construction,9,25.13,1,95.44,5.47,3.529
Corrugated Cardboard,Laptop Box,Electronics,8,30.63,8,86.19,0.71,0.908
PLA Bioplastic,Cream Jar,Cosmetics,8,19.91,6,57.82,2.04,1.143
Glass,Tablet Blister Pack,Healthcare,10,32.56,2,96.52,5.51,1.828
Recycled PET,TV Carton,Electronics,10,17.6,3,87.24,3.35,2.13
Mushroom Packaging,Tile Packaging,Construction,6,16.22,9,72.13,2.8,0.302
Mushroom Packaging,Tablet Blister Pack,Healthcare,6,16.29,10,70.05,2.82,0.389
Corrugated Cardboard,Mobile Box,Electronics,6,19.19,7,91.59,1.04,0.803
Recycled PET,Tile Packaging,Construction,10,24.61,2,85.18,2.23,2.126
PLA Bioplastic,Protective Box,Home Appliances,8,8.74,8,59.69,2.62,1.172
Aluminum,Appliance Carton,Home Appliances,10,34.76,1,95.85,4.93,3.47
Bagasse Fiber,Spare Parts Box,Automotive,6,8.39,10,77.64,2.27,0.481
Recycled PET,Furniture Carton,Furniture,10,18.31,2,91.24,3.78,2.109
Kraft Paper,Action Figure Pack,Toys,6,12.92,10,88.68,0.91,0.532
Aluminum,Board Game Box,Toys,8,25.81,1,95.06,4.0,3.489
PLA Bioplastic,Foam Insert Package,Home Appliances,6,8.23,8,53.79,2.6,1.287
Recycled PET,Spare Parts Box,Automotive,8,27.51,2,94.76,3.12,2.14
Recycled PET,Appliance Carton,Home Appliances,8,16.65,4,85.98,3.25,2.16
Bagasse Fiber,Garment Bag,Textiles,6,8.92,9,77.14,2.15,0.492
Bagasse Fiber,Laptop Box,Electronics,5,10.14,8,84.14,2.31,0.515
Corrugated Cardboard,Appliance Carton,Home Appliances,7,33.26,7,89.9,1.01,0.763
Mushroom Packaging,Protective Cushioning Pack,Furniture,7,12.5,9,70.37,2.06,0.368
Mushroom Packaging,Perfume Bottle,Cosmetics,5,12.43,10,60.83,1.42,0.408
PLA Bioplastic,TV Carton,Electronics,6,8.87,8,55.93,2.16,1.16
PLA Bioplastic,Cement Liner Bag,Construction,8,17.41,8,53.48,1.07,1.265
Glass,Spare Parts Box,Automotive,10,35.29,2,97.57,3.86,1.76
Mushroom Packaging,Syringe Pack,Healthcare,5,17.76,9,64.11,2.45,0.393
Glass,Medical Container,Healthcare,10,35.49,1,99.48,3.15,1.799
Bagasse Fiber,Clothing Box,Textiles,7,14.82,9,77.29,1.8,0.529
Kraft Paper,Protective Box,Home Appliances,6,6.11,9,89.32,0.34,0.57
Kraft Paper,Clothing Box,Textiles,5,7.74,8,91.76,0.34,0.536
Corrugated Cardboard,Cream Jar,Cosmetics,9,34.81,8,90.16,1.73,0.815
Kraft Paper,TV Carton,Electronics,4,12.55,8,94.78,0.73,0.613
Aluminum,Food Tray,Food Packaging,10,29.84,1,96.35,2.88,3.556
Recycled PET,Foam Insert Package,Home Appliances,8,25.89,4,94.65,2.81,2.06
Mushroom Packaging,Makeup Box,Cosmetics,5,12.13,9,65.95,2.97,0.412
Recycled PET,Makeup Box,Cosmetics,9,28.1,4,93.77,2.04,2.23
Mushroom Packaging,Battery Packaging,Automotive,6,13.58,10,79.84,2.63,0.441
Mushroom Packaging,Beverage Bottle,Food Packaging,6,14.58,9,71.1,1.4,0.354
PLA Bioplastic,Assembly Kit Box,Furniture,7,12.26,6,66.96,1.1,1.282
Bagasse Fiber,Garment Bag,Textiles,5,6.1,8,84.37,1.7,0.631
PLA Bioplastic,Electronic Blister Pack,Electronics,9,9.79,8,52.49,2.08,1.212
Mushroom Packaging,Tile Packaging,Construction,6,13.93,9,73.26,2.67,0.232
Recycled PET,Action Figure Pack,Toys,9,24.29,2,93.74,3.32,2.028
Recycled PET,Cosmetic Tube,Cosmetics,9,23.42,3,89.87,3.94,2.017
Aluminum,Protective Box,Home Appliances,10,27.47,2,98.73,4.05,3.523
Recycled PET,Garment Bag,Textiles,10,27.38,4,89.4,2.31,2.059
Aluminum,Tile Packaging,Construction,8,26.51,2,99.01,4.89,3.471
Glass,Electronic Blister Pack,Electronics,9,23.47,2,98.18,3.08,1.791
Glass,Action Figure Pack,Toys,10,27.68,1,95.83,3.76,1.818
Glass,Tablet Blister Pack,Healthcare,10,25.46,1,99.65,2.31,1.802
PLA Bioplastic,Perfume Bottle,Cosmetics,7,18.23,7,59.16,1.05,1.226
Kraft Paper,Oil Container,Automotive,7,5.5,10,89.96,1.46,0.573
Corrugated Cardboard,Medical Container,Healthcare,9,29.14,8,84.79,1.75,0.777
Bagasse Fiber,Hardware Container,Construction,5,6.62,9,74.23,1.98,0.483
Aluminum,Assembly Kit Box,Furniture,9,23.74,2,99.22,3.73,3.447
Recycled PET,Toy Box,Toys,10,15.94,3,90.62,1.93,2.003
Corrugated Cardboard,Oil Container,Automotive,8,18.68,9,86.58,0.73,0.839
Mushroom Packaging,Beverage Bottle,Food Packaging,7,11.93,10,68.38,1.78,0.355
Kraft Paper,Laptop Box,Electronics,4,7.57,10,88.38,0.96,0.558
Recycled PET,Perfume Bottle,Cosmetics,8,17.75,2,86.51,3.29,2.131
Kraft Paper,Cement Liner Bag,Construction,4,13.51,10,87.27,1.09,0.619
Corrugated Cardboard,Fabric Wrap,Textiles,8,27.7,7,87.35,0.92,0.802
Corrugated Cardboard,Board Game Box,Toys,7,14.14,8,81.17,1.93,0.744
Aluminum,Perfume Bottle,Cosmetics,9,24.36,1,97.56,4.71,3.533
Mushroom Packaging,Fabric Wrap,Textiles,7,15.86,10,70.9,2.48,0.442
Bagasse Fiber,Tile Packaging,Construction,6,6.16,8,79.89,1.84,0.482
PLA Bioplastic,Tile Packaging,Construction,6,13.41,7,61.05,1.84,1.218
PLA Bioplastic,Food Tray,Food Packaging,9,11.39,7,59.96,1.5,1.279
Bagasse Fiber,Action Figure Pack,Toys,7,13.4,9,72.93,1.41,0.494
Bagasse Fiber,Clothing Box,Textiles,5,11.71,10,79.64,2.09,0.456
Kraft Paper,Food Tray,Food Packaging,7,11.96,9,94.06,0.32,0.642
Mushroom Packaging,Protective Box,Home Appliances,6,9.41,9,60.67,1.47,0.379
Mushroom Packaging,Pizza Box,Food Packaging,7,11.13,10,77.65,1.31,0.363
Aluminum,Furniture Carton,Furniture,8,34.76,1,98.63,2.62,3.51
Kraft Paper,Foam Insert Package,Home Appliances,6,11.56,10,85.29,1.33,0.57
Kraft Paper,Tile Packaging,Construction,5,8.79,10,86.87,1.14,0.614
Glass,Electronic Blister Pack,Electronics,10,22.21,2,99.11,3.9,1.785
Mushroom Packaging,Laptop Box,Electronics,6,16.19,10,66.7,1.43,0.302
Bagasse Fiber,Clothing Box,Textiles,6,6.91,8,81.1,1.64,0.543
PLA Bioplastic,Foam Insert Package,Home Appliances,6,13.23,7,64.76,1.95,1.192
Bagasse Fiber,Perfume Bottle,Cosmetics,5,12.09,9,79.83,1.09,0.454
Aluminum,Medical Container,Healthcare,10,21.16,1,98.47,3.8,3.525
Glass,TV Carton,Electronics,9,24.25,1,98.8,3.59,1.775
Aluminum,Hardware Container,Construction,8,31.83,1,99.49,4.35,3.572
Glass,Perfume Bottle,Cosmetics,9,20.0,1,97.3,4.54,1.793
Mushroom Packaging,Hardware Container,Construction,6,11.8,10,76.05,1.3,0.351
Corrugated Cardboard,Hardware Container,Construction,9,28.5,8,90.07,1.06,0.827
Aluminum,Protective Cushioning Pack,Furniture,8,24.57,1,97.66,4.38,3.544
Bagasse Fiber,Makeup Box,Cosmetics,6,7.97,8,73.63,1.66,0.454
Bagasse Fiber,Medical Container,Healthcare,5,13.42,8,74.46,2.26,0.505
PLA Bioplastic,Electronic Blister Pack,Electronics,9,18.53,7,67.85,2.32,1.248
Glass,Furniture Carton,Furniture,9,25.71,2,97.91,2.65,1.886
Aluminum,Appliance Carton,Home Appliances,8,20.95,2,98.69,2.71,3.497
Corrugated Cardboard,Laptop Box,Electronics,9,31.71,8,90.55,1.46,0.724
Recycled PET,Medical Container,Healthcare,10,21.46,3,91.02,1.57,2.174
Glass,Clothing Box,Textiles,10,38.96,2,97.96,4.34,1.782
Aluminum,Cosmetic Tube,Cosmetics,10,21.98,2,98.26,5.32,3.487
PLA Bioplastic,Foam Insert Package,Home Appliances,8,19.81,8,58.14,2.15,1.08
Kraft Paper,Toy Box,Toys,4,5.4,9,86.96,0.77,0.589
Recycled PET,Cosmetic Tube,Cosmetics,8,22.75,3,93.54,3.11,1.997
Mushroom Packaging,Tablet Blister Pack,Healthcare,7,16.44,9,71.44,2.25,0.454
Glass,Fabric Wrap,Textiles,10,25.56,2,95.44,4.18,1.771
Mushroom Packaging,Laptop Box,Electronics,5,11.45,9,73.51,3.37,0.378
Recycled PET,Makeup Box,Cosmetics,10,19.12,2,88.9,2.47,2.103
Mushroom Packaging,Cosmetic Tube,Cosmetics,5,15.14,10,74.37,3.41,0.34
Mushroom Packaging,Clothing Box,Textiles,5,14.36,9,74.35,3.28,0.451
Aluminum,Furniture Carton,Furniture,9,23.85,2,96.85,3.09,3.458
Bagasse Fiber,Makeup Box,Cosmetics,5,6.64,9,74.82,0.92,0.39
Kraft Paper,TV Carton,Electronics,6,11.46,9,85.1,0.42,0.659
Glass,Protective Box,Home Appliances,9,32.25,2,95.86,2.07,1.713
Recycled PET,Action Figure Pack,Toys,9,22.95,4,85.12,1.74,2.043
Corrugated Cardboard,Makeup Box,Cosmetics,8,24.43,8,90.92,1.52,0.805
Aluminum,Syringe Pack,Healthcare,8,30.94,1,99.26,2.71,3.492
Recycled PET,Cement Liner Bag,Construction,10,23.14,3,92.89,2.3,2.068
PLA Bioplastic,Protective Box,Home Appliances,9,14.95,6,61.64,2.69,1.109
Corrugated Cardboard,Fabric Wrap,Textiles,7,27.64,7,86.31,0.53,0.765
Aluminum,Appliance Carton,Home Appliances,8,33.35,1,97.59,4.94,3.492
PLA Bioplastic,Protective Box,Home Appliances,8,8.86,7,61.92,1.56,1.222
Mushroom Packaging,Tablet Blister Pack,Healthcare,5,13.31,10,62.81,1.47,0.495
Mushroom Packaging,Oil Container,Automotive,7,13.32,9,67.68,2.8,0.377
Mushroom Packaging,Action Figure Pack,Toys,7,9.6,10,69.76,2.65,0.358
Kraft Paper,Clothing Box,Textiles,4,8.7,8,89.74,1.35,0.578
Bagasse Fiber,Board Game Box,Toys,5,14.86,8,70.46,2.05,0.446
Recycled PET,Toy Box,Toys,8,23.31,3,86.68,3.51,2.116
Aluminum,Battery Packaging,Automotive,10,25.34,2,95.29,3.35,3.461
Aluminum,Battery Packaging,Automotive,10,22.48,1,95.7,3.03,3.469
Aluminum,Perfume Bottle,Cosmetics,9,27.33,1,96.5,4.75,3.536
Mushroom Packaging,Toy Box,Toys,6,12.61,9,67.9,3.06,0.443
Recycled PET,Spare Parts Box,Automotive,9,18.42,4,90.33,3.98,2.113
Glass,Toy Box,Toys,9,30.99,1,98.97,3.65,1.823
Glass,Hardware Container,Construction,10,38.88,1,95.47,3.49,1.801
Aluminum,Tile Packaging,Construction,10,25.63,2,97.61,4.83,3.533
Aluminum,Beverage Bottle,Food Packaging,10,27.67,1,99.47,3.52,3.568
Aluminum,Protective Box,Home Appliances,10,28.87,1,99.78,5.29,3.458
Bagasse Fiber,Electronic Blister Pack,Electronics,5,9.95,8,74.68,2.26,0.449
Recycled PET,Makeup Box,Cosmetics,8,29.57,2,94.26,2.57,2.06
Recycled PET,Foam Insert Package,Home Appliances,9,25.84,3,91.44,3.38,2.212
Mushroom Packaging,Appliance Carton,Home Appliances,7,10.11,9,75.87,2.94,0.423
Kraft Paper,Makeup Box,Cosmetics,7,14.95,10,85.69,0.42,0.66
Recycled PET,Takeaway Container,Food Packaging,8,26.49,4,91.14,3.76,2.028
Corrugated Cardboard,Beverage Bottle,Food Packaging,7,11.94,8,86.92,1.26,0.905
Recycled PET,Appliance Carton,Home Appliances,10,22.84,3,85.77,3.57,2.139
Kraft Paper,Protective Cushioning Pack,Furniture,7,12.07,9,87.95,0.68,0.592
PLA Bioplastic,Protective Box,Home Appliances,9,11.51,7,55.32,2.79,1.165
Aluminum,Toy Box,Toys,8,32.63,1,98.02,3.67,3.504
Corrugated Cardboard,Battery Packaging,Automotive,6,13.07,7,88.64,0.52,0.801
Bagasse Fiber,Garment Bag,Textiles,6,6.65,9,82.34,2.34,0.54
Glass,Beverage Bottle,Food Packaging,10,30.4,1,99.58,2.37,1.751
Bagasse Fiber,Food Tray,Food Packaging,7,7.43,9,70.81,1.34,0.517
Corrugated Cardboard,Syringe Pack,Healthcare,8,14.73,7,80.56,1.93,0.753
Corrugated Cardboard,Board Game Box,Toys,8,24.58,7,80.99,1.93,0.824
PLA Bioplastic,Laptop Box,Electronics,8,14.78,7,56.27,2.15,1.191
Aluminum,Tile Packaging,Construction,10,26.51,1,98.38,4.4,3.53
Aluminum,Tablet Blister Pack,Healthcare,9,28.47,2,98.16,3.85,3.492
Kraft Paper,Beverage Bottle,Food Packaging,6,6.67,8,87.78,0.65,0.592
Aluminum,Medical Container,Healthcare,8,24.47,1,97.38,3.49,3.51
Recycled PET,Cosmetic Tube,Cosmetics,9,16.57,3,89.33,3.18,2.1
PLA Bioplastic,Foam Insert Package,Home Appliances,9,8.03,8,65.35,2.5,1.23
Recycled PET,Appliance Carton,Home Appliances,10,25.79,2,93.8,3.48,2.081
Recycled PET,Medical Container,Healthcare,10,24.12,3,88.95,3.47,2.205
Bagasse Fiber,Beverage Bottle,Food Packaging,6,12.63,9,80.7,0.96,0.441
Bagasse Fiber,Toy Box,Toys,5,8.59,10,80.0,1.64,0.582
Glass,Tablet Blister Pack,Healthcare,10,30.88,1,95.1,2.23,1.724
Kraft Paper,Tile Packaging,Construction,6,9.93,10,88.3,0.96,0.543
PLA Bioplastic,Toy Box,Toys,6,19.56,7,65.48,1.88,1.141
Bagasse Fiber,Medical Container,Healthcare,6,13.71,9,70.25,2.31,0.556
Recycled PET,Mobile Box,Electronics,9,21.53,2,87.23,2.38,2.162
Bagasse Fiber,Mobile Box,Electronics,7,11.97,8,84.61,1.0,0.459
Mushroom Packaging,Perfume Bottle,Cosmetics,7,16.3,9,67.96,1.53,0.389
Recycled PET,Cement Liner Bag,Construction,8,29.06,3,89.84,3.4,2.174
Bagasse Fiber,Protective Cushioning Pack,Furniture,6,14.91,10,71.13,1.85,0.527
PLA Bioplastic,Laptop Box,Electronics,7,10.35,7,67.92,1.2,1.203
PLA Bioplastic,Mobile Box,Electronics,6,11.31,6,57.76,1.17,1.225
Aluminum,Medicine Box,Healthcare,9,24.36,2,97.69,4.6,3.557
Kraft Paper,Mobile Box,Electronics,5,6.47,8,85.45,0.39,0.521
Glass,Tablet Blister Pack,Healthcare,9,35.22,2,97.5,5.29,1.799
Recycled PET,Oil Container,Automotive,9,19.12,3,86.8,3.27,2.114
Glass,Cream Jar,Cosmetics,9,29.63,1,95.25,2.33,1.878
Mushroom Packaging,Medicine Box,Healthcare,7,15.93,9,62.18,1.4,0.481
Bagasse Fiber,Cement Liner Bag,Construction,7,14.83,8,73.29,2.48,0.445
Kraft Paper,Spare Parts Box,Automotive,6,6.76,9,86.9,0.75,0.608
PLA Bioplastic,Perfume Bottle,Cosmetics,6,19.32,8,57.9,1.74,1.202
Aluminum,Foam Insert Package,Home Appliances,8,32.81,2,98.2,4.94,3.452
PLA Bioplastic,Furniture Carton,Furniture,9,14.78,7,67.1,2.89,1.242
Kraft Paper,Laptop Box,Electronics,7,8.57,9,90.15,1.48,0.576
PLA Bioplastic,Toy Box,Toys,6,12.83,6,50.01,2.51,1.223
Glass,Hardware Container,Construction,10,39.8,2,96.96,3.51,1.768
PLA Bioplastic,Oil Container,Automotive,8,19.41,8,55.51,1.17,1.266
Recycled PET,Tablet Blister Pack,Healthcare,8,23.46,4,94.02,3.44,2.156
Bagasse Fiber,Clothing Box,Textiles,7,10.55,10,81.28,1.75,0.486
Corrugated Cardboard,Oil Container,Automotive,6,13.7,7,88.63,1.14,0.782
Recycled PET,Beverage Bottle,Food Packaging,10,19.9,4,87.82,3.77,2.027
Aluminum,Assembly Kit Box,Furniture,10,32.69,1,97.38,2.83,3.571
Recycled PET,Appliance Carton,Home Appliances,8,19.44,4,85.33,2.73,2.08
Bagasse Fiber,TV Carton,Electronics,6,14.47,8,82.4,0.82,0.455
Recycled PET,Tile Packaging,Construction,9,27.37,3,93.76,2.67,2.096
Mushroom Packaging,Furniture Carton,Furniture,7,17.31,9,60.0,1.33,0.417
Glass,Electronic Blister Pack,Electronics,10,21.09,2,96.0,2.48,1.776
Recycled PET,Protective Cushioning Pack,Furniture,8,21.56,4,91.41,1.79,2.155
Recycled PET,Laptop Box,Electronics,10,24.14,3,88.25,3.12,2.055
PLA Bioplastic,Electronic Blister Pack,Electronics,8,10.18,7,65.25,2.49,1.131
Mushroom Packaging,Toy Box,Toys,5,11.81,9,70.89,2.54,0.377
Kraft Paper,Fabric Wrap,Textiles,6,10.18,8,87.97,1.45,0.633
Recycled PET,TV Carton,Electronics,8,16.54,2,92.08,2.44,2.025
Corrugated Cardboard,Cosmetic Tube,Cosmetics,6,21.22,8,85.54,0.93,0.854
Aluminum,Syringe Pack,Healthcare,9,30.93,2,96.72,5.11,3.55
Corrugated Cardboard,Protective Box,Home Appliances,6,13.55,8,88.72,0.84,0.822
Corrugated Cardboard,Furniture Carton,Furniture,8,22.06,8,80.19,1.94,0.839
Mushroom Packaging,Cement Liner Bag,Construction,6,15.04,10,74.12,1.23,0.403
Mushroom Packaging,Medicine Box,Healthcare,7,12.3,9,74.37,3.43,0.546
Mushroom Packaging,Toy Box,Toys,6,13.53,10,76.18,1.3,0.421
Kraft Paper,Cement Liner Bag,Construction,7,13.16,8,92.97,1.37,0.585
Mushroom Packaging,Protective Cushioning Pack,Furniture,7,13.72,10,64.95,2.41,0.401
Corrugated Cardboard,Takeaway Container,Food Packaging,6,10.49,7,83.68,1.99,0.805
Corrugated Cardboard,Tablet Blister Pack,Healthcare,6,28.32,8,84.27,0.61,0.728
PLA Bioplastic,Appliance Carton,Home Appliances,7,11.99,7,54.11,2.11,1.23
Recycled PET,Furniture Carton,Furniture,9,26.0,4,92.51,3.92,2.082
Recycled PET,Takeaway Container,Food Packaging,9,29.12,2,94.8,2.81,2.034
Recycled PET,Garment Bag,Textiles,9,17.69,3,90.55,3.07,2.119
Bagasse Fiber,Foam Insert Package,Home Appliances,5,7.84,8,75.96,1.98,0.502
Kraft Paper,Cream Jar,Cosmetics,4,12.4,9,94.69,0.85,0.647
PLA Bioplastic,Assembly Kit Box,Furniture,6,19.11,8,58.61,2.26,1.136
Bagasse Fiber,Cement Liner Bag,Construction,7,11.84,9,75.6,1.79,0.569
Corrugated Cardboard,Clothing Box,Textiles,9,25.25,7,86.31,1.85,0.848
Bagasse Fiber,Appliance Carton,Home Appliances,5,7.05,8,73.04,0.88,0.528
Glass,Board Game Box,Toys,9,21.01,1,95.08,3.12,1.817
Corrugated Cardboard,Cement Liner Bag,Construction,6,21.26,7,87.41,1.93,0.836
Corrugated Cardboard,Board Game Box,Toys,7,10.21,8,83.92,1.84,0.755
Recycled PET,Cement Liner Bag,Construction,10,27.11,4,92.23,2.64,2.078
Mushroom Packaging,Fabric Wrap,Textiles,5,13.47,9,64.84,2.63,0.32
Mushroom Packaging,Hardware Container,Construction,7,9.99,9,60.32,1.84,0.396
Recycled PET,Protective Box,Home Appliances,9,25.99,3,90.97,1.97,2.088
Mushroom Packaging,Foam Insert Package,Home Appliances,7,16.38,10,65.67,2.27,0.393
PLA Bioplastic,Food Tray,Food Packaging,7,14.16,8,64.76,1.71,1.08
Glass,Beverage Bottle,Food Packaging,10,28.55,1,96.34,4.33,1.854
Recycled PET,Tablet Blister Pack,Healthcare,8,15.53,4,89.54,1.69,2.218
PLA Bioplastic,Fabric Wrap,Textiles,9,18.0,7,51.28,2.95,1.227
Glass,Protective Box,Home Appliances,10,28.88,1,96.01,5.94,1.809
Recycled PET,Action Figure Pack,Toys,10,22.37,4,85.11,3.25,2.149
Glass,Laptop Box,Electronics,10,22.24,1,95.35,4.14,1.75
Kraft Paper,Clothing Box,Textiles,6,12.21,10,87.89,0.67,0.565
Mushroom Packaging,Cement Liner Bag,Construction,6,13.36,9,74.85,3.07,0.416
Recycled PET,Clothing Box,Textiles,10,18.24,4,88.54,3.21,2.094
Aluminum,Garment Bag,Textiles,8,24.78,1,96.96,2.99,3.516
PLA Bioplastic,Perfume Bottle,Cosmetics,8,10.33,7,56.9,2.82,1.214
Corrugated Cardboard,Cream Jar,Cosmetics,8,25.26,7,85.51,1.73,0.811
Mushroom Packaging,Furniture Carton,Furniture,6,11.85,10,63.23,3.38,0.406
Corrugated Cardboard,Tablet Blister Pack,Healthcare,7,14.14,8,90.58,1.59,0.887
Aluminum,Garment Bag,Textiles,10,23.34,1,95.83,4.34,3.467
PLA Bioplastic,Action Figure Pack,Toys,7,10.63,8,61.14,1.84,1.149
Corrugated Cardboard,Tablet Blister Pack,Healthcare,8,26.97,9,83.93,1.9,0.762
Kraft Paper,Toy Box,Toys,4,10.33,8,91.97,1.34,0.632
Recycled PET,Spare Parts Box,Automotive,10,17.14,3,92.65,1.61,2.049
Kraft Paper,Makeup Box,Cosmetics,4,14.51,8,85.18,0.33,0.602
Corrugated Cardboard,Syringe Pack,Healthcare,8,21.86,9,88.58,1.06,0.787
Bagasse Fiber,Mobile Box,Electronics,5,10.82,8,76.98,2.18,0.518
PLA Bioplastic,Toy Box,Toys,9,12.0,6,66.41,2.97,1.252
Aluminum,Laptop Box,Electronics,10,20.2,2,96.94,2.95,3.656
PLA Bioplastic,Food Tray,Food Packaging,9,10.44,7,64.86,2.19,1.133
Corrugated Cardboard,Hardware Container,Construction,6,21.26,7,89.65,1.07,0.796
PLA Bioplastic,Hardware Container,Construction,7,11.85,8,62.17,2.94,1.208
Bagasse Fiber,Protective Cushioning Pack,Furniture,7,9.33,10,79.85,2.23,0.486
Mushroom Packaging,Foam Insert Package,Home Appliances,5,11.73,9,70.97,3.13,0.43
Mushroom Packaging,Electronic Blister Pack,Electronics,5,13.84,9,70.42,2.28,0.433
Bagasse Fiber,Protective Cushioning Pack,Furniture,5,6.13,10,72.55,1.51,0.57
Bagasse Fiber,TV Carton,Electronics,6,12.75,8,73.87,1.26,0.535
Mushroom Packaging,Perfume Bottle,Cosmetics,6,16.89,9,66.14,1.33,0.479
Corrugated Cardboard,Action Figure Pack,Toys,9,24.99,8,85.1,1.8,0.813
Aluminum,Fabric Wrap,Textiles,8,28.77,2,98.3,4.94,3.558
Glass,Medical Container,Healthcare,10,30.67,1,99.7,6.0,1.779
Recycled PET,Tablet Blister Pack,Healthcare,8,25.42,2,85.63,3.99,2.152
Aluminum,Battery Packaging,Automotive,10,34.75,2,95.44,4.17,3.525
Bagasse Fiber,Spare Parts Box,Automotive,5,10.18,9,70.58,2.11,0.517
Corrugated Cardboard,Foam Insert Package,Home Appliances,9,15.03,9,90.81,1.92,0.722
Glass,Pizza Box,Food Packaging,10,36.9,1,99.84,5.4,1.83
Recycled PET,Cement Liner Bag,Construction,10,27.02,2,93.58,2.12,2.145
Aluminum,Makeup Box,Cosmetics,8,24.77,1,98.92,3.85,3.498
Glass,Battery Packaging,Automotive,10,20.34,2,98.12,2.52,1.793
Aluminum,Cement Liner Bag,Construction,10,20.08,1,97.93,5.36,3.548
Recycled PET,Electronic Blister Pack,Electronics,8,26.35,4,91.76,3.02,2.117
Mushroom Packaging,Electronic Blister Pack,Electronics,7,16.68,9,70.55,1.73,0.39
Recycled PET,Battery Packaging,Automotive,9,24.74,2,89.61,3.18,2.128
Glass,Toy Box,Toys,9,38.98,1,96.87,4.47,1.859
Recycled PET,Assembly Kit Box,Furniture,8,15.82,4,91.97,2.4,2.159
Kraft Paper,Mobile Box,Electronics,5,6.56,10,92.05,0.44,0.54
Aluminum,Board Game Box,Toys,8,32.56,2,95.3,4.51,3.519
Aluminum,Appliance Carton,Home Appliances,10,30.49,2,99.55,4.06,3.595
Glass,Food Tray,Food Packaging,9,23.07,1,99.17,5.09,1.777
Kraft Paper,Foam Insert Package,Home Appliances,6,10.93,10,91.07,0.92,0.56
Mushroom Packaging,Cement Liner Bag,Construction,6,14.59,9,70.03,3.16,0.393
PLA Bioplastic,Takeaway Container,Food Packaging,6,17.6,8,54.32,2.1,1.187
Aluminum,Syringe Pack,Healthcare,10,29.28,1,99.24,4.18,3.484
Recycled PET,Cement Liner Bag,Construction,10,20.94,2,85.71,3.69,2.09
PLA Bioplastic,Garment Bag,Textiles,9,8.66,7,51.5,1.81,1.163
Recycled PET,Battery Packaging,Automotive,9,17.49,4,87.99,1.84,2.069
Kraft Paper,Takeaway Container,Food Packaging,6,8.66,8,88.02,0.33,0.653
Kraft Paper,Hardware Container,Construction,5,13.98,9,86.55,1.21,0.644
Kraft Paper,Protective Cushioning Pack,Furniture,6,8.02,9,93.04,1.04,0.581
Kraft Paper,Oil Container,Automotive,7,8.04,10,94.84,1.14,0.592
Aluminum,Clothing Box,Textiles,9,24.23,2,97.29,3.14,3.552
Kraft Paper,Electronic Blister Pack,Electronics,6,14.92,8,90.38,0.46,0.579
Corrugated Cardboard,Furniture Carton,Furniture,9,32.24,8,82.34,0.52,0.84
Mushroom Packaging,Appliance Carton,Home Appliances,5,12.93,10,62.34,2.01,0.455
Aluminum,Protective Box,Home Appliances,10,31.44,2,99.52,4.27,3.565
Recycled PET,Medicine Box,Healthcare,9,23.52,2,89.03,2.48,2.155
Recycled PET,Furniture Carton,Furniture,10,17.12,3,93.55,2.59,2.102
PLA Bioplastic,Oil Container,Automotive,9,13.89,7,68.54,2.81,1.173
Mushroom Packaging,Beverage Bottle,Food Packaging,6,9.43,10,65.06,2.0,0.442
Mushroom Packaging,Fabric Wrap,Textiles,7,11.37,9,63.5,2.38,0.42
Corrugated Cardboard,TV Carton,Electronics,8,15.46,8,86.26,1.68,0.823
Recycled PET,Toy Box,Toys,10,24.0,2,86.52,2.49,2.168
Aluminum,Medicine Box,Healthcare,8,21.41,2,96.19,4.37,3.534
Mushroom Packaging,Protective Cushioning Pack,Furniture,7,10.38,9,72.31,3.18,0.437
Aluminum,Board Game Box,Toys,8,30.56,1,98.85,5.35,3.55
PLA Bioplastic,Appliance Carton,Home Appliances,6,17.15,8,63.4,1.29,1.139
Bagasse Fiber,Tile Packaging,Construction,7,7.11,9,78.27,2.38,0.533
Glass,Hardware Container,Construction,9,23.21,1,96.68,3.97,1.761
Glass,Medicine Box,Healthcare,9,32.17,2,99.61,3.03,1.835
Mushroom Packaging,Syringe Pack,Healthcare,6,11.92,9,64.22,2.26,0.496
Recycled PET,Clothing Box,Textiles,8,27.53,3,88.66,3.95,2.143
Recycled PET,Toy Box,Toys,10,22.87,2,87.93,2.73,2.069
Kraft Paper,Battery Packaging,Automotive,6,5.41,10,87.65,0.69,0.518
PLA Bioplastic,Tablet Blister Pack,Healthcare,9,11.81,7,60.13,2.27,1.269
Corrugated Cardboard,Board Game Box,Toys,8,18.49,7,80.12,0.86,0.883
Bagasse Fiber,Medicine Box,Healthcare,7,9.92,10,71.18,0.93,0.446
Kraft Paper,Tablet Blister Pack,Healthcare,7,13.35,10,94.85,0.45,0.536
Kraft Paper,Takeaway Container,Food Packaging,7,6.98,10,94.68,0.45,0.545
Kraft Paper,TV Carton,Electronics,6,7.47,9,85.6,0.48,0.615
Bagasse Fiber,Mobile Box,Electronics,6,7.59,8,82.97,1.04,0.49
Kraft Paper,Fabric Wrap,Textiles,6,13.85,10,87.95,1.07,0.674
Glass,Furniture Carton,Furniture,9,34.59,1,99.15,2.73,1.758
Glass,Toy Box,Toys,9,30.63,2,98.41,3.38,1.706
Glass,Garment Bag,Textiles,10,34.68,1,96.72,5.59,1.846
Kraft Paper,Assembly Kit Box,Furniture,4,13.21,9,90.23,0.87,0.605
Kraft Paper,Cosmetic Tube,Cosmetics,5,8.27,8,92.8,1.1,0.591
Recycled PET,Clothing Box,Textiles,10,20.42,4,94.81,1.93,2.085
PLA Bioplastic,Spare Parts Box,Automotive,9,17.4,8,52.07,1.38,1.221
PLA Bioplastic,Clothing Box,Textiles,9,11.56,6,54.92,1.08,1.304
Corrugated Cardboard,Garment Bag,Textiles,8,34.24,7,81.39,0.75,0.771
Corrugated Cardboard,Electronic Blister Pack,Electronics,8,15.46,7,87.37,0.92,0.779
Aluminum,Medicine Box,Healthcare,9,25.39,1,99.48,3.03,3.487
Aluminum,Food Tray,Food Packaging,8,24.92,2,95.78,2.77,3.507
Mushroom Packaging,Toy Box,Toys,6,17.13,9,76.17,1.48,0.372
PLA Bioplastic,Toy Box,Toys,6,13.51,6,54.08,1.92,1.135
Glass,Toy Box,Toys,10,33.68,1,96.56,2.83,1.832
PLA Bioplastic,Board Game Box,Toys,9,15.43,6,68.56,1.73,1.207
Aluminum,Assembly Kit Box,Furniture,10,31.6,1,96.77,4.01,3.471
Mushroom Packaging,Cement Liner Bag,Construction,6,16.34,10,66.39,2.79,0.411
PLA Bioplastic,Syringe Pack,Healthcare,7,9.27,6,55.56,1.08,1.317
Mushroom Packaging,Cement Liner Bag,Construction,6,9.56,10,63.36,3.04,0.498
PLA Bioplastic,Protective Box,Home Appliances,7,11.81,8,68.69,2.26,1.218
Kraft Paper,Makeup Box,Cosmetics,4,11.3,10,85.91,0.4,0.587
Kraft Paper,Board Game Box,Toys,4,12.81,10,86.46,1.35,0.639
Glass,Oil Container,Automotive,10,36.89,2,95.54,5.68,1.828
Mushroom Packaging,Protective Cushioning Pack,Furniture,6,16.44,10,78.03,1.34,0.314
Aluminum,Action Figure Pack,Toys,10,32.43,1,99.89,3.33,3.518
Bagasse Fiber,Cement Liner Bag,Construction,5,12.56,8,76.61,2.17,0.514
Glass,Medical Container,Healthcare,10,32.39,1,99.95,4.99,1.815
Bagasse Fiber,Perfume Bottle,Cosmetics,7,10.14,9,73.34,1.11,0.522
Glass,Cement Liner Bag,Construction,9,23.2,1,97.83,2.84,1.742
Glass,Mobile Box,Electronics,10,21.68,2,95.26,3.48,1.854
Mushroom Packaging,Cosmetic Tube,Cosmetics,6,8.77,9,60.47,2.31,0.372
Recycled PET,Oil Container,Automotive,10,17.03,3,85.39,3.05,2.07
Kraft Paper,Syringe Pack,Healthcare,6,5.29,9,94.47,0.74,0.595
PLA Bioplastic,Electronic Blister Pack,Electronics,8,10.97,7,69.48,1.93,1.113
PLA Bioplastic,Foam Insert Package,Home Appliances,8,16.51,8,65.03,2.49,1.275
Aluminum,Protective Cushioning Pack,Furniture,8,32.49,1,96.3,2.61,3.465
Kraft Paper,Pizza Box,Food Packaging,7,6.93,9,88.37,0.6,0.547
Aluminum,Oil Container,Automotive,9,31.29,1,98.64,4.64,3.518
Glass,Cement Liner Bag,Construction,10,23.23,2,96.04,5.58,1.826
Aluminum,Battery Packaging,Automotive,8,22.24,2,95.63,4.04,3.448
Glass,Appliance Carton,Home Appliances,10,31.7,1,98.49,4.13,1.713
Bagasse Fiber,Toy Box,Toys,6,9.04,10,76.17,0.98,0.45
Aluminum,Action Figure Pack,Toys,8,22.12,2,99.12,3.84,3.462
Bagasse Fiber,Appliance Carton,Home Appliances,7,12.64,8,71.76,1.71,0.512
Aluminum,Garment Bag,Textiles,10,28.67,1,98.19,3.23,3.352
PLA Bioplastic,Oil Container,Automotive,9,13.36,7,67.01,1.54,1.236
Aluminum,Furniture Carton,Furniture,10,24.18,1,97.78,3.63,3.406
Kraft Paper,Cement Liner Bag,Construction,6,13.18,10,86.95,0.32,0.557
Aluminum,Oil Container,Automotive,9,29.04,2,95.51,3.47,3.338
Mushroom Packaging,Fabric Wrap,Textiles,6,14.74,9,66.48,1.69,0.434
Glass,Pizza Box,Food Packaging,10,25.02,2,95.65,3.31,1.797
Bagasse Fiber,Toy Box,Toys,6,6.4,8,71.9,1.0,0.42
Kraft Paper,Clothing Box,Textiles,7,13.07,10,91.31,1.37,0.685
Bagasse Fiber,Syringe Pack,Healthcare,6,8.66,10,82.09,1.81,0.479
Aluminum,Spare Parts Box,Automotive,8,21.04,2,99.2,4.54,3.563
Kraft Paper,Food Tray,Food Packaging,7,13.63,9,87.93,1.25,0.622
Mushroom Packaging,Hardware Container,Construction,5,16.38,10,78.92,2.35,0.363
Mushroom Packaging,Makeup Box,Cosmetics,5,10.72,9,62.56,1.4,0.389
Glass,Assembly Kit Box,Furniture,10,33.69,1,98.33,4.15,1.827
Mushroom Packaging,Protective Cushioning Pack,Furniture,7,8.94,9,66.37,2.55,0.396
Mushroom Packaging,Cement Liner Bag,Construction,7,10.99,9,60.0,2.91,0.241
Bagasse Fiber,Perfume Bottle,Cosmetics,7,7.33,9,84.36,1.53,0.559
Corrugated Cardboard,Perfume Bottle,Cosmetics,6,12.13,7,84.61,0.69,0.807
Recycled PET,Appliance Carton,Home Appliances,10,18.6,4,85.81,2.21,2.043
Glass,Assembly Kit Box,Furniture,10,28.09,2,99.37,3.45,1.797
Glass,Cosmetic Tube,Cosmetics,9,36.25,2,97.45,4.58,1.701
Mushroom Packaging,Tile Packaging,Construction,5,14.95,9,72.65,2.51,0.387
PLA Bioplastic,Perfume Bottle,Cosmetics,9,16.32,6,58.52,1.71,1.239
PLA Bioplastic,Cream Jar,Cosmetics,6,17.36,6,50.51,2.97,1.169
Recycled PET,Action Figure Pack,Toys,8,27.75,4,90.24,3.01,2.114
Aluminum,Cream Jar,Cosmetics,10,24.17,1,95.43,3.21,3.425
Aluminum,Cosmetic Tube,Cosmetics,10,28.78,1,97.62,2.81,3.519
Glass,Cosmetic Tube,Cosmetics,10,31.97,1,98.07,2.61,1.791
Mushroom Packaging,Syringe Pack,Healthcare,7,9.36,9,69.32,1.77,0.47
Kraft Paper,Electronic Blister Pack,Electronics,5,10.56,10,94.42,0.49,0.533
Recycled PET,Oil Container,Automotive,8,29.63,2,91.76,1.97,2.049
Glass,Syringe Pack,Healthcare,10,28.25,2,97.75,3.14,1.862
Bagasse Fiber,Protective Cushioning Pack,Furniture,7,14.72,9,71.15,1.09,0.493
Bagasse Fiber,Cream Jar,Cosmetics,5,6.96,9,75.32,2.32,0.567
PLA Bioplastic,Pizza Box,Food Packaging,7,12.65,8,57.94,1.16,1.159
Kraft Paper,Furniture Carton,Furniture,6,11.49,9,86.98,0.93,0.711
Corrugated Cardboard,Garment Bag,Textiles,8,23.13,8,81.52,1.12,0.716
Bagasse Fiber,Oil Container,Automotive,5,11.58,9,70.88,2.47,0.449
Glass,Syringe Pack,Healthcare,10,37.44,1,96.48,2.45,1.784
PLA Bioplastic,Cement Liner Bag,Construction,8,15.11,6,57.93,1.8,1.174
PLA Bioplastic,Makeup Box,Cosmetics,8,12.46,6,66.57,2.94,1.225
Kraft Paper,Action Figure Pack,Toys,7,14.16,9,88.07,1.34,0.674
Corrugated Cardboard,Furniture Carton,Furniture,8,31.88,9,87.24,1.73,0.751
PLA Bioplastic,Food Tray,Food Packaging,6,13.07,7,68.72,1.52,1.119
Corrugated Cardboard,Mobile Box,Electronics,7,30.24,8,90.49,0.76,0.723
Corrugated Cardboard,Furniture Carton,Furniture,8,13.3,9,87.32,1.5,0.858
Bagasse Fiber,Furniture Carton,Furniture,6,7.14,10,73.24,2.38,0.488
PLA Bioplastic,Medical Container,Healthcare,8,17.85,8,61.76,2.11,1.24
Recycled PET,Tablet Blister Pack,Healthcare,9,18.27,4,90.99,2.93,2.162
Mushroom Packaging,Assembly Kit Box,Furniture,7,13.41,10,68.3,1.84,0.429
Corrugated Cardboard,Makeup Box,Cosmetics,6,10.53,8,89.16,1.65,0.807
Aluminum,Fabric Wrap,Textiles,9,21.2,1,95.06,3.06,3.469
Kraft Paper,Makeup Box,Cosmetics,7,7.44,10,90.12,0.69,0.594
Mushroom Packaging,Makeup Box,Cosmetics,7,9.94,9,70.11,2.18,0.372
Recycled PET,Battery Packaging,Automotive,10,22.81,4,94.6,2.77,2.108
Aluminum,TV Carton,Electronics,10,20.66,1,99.51,3.23,3.551
Bagasse Fiber,Medicine Box,Healthcare,5,8.97,9,84.05,1.0,0.397
Bagasse Fiber,Laptop Box,Electronics,6,12.81,9,73.69,1.84,0.403
PLA Bioplastic,TV Carton,Electronics,7,16.21,8,63.45,1.58,1.187
PLA Bioplastic,Electronic Blister Pack,Electronics,9,12.93,8,58.27,2.16,1.175
Bagasse Fiber,Hardware Container,Construction,6,14.9,10,84.45,1.06,0.503
Recycled PET,Protective Cushioning Pack,Furniture,8,17.54,3,91.18,2.7,2.125
Kraft Paper,Foam Insert Package,Home Appliances,6,6.12,10,92.82,0.94,0.555
Recycled PET,Makeup Box,Cosmetics,9,28.11,3,92.3,1.63,2.034
Corrugated Cardboard,Pizza Box,Food Packaging,8,28.49,8,84.01,1.0,0.825
Corrugated Cardboard,Assembly Kit Box,Furniture,8,23.05,7,82.17,0.7,0.773
PLA Bioplastic,Oil Container,Automotive,7,15.83,7,69.93,1.13,1.225
Recycled PET,Cosmetic Tube,Cosmetics,9,15.17,4,94.49,3.97,1.975
Mushroom Packaging,Oil Container,Automotive,5,17.92,9,74.62,1.94,0.332
Recycled PET,Protective Cushioning Pack,Furniture,10,20.25,4,86.61,3.52,2.05
Aluminum,TV Carton,Electronics,10,28.55,2,95.22,3.26,3.491
Corrugated Cardboard,Action Figure Pack,Toys,6,24.18,9,82.35,1.52,0.717
Recycled PET,Takeaway Container,Food Packaging,8,21.61,2,88.19,3.4,2.054
PLA Bioplastic,Mobile Box,Electronics,6,10.91,7,50.48,2.19,1.228
Aluminum,Protective Box,Home Appliances,8,27.07,2,96.27,3.91,3.456
Corrugated Cardboard,Medical Container,Healthcare,6,22.36,8,86.93,1.12,0.784
Kraft Paper,Electronic Blister Pack,Electronics,4,13.1,10,87.56,0.72,0.523
Corrugated Cardboard,Fabric Wrap,Textiles,7,14.53,9,84.62,1.89,0.842
Recycled PET,Laptop Box,Electronics,9,23.84,3,85.88,3.58,2.064
Glass,Garment Bag,Textiles,9,24.28,2,95.07,5.86,1.81
Aluminum,TV Carton,Electronics,10,32.95,1,97.82,2.87,3.495
Kraft Paper,Protective Box,Home Appliances,4,14.32,9,92.36,1.18,0.65
PLA Bioplastic,Electronic Blister Pack,Electronics,9,11.84,6,57.13,2.88,1.18
Bagasse Fiber,Pizza Box,Food Packaging,7,8.81,10,79.31,1.11,0.432
Aluminum,Furniture Carton,Furniture,8,24.55,1,95.27,2.7,3.478
Recycled PET,Appliance Carton,Home Appliances,9,23.63,3,92.26,3.35,2.055
PLA Bioplastic,Cream Jar,Cosmetics,7,10.48,6,55.38,2.15,1.175
Bagasse Fiber,Pizza Box,Food Packaging,7,12.76,10,81.48,2.23,0.429
Glass,Syringe Pack,Healthcare,10,27.53,1,96.34,2.56,1.808
Kraft Paper,Cosmetic Tube,Cosmetics,7,11.0,10,93.75,1.25,0.606
Kraft Paper,Assembly Kit Box,Furniture,5,7.74,9,91.83,0.54,0.617
Corrugated Cardboard,TV Carton,Electronics,7,26.14,8,82.92,0.75,0.807
PLA Bioplastic,Protective Box,Home Appliances,7,8.06,8,63.25,1.33,1.194
Bagasse Fiber,Beverage Bottle,Food Packaging,6,13.73,8,84.8,2.18,0.517
Glass,Takeaway Container,Food Packaging,10,32.5,1,99.25,4.66,1.79
PLA Bioplastic,Furniture Carton,Furniture,8,16.12,6,53.78,2.05,1.29
Corrugated Cardboard,Hardware Container,Construction,8,25.11,9,88.47,1.04,0.762
Mushroom Packaging,Medical Container,Healthcare,7,14.12,10,77.73,3.22,0.28
Aluminum,Action Figure Pack,Toys,9,29.47,2,99.32,3.68,3.548
Mushroom Packaging,Appliance Carton,Home Appliances,6,17.12,9,79.52,3.08,0.473
Kraft Paper,Laptop Box,Electronics,5,9.41,8,88.97,0.83,0.566
Recycled PET,Appliance Carton,Home Appliances,9,28.04,3,89.15,2.44,2.094
Recycled PET,Spare Parts Box,Automotive,9,17.94,3,89.58,2.66,2.05
Kraft Paper,Fabric Wrap,Textiles,7,10.13,9,92.46,0.66,0.691
Corrugated Cardboard,Syringe Pack,Healthcare,6,16.49,9,80.0,1.62,0.73
Mushroom Packaging,Tile Packaging,Construction,6,15.42,9,75.06,2.36,0.38
Aluminum,Tablet Blister Pack,Healthcare,8,23.48,1,96.74,3.2,3.502
Kraft Paper,Medical Container,Healthcare,4,12.49,9,86.08,1.38,0.548
Kraft Paper,Protective Box,Home Appliances,5,7.75,8,88.41,0.76,0.663
Aluminum,Battery Packaging,Automotive,8,27.63,1,98.87,4.13,3.478
Glass,Action Figure Pack,Toys,10,30.7,2,99.93,5.63,1.799
Glass,Food Tray,Food Packaging,10,30.77,2,96.99,4.5,1.815
Recycled PET,Protective Box,Home Appliances,8,23.02,2,88.37,1.79,2.133
Glass,Beverage Bottle,Food Packaging,10,26.16,1,95.69,5.76,1.772
Glass,Assembly Kit Box,Furniture,9,21.23,2,99.38,4.51,1.708
Recycled PET,Tile Packaging,Construction,10,19.95,3,93.4,2.34,2.039
Kraft Paper,Protective Box,Home Appliances,4,8.15,10,86.22,0.47,0.623
PLA Bioplastic,Beverage Bottle,Food Packaging,6,8.85,8,65.22,2.59,1.172
Recycled PET,Medical Container,Healthcare,8,16.78,2,93.54,3.05,2.09
Mushroom Packaging,Food Tray,Food Packaging,5,16.36,10,78.18,2.43,0.411
Aluminum,TV Carton,Electronics,10,22.99,1,99.76,5.18,3.553
Kraft Paper,Assembly Kit Box,Furniture,5,6.94,8,90.03,1.25,0.601
Mushroom Packaging,Board Game Box,Toys,5,14.46,10,75.86,1.55,0.388
Corrugated Cardboard,Toy Box,Toys,8,33.77,7,91.47,0.97,0.753
Aluminum,Clothing Box,Textiles,8,32.79,1,99.91,3.25,3.48
Recycled PET,Protective Cushioning Pack,Furniture,9,26.52,4,86.92,3.36,2.113
Corrugated Cardboard,Appliance Carton,Home Appliances,6,32.94,9,91.09,0.55,0.827
Recycled PET,Laptop Box,Electronics,9,25.07,3,88.56,2.92,2.145
Kraft Paper,Protective Cushioning Pack,Furniture,5,13.14,9,94.68,1.21,0.578
Mushroom Packaging,Fabric Wrap,Textiles,5,13.26,10,76.48,3.22,0.324
Glass,Medical Container,Healthcare,9,36.02,2,97.07,3.37,1.817
Bagasse Fiber,TV Carton,Electronics,6,6.65,9,74.74,2.2,0.383
Recycled PET,Clothing Box,Textiles,10,16.31,2,94.11,1.78,2.073
Bagasse Fiber,Appliance Carton,Home Appliances,6,13.31,8,71.67,2.24,0.487
Mushroom Packaging,Foam Insert Package,Home Appliances,6,15.42,9,61.62,1.49,0.313
Kraft Paper,Tablet Blister Pack,Healthcare,7,8.01,8,88.28,0.78,0.578
Corrugated Cardboard,Mobile Box,Electronics,6,18.47,8,86.95,1.7,0.934
Aluminum,Laptop Box,Electronics,10,26.98,1,99.36,2.95,3.503
Corrugated Cardboard,Garment Bag,Textiles,7,18.55,7,84.22,0.84,0.771
Corrugated Cardboard,Fabric Wrap,Textiles,9,29.05,7,83.75,1.58,0.655
Corrugated Cardboard,Makeup Box,Cosmetics,8,30.82,7,86.54,1.58,0.717
Glass,Pizza Box,Food Packaging,10,28.92,1,97.01,4.56,1.852
Aluminum,Clothing Box,Textiles,9,29.52,2,95.56,4.58,3.443
Kraft Paper,Furniture Carton,Furniture,4,9.83,10,86.06,0.95,0.633
Kraft Paper,Hardware Container,Construction,6,11.13,9,91.81,0.6,0.713
Bagasse Fiber,Clothing Box,Textiles,6,6.2,10,73.64,1.39,0.534
Glass,Furniture Carton,Furniture,10,31.01,2,99.28,2.73,1.895
Bagasse Fiber,Cream Jar,Cosmetics,5,10.64,8,83.46,2.34,0.496
Bagasse Fiber,Board Game Box,Toys,7,11.53,8,82.82,1.79,0.47
Recycled PET,Action Figure Pack,Toys,10,16.26,4,93.48,2.5,1.98
Recycled PET,Cream Jar,Cosmetics,10,26.84,2,87.12,2.66,2.042
Corrugated Cardboard,Spare Parts Box,Automotive,8,27.61,8,88.0,1.92,0.826
Glass,Makeup Box,Cosmetics,9,34.38,2,95.51,2.61,1.866
Aluminum,Cream Jar,Cosmetics,10,27.23,1,98.0,4.26,3.507
Recycled PET,Foam Insert Package,Home Appliances,9,28.48,3,92.62,2.76,2.118
Mushroom Packaging,Foam Insert Package,Home Appliances,5,14.67,9,60.5,2.61,0.41
Mushroom Packaging,Mobile Box,Electronics,6,11.34,9,65.15,1.24,0.441
Kraft Paper,Hardware Container,Construction,7,10.07,9,92.5,1.35,0.63
Bagasse Fiber,Toy Box,Toys,6,6.63,10,81.06,2.38,0.397
Bagasse Fiber,Toy Box,Toys,6,9.03,10,70.61,1.76,0.501
PLA Bioplastic,Toy Box,Toys,7,8.76,8,54.73,2.39,1.32
PLA Bioplastic,Pizza Box,Food Packaging,7,8.9,6,59.14,2.84,1.219
Kraft Paper,Fabric Wrap,Textiles,5,13.28,9,86.19,1.15,0.606
Bagasse Fiber,Appliance Carton,Home Appliances,6,9.45,10,70.68,1.06,0.466
Recycled PET,Pizza Box,Food Packaging,9,18.94,2,93.61,2.94,2.179
Glass,Board Game Box,Toys,10,26.31,1,99.42,4.43,1.728
Aluminum,Oil Container,Automotive,8,34.49,2,96.42,3.77,3.535
Kraft Paper,Electronic Blister Pack,Electronics,6,11.85,9,89.82,1.18,0.737
Glass,Assembly Kit Box,Furniture,10,26.36,2,95.86,5.74,1.752
Glass,Oil Container,Automotive,10,24.99,1,96.1,5.7,1.79
Kraft Paper,Beverage Bottle,Food Packaging,5,12.52,9,85.8,0.84,0.669
Kraft Paper,Battery Packaging,Automotive,5,10.76,10,90.82,0.44,0.518
Aluminum,Electronic Blister Pack,Electronics,8,28.06,1,95.66,5.45,3.513
Kraft Paper,Protective Box,Home Appliances,7,14.09,10,88.01,1.31,0.64
Glass,Hardware Container,Construction,9,24.18,2,96.63,2.5,1.778
Aluminum,Syringe Pack,Healthcare,8,21.96,2,96.71,5.26,3.506
Recycled PET,Cement Liner Bag,Construction,9,15.52,3,85.87,3.67,2.104
Bagasse Fiber,Oil Container,Automotive,6,11.59,10,72.01,1.68,0.503
Aluminum,Appliance Carton,Home Appliances,9,27.32,2,96.38,4.27,3.528
Mushroom Packaging,Syringe Pack,Healthcare,5,15.65,10,79.95,2.12,0.391
Glass,TV Carton,Electronics,9,21.28,1,99.77,2.22,1.763
Aluminum,Appliance Carton,Home Appliances,9,32.03,1,98.2,3.51,3.468
PLA Bioplastic,Oil Container,Automotive,8,14.51,6,57.88,2.61,1.257
Recycled PET,TV Carton,Electronics,9,26.14,3,94.24,1.51,2.061
Kraft Paper,Hardware Container,Construction,5,8.69,9,91.74,0.7,0.611
Glass,Clothing Box,Textiles,10,35.91,2,98.51,3.59,1.853
Aluminum,Electronic Blister Pack,Electronics,10,20.11,2,97.54,4.11,3.515
PLA Bioplastic,Takeaway Container,Food Packaging,8,14.02,6,64.35,2.84,1.182
Recycled PET,TV Carton,Electronics,10,21.65,3,91.97,2.37,2.119
Corrugated Cardboard,Board Game Box,Toys,7,22.01,7,81.33,1.02,0.795
Bagasse Fiber,Battery Packaging,Automotive,7,7.99,9,84.58,2.05,0.468
Aluminum,Spare Parts Box,Automotive,8,27.04,1,98.25,3.86,3.504
Glass,Foam Insert Package,Home Appliances,10,25.96,2,95.04,2.9,1.857
Recycled PET,Clothing Box,Textiles,10,28.37,3,87.55,2.63,2.078
Mushroom Packaging,Perfume Bottle,Cosmetics,5,15.2,9,61.58,1.52,0.464
Kraft Paper,Medicine Box,Healthcare,4,6.89,8,94.36,0.51,0.633
Kraft Paper,Cosmetic Tube,Cosmetics,4,6.12,8,94.87,0.9,0.67
Glass,Fabric Wrap,Textiles,9,37.88,2,97.44,3.68,1.816
Aluminum,Food Tray,Food Packaging,9,24.18,2,96.62,5.24,3.49
PLA Bioplastic,Laptop Box,Electronics,9,16.51,6,51.1,1.72,1.115
Corrugated Cardboard,Battery Packaging,Automotive,9,13.86,9,80.89,1.37,0.772
Mushroom Packaging,Appliance Carton,Home Appliances,7,15.13,10,66.7,2.65,0.391
Corrugated Cardboard,Syringe Pack,Healthcare,6,25.63,9,83.09,0.52,0.784
Corrugated Cardboard,Cement Liner Bag,Construction,6,34.89,7,91.47,1.5,0.801
Aluminum,Furniture Carton,Furniture,8,20.84,1,98.02,3.03,3.5
PLA Bioplastic,Electronic Blister Pack,Electronics,9,16.34,7,51.81,2.92,1.259
Kraft Paper,Cosmetic Tube,Cosmetics,4,13.52,10,88.47,0.48,0.58
Bagasse Fiber,TV Carton,Electronics,5,10.62,10,75.13,1.5,0.443
Recycled PET,Hardware Container,Construction,8,26.26,3,89.46,1.71,2.108
Aluminum,Protective Box,Home Appliances,8,28.54,2,97.25,5.49,3.61
Bagasse Fiber,Protective Box,Home Appliances,6,7.18,10,73.66,1.65,0.55
Kraft Paper,Makeup Box,Cosmetics,4,10.14,9,93.96,1.01,0.586
Bagasse Fiber,Hardware Container,Construction,6,10.73,9,73.45,0.91,0.471
Mushroom Packaging,Assembly Kit Box,Furniture,5,11.53,9,60.96,2.92,0.382
Bagasse Fiber,Clothing Box,Textiles,6,6.06,10,78.65,1.16,0.434
Bagasse Fiber,Clothing Box,Textiles,7,12.13,10,82.75,2.33,0.394
Aluminum,Assembly Kit Box,Furniture,9,20.96,2,99.07,3.12,3.58
Mushroom Packaging,Oil Container,Automotive,7,17.38,10,79.07,1.64,0.355
Bagasse Fiber,Perfume Bottle,Cosmetics,5,9.13,10,71.34,0.86,0.527
Bagasse Fiber,Pizza Box,Food Packaging,6,12.84,9,70.11,1.6,0.482
Mushroom Packaging,Perfume Bottle,Cosmetics,6,17.76,9,66.07,2.5,0.328
Aluminum,Action Figure Pack,Toys,8,31.67,2,98.73,2.7,3.395
Bagasse Fiber,Toy Box,Toys,5,6.55,8,82.99,2.12,0.469
PLA Bioplastic,Action Figure Pack,Toys,8,18.35,7,69.68,1.91,1.174
Aluminum,Battery Packaging,Automotive,8,23.38,1,97.29,4.07,3.557
Glass,Electronic Blister Pack,Electronics,10,31.39,1,97.37,3.76,1.925
PLA Bioplastic,Oil Container,Automotive,7,18.67,7,51.02,1.8,1.216
Kraft Paper,Furniture Carton,Furniture,5,6.82,8,85.53,0.97,0.714
Aluminum,Electronic Blister Pack,Electronics,10,33.92,1,98.11,2.97,3.475
Mushroom Packaging,Board Game Box,Toys,6,14.28,9,72.88,1.62,0.357
Corrugated Cardboard,Pizza Box,Food Packaging,9,16.64,8,87.67,1.79,0.774
Glass,Spare Parts Box,Automotive,9,25.85,2,96.33,5.78,1.802
Corrugated Cardboard,Protective Box,Home Appliances,9,12.61,9,88.0,1.06,0.955
Bagasse Fiber,Battery Packaging,Automotive,5,7.16,8,71.13,1.26,0.427
PLA Bioplastic,Clothing Box,Textiles,7,11.09,7,69.39,2.29,1.258
PLA Bioplastic,Fabric Wrap,Textiles,6,19.19,7,62.78,1.82,1.179
Bagasse Fiber,Makeup Box,Cosmetics,6,8.37,8,82.55,0.84,0.554
Kraft Paper,Board Game Box,Toys,6,5.92,10,91.46,0.49,0.647
PLA Bioplastic,Syringe Pack,Healthcare,8,15.8,8,61.77,2.43,1.238
Kraft Paper,Cream Jar,Cosmetics,5,12.01,9,85.55,1.09,0.64
Bagasse Fiber,Foam Insert Package,Home Appliances,6,14.36,9,83.97,0.85,0.465
PLA Bioplastic,Toy Box,Toys,7,15.94,7,63.65,1.44,1.124
Aluminum,Garment Bag,Textiles,9,24.74,2,95.06,3.19,3.464
Aluminum,Cosmetic Tube,Cosmetics,10,34.59,2,97.3,4.52,3.515
Glass,Oil Container,Automotive,9,36.43,2,99.69,2.08,1.746
Corrugated Cardboard,Takeaway Container,Food Packaging,6,26.79,8,81.22,0.66,0.811
Aluminum,Cream Jar,Cosmetics,8,31.4,2,98.16,4.9,3.623
Glass,TV Carton,Electronics,10,35.06,2,95.93,2.71,1.816
Glass,Hardware Container,Construction,9,21.14,1,97.63,4.61,1.752
Glass,Action Figure Pack,Toys,9,26.53,1,96.42,2.95,1.787
Kraft Paper,Pizza Box,Food Packaging,4,12.35,10,91.87,0.42,0.625
Kraft Paper,Fabric Wrap,Textiles,7,7.84,9,86.3,0.59,0.64
Recycled PET,Laptop Box,Electronics,10,29.44,3,88.29,3.31,1.993
Kraft Paper,Toy Box,Toys,5,12.77,9,92.03,1.33,0.609
Bagasse Fiber,Protective Cushioning Pack,Furniture,6,12.73,10,70.29,2.21,0.495
Bagasse Fiber,Medicine Box,Healthcare,5,11.22,10,81.83,1.48,0.511
Mushroom Packaging,Assembly Kit Box,Furniture,6,14.21,9,70.01,2.74,0.421
PLA Bioplastic,Takeaway Container,Food Packaging,6,11.04,8,53.14,1.41,1.171
PLA Bioplastic,Mobile Box,Electronics,6,17.06,8,67.57,1.59,1.117
Mushroom Packaging,Medicine Box,Healthcare,7,10.06,9,63.37,3.26,0.385
Recycled PET,Tile Packaging,Construction,8,19.52,4,86.44,1.53,2.071
Kraft Paper,Electronic Blister Pack,Electronics,6,12.96,10,86.3,0.4,0.586
Recycled PET,Hardware Container,Construction,8,17.47,2,87.18,2.02,2.036
Aluminum,Assembly Kit Box,Furniture,8,20.59,1,97.15,2.58,3.468
Aluminum,Perfume Bottle,Cosmetics,9,25.13,2,99.9,3.04,3.555
Aluminum,Cream Jar,Cosmetics,9,23.65,2,96.38,4.25,3.56
PLA Bioplastic,TV Carton,Electronics,6,17.81,6,56.21,1.84,1.114
Kraft Paper,Tablet Blister Pack,Healthcare,7,14.41,8,94.53,1.37,0.503
Corrugated Cardboard,Clothing Box,Textiles,6,21.85,8,87.6,1.73,0.821
Glass,TV Carton,Electronics,10,35.83,1,96.88,3.37,1.788
Corrugated Cardboard,Foam Insert Package,Home Appliances,6,30.58,9,87.15,0.89,0.746
Kraft Paper,Toy Box,Toys,5,14.13,9,85.07,0.76,0.686
Recycled PET,Mobile Box,Electronics,10,24.94,2,91.3,2.98,2.105
Recycled PET,Battery Packaging,Automotive,8,15.93,2,87.99,2.17,2.092
PLA Bioplastic,Appliance Carton,Home Appliances,7,12.54,7,58.38,2.25,1.19
PLA Bioplastic,Hardware Container,Construction,6,18.87,8,66.42,1.82,1.159
Recycled PET,Mobile Box,Electronics,9,15.85,4,89.97,2.88,2.136
Kraft Paper,Oil Container,Automotive,7,11.11,10,88.61,0.82,0.607
Glass,Appliance Carton,Home Appliances,9,22.56,2,97.37,3.18,1.807
Glass,Pizza Box,Food Packaging,9,27.81,1,99.43,5.79,1.801
Kraft Paper,Medical Container,Healthcare,6,11.3,9,85.29,1.22,0.619
PLA Bioplastic,Toy Box,Toys,7,10.54,8,53.46,1.28,1.148
Corrugated Cardboard,Food Tray,Food Packaging,8,33.99,7,80.23,1.8,0.739
PLA Bioplastic,Makeup Box,Cosmetics,9,15.59,8,59.11,1.97,1.264
Recycled PET,Foam Insert Package,Home Appliances,10,26.2,2,87.33,3.74,2.183
Kraft Paper,Assembly Kit Box,Furniture,7,7.11,8,89.4,1.26,0.579
Corrugated Cardboard,Spare Parts Box,Automotive,7,24.94,9,85.38,1.14,0.819
Recycled PET,Foam Insert Package,Home Appliances,9,28.68,2,94.96,1.56,2.142
Corrugated Cardboard,Clothing Box,Textiles,7,17.27,8,88.62,0.9,0.789
Bagasse Fiber,Electronic Blister Pack,Electronics,6,6.74,9,73.69,1.72,0.569
Glass,Board Game Box,Toys,10,39.05,1,99.49,4.53,1.809
Corrugated Cardboard,Protective Cushioning Pack,Furniture,6,21.47,8,89.34,0.89,0.829
Bagasse Fiber,TV Carton,Electronics,6,13.68,9,77.76,1.04,0.468
Glass,Fabric Wrap,Textiles,9,25.71,1,98.57,5.34,1.883
Corrugated Cardboard,Protective Box,Home Appliances,9,34.06,9,89.32,1.98,0.841
Corrugated Cardboard,Appliance Carton,Home Appliances,7,10.62,9,86.4,1.29,0.752
Glass,Protective Cushioning Pack,Furniture,9,24.78,2,95.52,2.69,1.79
Mushroom Packaging,Cream Jar,Cosmetics,7,17.98,9,76.51,1.83,0.432
PLA Bioplastic,Clothing Box,Textiles,7,17.48,6,62.47,1.04,1.239
Corrugated Cardboard,Spare Parts Box,Automotive,6,31.1,9,84.88,1.87,0.813
Corrugated Cardboard,Hardware Container,Construction,8,27.23,8,89.66,0.68,0.77
Recycled PET,Spare Parts Box,Automotive,10,17.74,4,86.5,2.94,2.13
Corrugated Cardboard,Beverage Bottle,Food Packaging,8,26.13,7,86.03,0.91,0.801
Mushroom Packaging,Mobile Box,Electronics,5,8.14,10,73.32,2.47,0.418
Recycled PET,Oil Container,Automotive,8,28.55,4,86.26,3.13,2.127
Kraft Paper,Electronic Blister Pack,Electronics,5,8.23,10,91.48,1.3,0.651
Recycled PET,Perfume Bottle,Cosmetics,10,24.2,2,92.63,2.02,2.112
Aluminum,Foam Insert Package,Home Appliances,8,20.47,2,99.09,2.53,3.466
Recycled PET,Battery Packaging,Automotive,9,28.0,3,87.61,1.84,2.151
Corrugated Cardboard,Fabric Wrap,Textiles,7,32.94,8,83.15,1.85,0.827
Kraft Paper,Electronic Blister Pack,Electronics,6,6.01,8,87.74,1.35,0.57
Mushroom Packaging,Mobile Box,Electronics,6,9.27,9,68.36,2.57,0.414
Mushroom Packaging,Battery Packaging,Automotive,7,9.61,10,71.63,2.58,0.458
Recycled PET,Medicine Box,Healthcare,8,22.12,4,94.5,3.16,2.092
PLA Bioplastic,Tile Packaging,Construction,6,13.92,6,51.11,1.35,1.172
Corrugated Cardboard,Food Tray,Food Packaging,6,33.36,8,86.87,1.87,0.854
Mushroom Packaging,Action Figure Pack,Toys,5,13.28,9,78.99,2.16,0.387
Recycled PET,Clothing Box,Textiles,9,19.61,4,88.23,2.46,2.08
Bagasse Fiber,Garment Bag,Textiles,7,10.03,9,72.77,1.68,0.44
Bagasse Fiber,Action Figure Pack,Toys,5,7.85,8,70.32,0.88,0.454
Glass,Cosmetic Tube,Cosmetics,9,26.77,1,99.09,2.67,1.747
Aluminum,Garment Bag,Textiles,9,32.31,1,96.6,4.71,3.619
Glass,Clothing Box,Textiles,10,24.69,2,99.62,2.33,1.797
Kraft Paper,Foam Insert Package,Home Appliances,4,12.02,10,94.89,1.02,0.612
Kraft Paper,Tile Packaging,Construction,5,5.52,8,93.37,0.59,0.587
Aluminum,Medical Container,Healthcare,9,24.5,2,97.94,3.67,3.457
Aluminum,Spare Parts Box,Automotive,8,28.09,2,98.19,3.37,3.549
Glass,Board Game Box,Toys,9,36.99,1,97.33,3.42,1.724
PLA Bioplastic,Food Tray,Food Packaging,9,18.51,6,50.55,2.44,1.183
Corrugated Cardboard,Fabric Wrap,Textiles,8,14.37,9,80.6,0.95,0.811
PLA Bioplastic,Takeaway Container,Food Packaging,8,10.43,7,66.72,2.13,1.166
Aluminum,Tile Packaging,Construction,8,33.33,2,97.44,3.93,3.521
PLA Bioplastic,Laptop Box,Electronics,8,8.67,7,55.59,2.33,1.181
Aluminum,Syringe Pack,Healthcare,9,33.28,2,97.81,5.31,3.407
Kraft Paper,Hardware Container,Construction,5,12.23,8,94.7,1.18,0.584
Glass,Medical Container,Healthcare,10,25.94,2,96.28,2.86,1.788
Mushroom Packaging,Pizza Box,Food Packaging,6,15.83,9,65.25,1.27,0.403
Kraft Paper,Hardware Container,Construction,7,9.84,9,89.02,0.61,0.649
Kraft Paper,Takeaway Container,Food Packaging,5,6.23,10,90.66,1.01,0.608
Recycled PET,Clothing Box,Textiles,9,20.42,4,88.67,1.63,2.013
Glass,Oil Container,Automotive,10,21.41,2,99.56,3.99,1.867
Aluminum,Cosmetic Tube,Cosmetics,10,25.68,2,95.8,4.29,3.407
Aluminum,Beverage Bottle,Food Packaging,10,29.99,1,98.7,3.5,3.505
Corrugated Cardboard,Cream Jar,Cosmetics,9,14.69,7,88.64,1.66,0.755
Aluminum,TV Carton,Electronics,10,24.31,1,97.75,2.82,3.497
Aluminum,Battery Packaging,Automotive,9,23.23,2,97.36,2.73,3.488
Recycled PET,Action Figure Pack,Toys,8,21.93,3,94.41,3.32,2.136
Aluminum,Appliance Carton,Home Appliances,9,26.79,2,97.95,3.99,3.486
Glass,Furniture Carton,Furniture,10,32.14,2,97.81,4.75,1.824
Bagasse Fiber,Syringe Pack,Healthcare,5,10.0,8,71.54,1.54,0.477
Kraft Paper,Pizza Box,Food Packaging,5,8.03,10,88.2,0.6,0.626
Corrugated Cardboard,Tile Packaging,Construction,8,18.75,9,88.43,1.73,0.794
Glass,Foam Insert Package,Home Appliances,9,34.06,1,96.91,5.2,1.876
PLA Bioplastic,Toy Box,Toys,9,12.41,8,66.18,2.39,1.196
Aluminum,Medicine Box,Healthcare,9,30.06,2,95.97,3.32,3.444
Recycled PET,Oil Container,Automotive,8,15.44,4,90.1,2.98,2.035
Corrugated Cardboard,Medical Container,Healthcare,8,12.04,8,88.19,1.04,0.739
Corrugated Cardboard,Clothing Box,Textiles,6,34.47,8,86.46,0.64,0.856
Kraft Paper,Furniture Carton,Furniture,5,12.45,8,87.86,1.4,0.591
Recycled PET,Beverage Bottle,Food Packaging,10,24.53,4,89.18,1.84,2.032
Recycled PET,Protective Cushioning Pack,Furniture,10,25.47,3,90.69,3.88,2.072
Mushroom Packaging,Garment Bag,Textiles,6,13.41,9,78.39,2.23,0.401
Bagasse Fiber,Assembly Kit Box,Furniture,5,10.19,8,73.85,1.11,0.609
Corrugated Cardboard,Beverage Bottle,Food Packaging,9,32.9,7,84.06,1.31,0.835
Mushroom Packaging,Takeaway Container,Food Packaging,6,10.09,9,78.96,3.21,0.431
Glass,Fabric Wrap,Textiles,9,23.47,1,95.14,4.93,1.882
Aluminum,Makeup Box,Cosmetics,10,29.43,1,98.24,4.92,3.487
Corrugated Cardboard,Cement Liner Bag,Construction,7,13.51,8,85.98,1.49,0.86
Bagasse Fiber,Beverage Bottle,Food Packaging,6,9.96,10,84.4,1.98,0.519
Mushroom Packaging,Cosmetic Tube,Cosmetics,6,12.14,9,78.81,3.15,0.467
Bagasse Fiber,Fabric Wrap,Textiles,7,9.56,8,81.62,1.22,0.535
Aluminum,Protective Cushioning Pack,Furniture,9,34.83,1,95.69,3.97,3.483
Mushroom Packaging,Foam Insert Package,Home Appliances,6,9.03,9,74.43,1.71,0.43
Bagasse Fiber,Clothing Box,Textiles,5,12.97,10,79.99,2.48,0.422
Kraft Paper,Furniture Carton,Furniture,6,13.74,9,94.69,1.43,0.648
Aluminum,Pizza Box,Food Packaging,10,28.28,2,95.25,2.62,3.616
Glass,Clothing Box,Textiles,10,29.98,2,97.03,4.82,1.823
Corrugated Cardboard,Board Game Box,Toys,9,27.28,8,91.39,1.89,0.74
Bagasse Fiber,Fabric Wrap,Textiles,6,13.67,10,82.36,1.11,0.535
PLA Bioplastic,Board Game Box,Toys,6,16.57,7,65.08,2.14,1.26
Mushroom Packaging,Medical Container,Healthcare,6,15.5,10,72.45,3.31,0.376
Glass,Makeup Box,Cosmetics,10,29.83,2,97.46,2.14,1.927
Corrugated Cardboard,Furniture Carton,Furniture,9,11.64,9,91.59,1.55,0.731
Corrugated Cardboard,Battery Packaging,Automotive,8,15.54,7,91.56,0.95,0.778
Aluminum,Furniture Carton,Furniture,9,32.62,1,99.27,5.27,3.507
Aluminum,Clothing Box,Textiles,8,32.68,1,95.45,5.41,3.505
Aluminum,Protective Box,Home Appliances,8,22.34,1,99.8,5.33,3.475
Recycled PET,Furniture Carton,Furniture,8,25.95,4,85.8,2.69,2.213
Recycled PET,Pizza Box,Food Packaging,9,18.49,4,91.69,3.66,2.094
PLA Bioplastic,Protective Cushioning Pack,Furniture,9,10.26,6,61.18,2.69,1.189
Corrugated Cardboard,Furniture Carton,Furniture,6,23.98,9,89.0,0.98,0.84
Recycled PET,Medicine Box,Healthcare,8,15.13,3,85.26,3.57,2.057
Glass,Syringe Pack,Healthcare,9,25.66,2,95.92,2.15,1.762
Recycled PET,Protective Cushioning Pack,Furniture,9,25.46,2,91.56,2.99,2.044
Kraft Paper,Furniture Carton,Furniture,6,10.5,8,94.2,0.58,0.611
Bagasse Fiber,Hardware Container,Construction,7,13.94,8,83.69,1.0,0.478
Kraft Paper,Board Game Box,Toys,5,9.1,10,87.5,0.39,0.551
Glass,Electronic Blister Pack,Electronics,10,33.9,1,99.27,4.79,1.85
Aluminum,Cosmetic Tube,Cosmetics,9,20.44,2,97.67,3.52,3.507
Bagasse Fiber,TV Carton,Electronics,7,10.68,9,71.75,2.03,0.539
Aluminum,Action Figure Pack,Toys,10,21.3,1,96.0,2.7,3.515
Mushroom Packaging,Fabric Wrap,Textiles,6,12.06,10,75.59,1.93,0.375
Glass,Medical Container,Healthcare,10,25.72,2,98.5,4.16,1.827
Corrugated Cardboard,Cement Liner Bag,Construction,6,23.12,8,80.83,1.69,0.892
Aluminum,Electronic Blister Pack,Electronics,10,23.84,2,98.97,3.46,3.579
Mushroom Packaging,Action Figure Pack,Toys,7,12.98,9,77.97,2.64,0.385
Aluminum,Garment Bag,Textiles,8,32.88,1,97.04,5.16,3.486
PLA Bioplastic,Foam Insert Package,Home Appliances,7,9.8,7,52.7,2.23,1.132
Mushroom Packaging,Tablet Blister Pack,Healthcare,5,16.08,9,75.14,1.74,0.423
Corrugated Cardboard,Board Game Box,Toys,7,16.98,8,90.48,0.54,0.814
Aluminum,Takeaway Container,Food Packaging,10,32.88,2,95.22,5.11,3.553
Corrugated Cardboard,Board Game Box,Toys,6,28.81,9,83.71,0.53,0.803
Kraft Paper,Spare Parts Box,Automotive,5,8.73,8,92.9,1.35,0.561
Mushroom Packaging,Garment Bag,Textiles,6,15.41,9,67.18,2.42,0.404
Kraft Paper,Garment Bag,Textiles,4,10.71,10,92.98,1.43,0.655
PLA Bioplastic,Hardware Container,Construction,9,10.73,6,51.97,2.6,1.185
Glass,Electronic Blister Pack,Electronics,10,36.47,1,97.34,5.99,1.749
Recycled PET,Syringe Pack,Healthcare,10,27.41,2,85.35,2.38,2.141
Glass,Garment Bag,Textiles,10,21.79,1,95.02,5.07,1.796
Mushroom Packaging,Mobile Box,Electronics,5,13.63,9,63.56,2.12,0.457
Mushroom Packaging,Food Tray,Food Packaging,5,15.64,9,69.54,2.3,0.454
Recycled PET,Tablet Blister Pack,Healthcare,8,16.11,4,95.0,3.07,2.111
Kraft Paper,Spare Parts Box,Automotive,5,10.18,10,90.72,1.35,0.661
Recycled PET,Electronic Blister Pack,Electronics,8,23.97,3,85.65,3.96,2.091
Glass,Appliance Carton,Home Appliances,9,31.2,2,96.64,5.07,1.822
Mushroom Packaging,Oil Container,Automotive,6,14.03,9,65.75,2.16,0.385
Recycled PET,Clothing Box,Textiles,10,29.84,3,90.52,2.55,2.089
Bagasse Fiber,Hardware Container,Construction,6,13.01,9,82.08,2.05,0.446
Aluminum,Tablet Blister Pack,Healthcare,8,24.99,2,97.34,3.22,3.418
Aluminum,Medical Container,Healthcare,10,24.69,1,95.74,2.83,3.455
Glass,Appliance Carton,Home Appliances,9,32.56,2,99.0,3.42,1.679
Mushroom Packaging,Mobile Box,Electronics,5,13.65,10,75.48,1.86,0.335
Bagasse Fiber,Syringe Pack,Healthcare,5,10.58,8,77.23,1.3,0.522
PLA Bioplastic,Garment Bag,Textiles,7,19.59,7,54.68,1.47,1.237
Mushroom Packaging,Foam Insert Package,Home Appliances,5,12.05,10,66.46,1.3,0.383
Recycled PET,Garment Bag,Textiles,9,20.85,3,91.19,1.54,2.152
Bagasse Fiber,Battery Packaging,Automotive,5,11.32,9,78.99,2.48,0.433
Aluminum,Tile Packaging,Construction,10,33.63,1,98.01,3.78,3.391
Recycled PET,Action Figure Pack,Toys,10,26.03,2,85.72,2.46,2.112
PLA Bioplastic,Toy Box,Toys,8,8.93,6,54.01,2.36,1.237
Kraft Paper,Mobile Box,Electronics,7,6.52,8,91.2,0.56,0.557
Mushroom Packaging,Board Game Box,Toys,7,12.35,10,63.61,3.38,0.4
Bagasse Fiber,Board Game Box,Toys,5,12.91,8,82.82,2.14,0.503
Corrugated Cardboard,Toy Box,Toys,9,22.07,9,85.53,0.63,0.76
Kraft Paper,Perfume Bottle,Cosmetics,7,8.84,9,86.15,0.8,0.55
Glass,Garment Bag,Textiles,9,24.59,1,99.29,5.52,1.798
PLA Bioplastic,Beverage Bottle,Food Packaging,8,17.18,7,67.03,2.89,1.234
Mushroom Packaging,Spare Parts Box,Automotive,7,17.27,9,65.84,2.28,0.369
Bagasse Fiber,Cement Liner Bag,Construction,6,9.71,10,79.23,1.84,0.516
Bagasse Fiber,Electronic Blister Pack,Electronics,5,12.28,9,74.81,1.08,0.43
PLA Bioplastic,Protective Cushioning Pack,Furniture,9,19.37,6,57.65,2.98,1.205
Kraft Paper,Toy Box,Toys,4,13.67,8,85.05,0.58,0.57
Mushroom Packaging,Medicine Box,Healthcare,6,9.47,10,68.94,3.37,0.392
Bagasse Fiber,Perfume Bottle,Cosmetics,6,10.87,8,74.39,1.9,0.582
Glass,Syringe Pack,Healthcare,9,39.38,2,95.63,4.43,1.731
Glass,Medicine Box,Healthcare,9,29.42,2,95.38,4.05,1.848
Mushroom Packaging,Board Game Box,Toys,5,13.47,9,67.07,1.73,0.38
PLA Bioplastic,Pizza Box,Food Packaging,7,14.1,6,68.7,1.35,1.145
Corrugated Cardboard,Mobile Box,Electronics,8,31.94,7,80.37,0.83,0.739
Aluminum,Hardware Container,Construction,8,23.6,2,95.8,3.06,3.495
Aluminum,Tile Packaging,Construction,8,26.83,2,95.19,4.84,3.56
Aluminum,Medicine Box,Healthcare,10,25.26,1,96.73,3.55,3.424
Bagasse Fiber,Battery Packaging,Automotive,6,7.87,10,70.32,0.9,0.577
Bagasse Fiber,Laptop Box,Electronics,7,9.21,8,78.26,2.45,0.54
Aluminum,Tablet Blister Pack,Healthcare,10,31.89,2,98.66,5.15,3.464
Mushroom Packaging,Hardware Container,Construction,7,14.67,10,65.19,3.33,0.392
Bagasse Fiber,Laptop Box,Electronics,7,13.53,9,78.86,2.49,0.479
Kraft Paper,Mobile Box,Electronics,5,5.78,10,92.3,0.51,0.632
Corrugated Cardboard,Tablet Blister Pack,Healthcare,6,22.18,7,85.81,1.09,0.839
Kraft Paper,Board Game Box,Toys,7,13.03,9,90.56,1.21,0.602
Corrugated Cardboard,Garment Bag,Textiles,9,10.38,9,81.57,1.54,0.854
PLA Bioplastic,Assembly Kit Box,Furniture,9,13.97,8,68.49,1.31,1.235
Mushroom Packaging,Furniture Carton,Furniture,7,14.23,9,61.17,3.08,0.432
Kraft Paper,Medicine Box,Healthcare,4,5.09,10,89.6,0.57,0.571
Mushroom Packaging,Protective Box,Home Appliances,5,14.54,9,75.12,1.71,0.4
Aluminum,Medicine Box,Healthcare,9,28.89,2,99.19,4.11,3.51
Corrugated Cardboard,Action Figure Pack,Toys,7,10.23,7,85.83,1.39,0.77
Kraft Paper,Mobile Box,Electronics,7,14.69,9,87.12,1.0,0.551
PLA Bioplastic,Cream Jar,Cosmetics,8,9.9,6,61.44,1.18,1.209
Glass,Takeaway Container,Food Packaging,10,31.68,2,97.41,5.51,1.779
Corrugated Cardboard,Toy Box,Toys,7,14.31,8,88.06,0.9,0.784
Mushroom Packaging,Assembly Kit Box,Furniture,6,15.39,9,63.95,1.5,0.311
Recycled PET,Furniture Carton,Furniture,9,29.19,2,85.46,3.72,2.227
Aluminum,TV Carton,Electronics,9,27.58,1,98.09,5.37,3.45
Corrugated Cardboard,Cement Liner Bag,Construction,9,34.06,8,86.1,1.79,0.816
Recycled PET,Toy Box,Toys,9,16.05,3,91.29,3.52,2.162
Corrugated Cardboard,Assembly Kit Box,Furniture,9,11.3,9,82.9,1.48,0.716
Recycled PET,Makeup Box,Cosmetics,10,20.35,3,94.62,2.88,2.085
Bagasse Fiber,Food Tray,Food Packaging,6,8.92,8,73.42,0.95,0.535
Kraft Paper,Makeup Box,Cosmetics,4,6.45,9,91.05,0.79,0.636
Corrugated Cardboard,Makeup Box,Cosmetics,7,22.62,7,83.16,1.06,0.807
Aluminum,Battery Packaging,Automotive,9,34.21,2,98.18,3.28,3.506
Glass,Protective Cushioning Pack,Furniture,10,38.3,1,97.03,4.89,1.771
Aluminum,Tile Packaging,Construction,9,22.56,2,95.36,3.99,3.463
Corrugated Cardboard,Board Game Box,Toys,9,12.59,7,90.95,0.62,0.814
Glass,TV Carton,Electronics,9,22.63,1,99.84,2.88,1.807
Corrugated Cardboard,Pizza Box,Food Packaging,7,12.75,8,80.88,1.52,0.838
Corrugated Cardboard,Protective Cushioning Pack,Furniture,8,18.46,7,87.36,0.61,0.703
Kraft Paper,Protective Cushioning Pack,Furniture,4,9.34,9,85.47,1.32,0.51
Aluminum,Assembly Kit Box,Furniture,9,22.54,2,99.27,3.99,3.513
Kraft Paper,Syringe Pack,Healthcare,5,14.04,9,94.82,0.88,0.527
Recycled PET,Clothing Box,Textiles,8,18.84,3,93.17,2.98,2.069
Glass,Toy Box,Toys,10,34.9,1,97.42,5.3,1.778
Kraft Paper,Clothing Box,Textiles,7,6.23,10,85.3,0.72,0.539
Corrugated Cardboard,Garment Bag,Textiles,7,20.79,7,86.84,1.52,0.829
PLA Bioplastic,Clothing Box,Textiles,9,15.47,8,66.5,2.13,1.271
Mushroom Packaging,Laptop Box,Electronics,5,17.48,9,70.95,1.81,0.414
Corrugated Cardboard,Medicine Box,Healthcare,9,24.69,9,81.9,1.82,0.795
Corrugated Cardboard,Foam Insert Package,Home Appliances,9,25.76,8,80.49,1.7,0.829
PLA Bioplastic,Tile Packaging,Construction,8,11.57,6,50.62,2.32,1.183
Corrugated Cardboard,Fabric Wrap,Textiles,9,16.6,8,83.85,1.78,0.753
Bagasse Fiber,Mobile Box,Electronics,5,11.47,8,73.12,2.27,0.513
Glass,Makeup Box,Cosmetics,10,33.23,1,96.08,4.83,1.815
Recycled PET,TV Carton,Electronics,10,22.78,3,94.93,3.59,2.035
Bagasse Fiber,Assembly Kit Box,Furniture,7,14.65,10,80.41,1.99,0.493
PLA Bioplastic,Medicine Box,Healthcare,7,9.48,7,59.42,2.36,1.23
Recycled PET,Makeup Box,Cosmetics,9,15.63,2,94.85,3.05,2.126
Aluminum,Garment Bag,Textiles,9,23.51,2,97.27,4.76,3.468
Recycled PET,Cement Liner Bag,Construction,9,22.2,3,90.15,1.9,2.106
Bagasse Fiber,Foam Insert Package,Home Appliances,7,9.8,8,71.81,2.3,0.494
Glass,Assembly Kit Box,Furniture,10,25.02,1,95.87,5.49,1.793
Aluminum,Appliance Carton,Home Appliances,9,30.31,1,96.41,2.59,3.458
Mushroom Packaging,Tablet Blister Pack,Healthcare,7,14.5,9,71.2,3.1,0.418
Mushroom Packaging,Battery Packaging,Automotive,7,9.29,10,73.72,1.5,0.338
Kraft Paper,Medicine Box,Healthcare,4,11.91,10,90.85,0.7,0.624
Kraft Paper,Cement Liner Bag,Construction,7,6.76,8,85.9,1.19,0.435
Recycled PET,Cement Liner Bag,Construction,8,27.38,2,87.99,1.9,2.14
Mushroom Packaging,Medical Container,Healthcare,6,14.16,9,73.8,3.08,0.42
Bagasse Fiber,Clothing Box,Textiles,7,10.99,10,79.96,2.21,0.485
Kraft Paper,Beverage Bottle,Food Packaging,4,9.6,8,89.32,0.91,0.568
PLA Bioplastic,Syringe Pack,Healthcare,6,18.33,6,62.79,1.01,1.167
Glass,Hardware Container,Construction,10,32.9,2,98.86,3.15,1.781
Corrugated Cardboard,Furniture Carton,Furniture,8,14.21,7,85.25,1.43,0.805
Mushroom Packaging,Cream Jar,Cosmetics,7,16.71,9,65.81,3.46,0.349
Bagasse Fiber,Perfume Bottle,Cosmetics,5,8.88,9,83.71,1.87,0.387
Glass,Medicine Box,Healthcare,9,36.69,1,98.07,3.04,1.782
Recycled PET,Medicine Box,Healthcare,8,15.58,4,89.97,3.09,1.975
Corrugated Cardboard,Garment Bag,Textiles,8,10.2,9,84.12,1.31,0.816
Bagasse Fiber,Appliance Carton,Home Appliances,7,10.47,8,84.42,2.13,0.461
Bagasse Fiber,Perfume Bottle,Cosmetics,7,6.98,9,80.4,0.98,0.589
Bagasse Fiber,Protective Cushioning Pack,Furniture,6,7.91,8,78.14,2.09,0.532
Corrugated Cardboard,Appliance Carton,Home Appliances,6,13.24,8,82.7,1.31,0.745
Aluminum,Medical Container,Healthcare,9,33.26,1,99.1,5.39,3.513
Bagasse Fiber,Tile Packaging,Construction,5,13.08,10,74.87,1.38,0.455
Kraft Paper,Clothing Box,Textiles,6,14.59,9,90.85,1.06,0.661
Recycled PET,Pizza Box,Food Packaging,9,18.89,4,88.84,3.83,2.021
Glass,TV Carton,Electronics,9,29.12,2,96.75,2.41,1.849
Corrugated Cardboard,Clothing Box,Textiles,6,14.8,8,89.26,1.91,0.834
Corrugated Cardboard,Tile Packaging,Construction,7,34.03,7,89.96,1.53,0.764
PLA Bioplastic,Makeup Box,Cosmetics,7,12.91,6,62.61,1.14,1.24
PLA Bioplastic,Laptop Box,Electronics,6,10.8,7,55.85,1.6,1.128
Mushroom Packaging,Takeaway Container,Food Packaging,5,16.21,10,61.88,2.83,0.463
Corrugated Cardboard,Tile Packaging,Construction,7,17.45,8,88.81,0.6,0.915
Glass,Perfume Bottle,Cosmetics,9,33.52,1,97.67,4.33,1.789
Mushroom Packaging,Laptop Box,Electronics,6,16.25,9,77.9,2.0,0.425
PLA Bioplastic,Appliance Carton,Home Appliances,7,10.51,8,54.63,2.24,1.238
Aluminum,Clothing Box,Textiles,10,22.65,1,99.2,2.64,3.528
Mushroom Packaging,Assembly Kit Box,Furniture,7,11.36,9,72.05,3.2,0.387
Mushroom Packaging,Battery Packaging,Automotive,5,16.41,10,66.41,3.44,0.384
Mushroom Packaging,Medicine Box,Healthcare,7,12.38,10,73.53,3.43,0.321
PLA Bioplastic,TV Carton,Electronics,6,14.16,7,58.12,2.5,1.15
Bagasse Fiber,Assembly Kit Box,Furniture,5,11.43,9,83.3,1.02,0.482
PLA Bioplastic,Oil Container,Automotive,8,19.06,7,50.48,2.52,1.172
Mushroom Packaging,Laptop Box,Electronics,5,12.38,10,64.26,1.26,0.408
Aluminum,Toy Box,Toys,9,23.0,1,95.1,2.57,3.553
Recycled PET,Action Figure Pack,Toys,10,27.12,2,91.69,2.31,2.135
Glass,TV Carton,Electronics,9,34.52,1,96.79,3.95,1.8
Mushroom Packaging,TV Carton,Electronics,5,14.93,10,68.3,2.97,0.477
Kraft Paper,Beverage Bottle,Food Packaging,7,10.13,9,91.15,1.12,0.602
Recycled PET,Beverage Bottle,Food Packaging,9,26.52,4,86.69,2.61,2.136
Recycled PET,Toy Box,Toys,9,26.08,4,94.36,2.18,2.129
PLA Bioplastic,TV Carton,Electronics,6,16.27,6,55.55,2.99,1.125
Recycled PET,Medicine Box,Healthcare,9,24.67,3,88.4,2.57,2.149
PLA Bioplastic,Board Game Box,Toys,8,18.09,6,56.53,1.9,1.232
Glass,Protective Cushioning Pack,Furniture,10,21.45,1,95.71,2.65,1.822
Bagasse Fiber,Cream Jar,Cosmetics,7,7.6,9,78.51,2.15,0.46
Mushroom Packaging,Foam Insert Package,Home Appliances,7,12.25,9,63.59,2.8,0.469
Kraft Paper,Pizza Box,Food Packaging,5,5.88,9,90.64,0.56,0.592
PLA Bioplastic,Fabric Wrap,Textiles,9,14.96,6,69.79,1.16,1.214
Kraft Paper,Appliance Carton,Home Appliances,4,5.46,8,88.03,1.12,0.583
Corrugated Cardboard,Medical Container,Healthcare,9,27.2,7,86.78,1.48,0.802
Recycled PET,Toy Box,Toys,9,28.38,4,85.81,2.18,2.15
Bagasse Fiber,Assembly Kit Box,Furniture,5,11.93,8,82.61,2.42,0.574
Glass,Protective Cushioning Pack,Furniture,9,37.16,1,96.62,2.6,1.807
Aluminum,Fabric Wrap,Textiles,9,25.12,1,99.66,3.8,3.48
Bagasse Fiber,Toy Box,Toys,7,14.5,9,75.99,2.4,0.579
Recycled PET,Toy Box,Toys,8,23.72,4,87.03,2.55,2.133
Aluminum,Board Game Box,Toys,8,23.5,2,96.35,4.42,3.508
Corrugated Cardboard,Pizza Box,Food Packaging,7,17.88,7,90.25,1.1,0.816
Corrugated Cardboard,Cream Jar,Cosmetics,8,11.41,8,85.18,0.91,0.772
Recycled PET,Beverage Bottle,Food Packaging,10,18.8,2,91.31,3.96,2.071
Kraft Paper,Appliance Carton,Home Appliances,6,12.15,9,89.52,0.79,0.61
Recycled PET,Makeup Box,Cosmetics,8,20.89,3,87.07,3.74,2.204
Mushroom Packaging,Board Game Box,Toys,5,12.71,9,71.37,1.73,0.418
PLA Bioplastic,Clothing Box,Textiles,8,13.58,8,67.33,1.43,1.177
Recycled PET,Protective Box,Home Appliances,8,19.55,2,87.5,1.58,2.129
PLA Bioplastic,Beverage Bottle,Food Packaging,6,13.05,8,53.93,2.3,1.174
Mushroom Packaging,Fabric Wrap,Textiles,6,8.09,10,68.05,2.05,0.381
Kraft Paper,Garment Bag,Textiles,7,8.58,10,92.49,1.34,0.669
Corrugated Cardboard,Beverage Bottle,Food Packaging,7,31.78,7,87.85,1.21,0.825
Bagasse Fiber,Tile Packaging,Construction,5,6.4,9,77.69,2.45,0.481
Recycled PET,Makeup Box,Cosmetics,9,25.98,4,88.94,1.96,2.112
Mushroom Packaging,Oil Container,Automotive,5,13.04,9,69.66,3.2,0.41
Glass,Furniture Carton,Furniture,9,27.98,1,99.42,5.11,1.779
PLA Bioplastic,Clothing Box,Textiles,8,11.23,6,56.19,2.54,1.17
Aluminum,TV Carton,Electronics,10,32.09,2,97.06,5.03,3.499
Corrugated Cardboard,Makeup Box,Cosmetics,8,10.06,7,81.37,1.64,0.762
Corrugated Cardboard,Tile Packaging,Construction,8,27.8,8,80.96,1.44,0.818
Bagasse Fiber,Perfume Bottle,Cosmetics,7,13.68,10,71.42,1.02,0.462
Aluminum,Hardware Container,Construction,8,34.66,1,96.31,2.6,3.512
Aluminum,Assembly Kit Box,Furniture,8,28.78,2,96.05,5.26,3.598
Mushroom Packaging,Medicine Box,Healthcare,5,14.25,10,75.8,2.62,0.442
Kraft Paper,Perfume Bottle,Cosmetics,7,6.71,9,93.94,1.26,0.57
Bagasse Fiber,Protective Box,Home Appliances,7,7.35,9,81.45,1.62,0.507
Mushroom Packaging,Hardware Container,Construction,7,12.68,9,78.72,1.47,0.444
Glass,Battery Packaging,Automotive,9,25.18,1,99.53,2.5,1.88
Corrugated Cardboard,Furniture Carton,Furniture,6,20.27,7,82.4,1.53,0.846
PLA Bioplastic,Makeup Box,Cosmetics,9,11.72,7,56.46,1.86,1.251
Glass,Perfume Bottle,Cosmetics,10,36.77,1,98.04,2.8,1.828
Kraft Paper,Appliance Carton,Home Appliances,5,11.27,10,89.55,0.89,0.613
Bagasse Fiber,Mobile Box,Electronics,5,12.48,9,70.94,0.91,0.49
Kraft Paper,Hardware Container,Construction,7,11.74,9,93.39,1.0,0.556
Recycled PET,Hardware Container,Construction,10,22.83,4,87.72,2.17,2.147
Kraft Paper,Oil Container,Automotive,6,13.42,9,89.11,1.26,0.569
Glass,Cement Liner Bag,Construction,10,36.52,1,95.3,3.24,1.831
Kraft Paper,Protective Box,Home Appliances,4,6.09,10,93.51,0.85,0.626
Mushroom Packaging,Cream Jar,Cosmetics,7,16.12,9,62.02,1.23,0.378
Mushroom Packaging,Perfume Bottle,Cosmetics,7,12.39,9,63.51,1.37,0.49
Glass,Syringe Pack,Healthcare,10,24.69,1,95.61,3.57,1.843
Aluminum,Tile Packaging,Construction,10,34.07,2,95.07,3.94,3.48
Mushroom Packaging,Furniture Carton,Furniture,5,10.09,9,74.65,2.58,0.301
Glass,Furniture Carton,Furniture,10,32.19,1,97.66,3.17,1.725
Corrugated Cardboard,Clothing Box,Textiles,8,19.04,7,85.38,1.54,0.825
Aluminum,Perfume Bottle,Cosmetics,10,32.76,2,99.42,5.08,3.515
Mushroom Packaging,Toy Box,Toys,6,13.61,10,61.66,2.99,0.445
PLA Bioplastic,Medical Container,Healthcare,7,19.86,7,57.72,1.08,1.204
Kraft Paper,Cement Liner Bag,Construction,6,9.28,9,86.25,0.88,0.674
Kraft Paper,Action Figure Pack,Toys,4,9.83,10,92.4,0.43,0.651
PLA Bioplastic,Electronic Blister Pack,Electronics,9,15.14,7,55.25,1.48,1.163
Bagasse Fiber,Laptop Box,Electronics,7,10.68,9,78.42,2.48,0.485
Recycled PET,Oil Container,Automotive,10,20.94,2,93.75,1.86,2.059
PLA Bioplastic,Clothing Box,Textiles,7,12.49,6,64.17,2.0,1.282
PLA Bioplastic,Action Figure Pack,Toys,9,17.38,8,66.48,2.24,1.211
Mushroom Packaging,Beverage Bottle,Food Packaging,7,9.81,10,77.4,2.82,0.318
Glass,Action Figure Pack,Toys,10,31.44,1,97.4,4.24,1.789
Aluminum,Protective Cushioning Pack,Furniture,10,30.28,1,99.93,2.53,3.449
Bagasse Fiber,Medical Container,Healthcare,6,7.79,10,74.32,1.35,0.548
PLA Bioplastic,Pizza Box,Food Packaging,8,8.48,6,67.37,2.04,1.13
PLA Bioplastic,TV Carton,Electronics,6,19.95,6,56.7,1.18,1.128
Bagasse Fiber,Fabric Wrap,Textiles,6,9.55,8,71.8,1.4,0.506
Glass,Clothing Box,Textiles,10,35.15,1,95.33,2.13,1.831
PLA Bioplastic,Action Figure Pack,Toys,6,19.24,6,58.12,1.16,1.116
Corrugated Cardboard,Garment Bag,Textiles,9,33.67,7,82.09,1.1,0.758
Recycled PET,Takeaway Container,Food Packaging,8,23.37,2,88.67,1.83,2.076
Kraft Paper,Fabric Wrap,Textiles,6,7.95,9,88.42,0.98,0.575
Corrugated Cardboard,Fabric Wrap,Textiles,7,34.39,9,87.07,1.53,0.767
Mushroom Packaging,Action Figure Pack,Toys,5,13.27,9,70.96,3.04,0.357
Bagasse Fiber,Oil Container,Automotive,6,7.37,8,74.92,1.14,0.51
Kraft Paper,Takeaway Container,Food Packaging,4,9.53,10,90.91,0.5,0.545
Aluminum,Cosmetic Tube,Cosmetics,9,20.16,2,96.24,2.81,3.533
Mushroom Packaging,Clothing Box,Textiles,7,14.14,10,69.52,2.66,0.399
Kraft Paper,Makeup Box,Cosmetics,6,11.05,8,91.11,1.15,0.526
Kraft Paper,Protective Cushioning Pack,Furniture,5,9.95,8,92.42,0.34,0.63
Aluminum,Cosmetic Tube,Cosmetics,8,25.97,1,95.9,5.31,3.627
Aluminum,Pizza Box,Food Packaging,10,24.94,2,99.52,2.66,3.483
Bagasse Fiber,Clothing Box,Textiles,7,10.02,9,81.77,1.72,0.514
Recycled PET,Pizza Box,Food Packaging,8,27.55,3,85.28,3.27,2.177
Aluminum,Laptop Box,Electronics,9,23.89,2,96.2,5.11,3.563
Bagasse Fiber,Spare Parts Box,Automotive,6,7.61,10,79.25,2.01,0.537
Recycled PET,Foam Insert Package,Home Appliances,9,24.08,3,94.3,3.5,2.133
Corrugated Cardboard,Makeup Box,Cosmetics,8,14.3,9,88.35,1.01,0.745
Glass,Pizza Box,Food Packaging,9,21.3,1,98.36,5.26,1.799
Recycled PET,Takeaway Container,Food Packaging,10,16.66,3,89.32,1.7,2.161
Aluminum,Appliance Carton,Home Appliances,10,25.03,1,98.93,5.18,3.524
Recycled PET,Protective Cushioning Pack,Furniture,8,26.29,4,85.98,2.87,2.131
Mushroom Packaging,Oil Container,Automotive,7,16.34,10,70.97,3.08,0.419
PLA Bioplastic,Action Figure Pack,Toys,6,14.37,7,50.21,1.9,1.18
Bagasse Fiber,Spare Parts Box,Automotive,6,11.86,8,81.85,1.89,0.551
PLA Bioplastic,Protective Cushioning Pack,Furniture,6,13.71,8,61.61,2.05,1.273
PLA Bioplastic,Foam Insert Package,Home Appliances,8,14.0,8,58.47,2.46,1.169
Recycled PET,Appliance Carton,Home Appliances,10,16.0,2,94.76,1.7,2.097
PLA Bioplastic,Electronic Blister Pack,Electronics,7,15.27,7,69.39,1.12,1.115
PLA Bioplastic,Cosmetic Tube,Cosmetics,6,8.77,7,66.14,1.49,1.133
Glass,Spare Parts Box,Automotive,10,37.0,1,97.69,2.64,1.757
Bagasse Fiber,Furniture Carton,Furniture,6,6.03,8,84.96,2.28,0.394
PLA Bioplastic,Makeup Box,Cosmetics,9,19.46,8,65.51,1.44,1.216
Mushroom Packaging,TV Carton,Electronics,5,12.73,10,62.34,3.44,0.38
Mushroom Packaging,Spare Parts Box,Automotive,5,8.3,10,71.75,1.97,0.362
Mushroom Packaging,Pizza Box,Food Packaging,6,9.92,10,68.28,1.62,0.402
Corrugated Cardboard,Spare Parts Box,Automotive,9,20.41,7,87.05,1.68,0.794
Glass,Tablet Blister Pack,Healthcare,10,26.19,1,95.58,4.63,1.833
Recycled PET,Makeup Box,Cosmetics,8,28.68,4,91.43,2.75,2.154
Corrugated Cardboard,Cosmetic Tube,Cosmetics,9,18.25,9,86.39,1.33,0.855
Recycled PET,Oil Container,Automotive,10,19.63,4,87.95,3.3,2.139
Corrugated Cardboard,Action Figure Pack,Toys,9,17.05,7,88.13,0.84,0.813
Kraft Paper,Toy Box,Toys,4,6.56,8,85.03,1.5,0.624
Aluminum,Electronic Blister Pack,Electronics,8,20.53,1,96.16,5.42,3.502
Mushroom Packaging,Hardware Container,Construction,5,12.69,9,77.35,2.7,0.355
Kraft Paper,Medical Container,Healthcare,7,9.27,8,89.24,0.54,0.574
Glass,Board Game Box,Toys,9,33.82,2,95.0,4.72,1.754
Mushroom Packaging,Oil Container,Automotive,5,17.23,9,73.76,1.37,0.466
Corrugated Cardboard,Spare Parts Box,Automotive,6,33.08,9,90.15,0.55,0.847
Glass,Cosmetic Tube,Cosmetics,9,23.14,2,98.49,3.03,1.798
Aluminum,Hardware Container,Construction,8,29.53,1,95.47,3.89,3.451
PLA Bioplastic,Perfume Bottle,Cosmetics,6,14.92,7,67.75,2.74,1.158
Bagasse Fiber,Tile Packaging,Construction,5,11.27,8,71.91,2.04,0.48
Mushroom Packaging,Beverage Bottle,Food Packaging,7,11.35,10,67.76,2.91,0.375
Aluminum,Medicine Box,Healthcare,9,34.89,2,95.34,3.78,3.56
Aluminum,Cement Liner Bag,Construction,8,29.96,2,99.41,3.54,3.515
Kraft Paper,Furniture Carton,Furniture,7,14.0,10,87.02,0.75,0.637
Glass,Mobile Box,Electronics,10,23.97,2,96.72,5.95,1.752
Kraft Paper,Tile Packaging,Construction,6,8.13,10,89.64,0.35,0.626
Kraft Paper,Assembly Kit Box,Furniture,4,12.98,10,85.1,1.34,0.645
Recycled PET,Cement Liner Bag,Construction,10,15.13,4,90.3,2.95,2.122
Glass,Laptop Box,Electronics,9,33.11,2,99.12,3.75,1.883
Corrugated Cardboard,Takeaway Container,Food Packaging,9,25.77,9,83.0,1.59,0.799
Bagasse Fiber,Mobile Box,Electronics,5,9.76,8,83.54,1.63,0.585
Bagasse Fiber,Food Tray,Food Packaging,6,6.88,10,79.66,2.28,0.409
PLA Bioplastic,Medical Container,Healthcare,9,14.03,8,66.0,2.8,1.253
Kraft Paper,Electronic Blister Pack,Electronics,6,9.3,9,91.74,0.81,0.622
Corrugated Cardboard,Toy Box,Toys,7,20.23,8,91.36,0.92,0.812
Mushroom Packaging,Fabric Wrap,Textiles,5,12.18,10,65.3,2.56,0.467
Kraft Paper,Laptop Box,Electronics,7,9.4,10,91.51,1.39,0.516
Bagasse Fiber,Cream Jar,Cosmetics,6,7.01,8,76.73,1.16,0.581
Kraft Paper,Cement Liner Bag,Construction,7,14.53,9,85.36,1.05,0.502
Mushroom Packaging,Cement Liner Bag,Construction,6,13.59,10,63.43,2.65,0.326
Kraft Paper,Assembly Kit Box,Furniture,5,5.64,9,87.14,1.18,0.6
Mushroom Packaging,Assembly Kit Box,Furniture,7,9.44,10,62.97,1.5,0.344
Aluminum,Perfume Bottle,Cosmetics,8,32.12,1,98.43,4.65,3.487
Glass,Cosmetic Tube,Cosmetics,10,26.19,1,95.94,5.64,1.847
Bagasse Fiber,Clothing Box,Textiles,6,6.11,9,75.25,1.11,0.444
Corrugated Cardboard,Board Game Box,Toys,6,16.57,7,90.87,0.86,0.683
PLA Bioplastic,Board Game Box,Toys,9,15.65,7,67.78,2.94,1.159
Corrugated Cardboard,Beverage Bottle,Food Packaging,9,27.29,7,90.81,0.77,0.892
Mushroom Packaging,Hardware Container,Construction,5,15.01,10,74.49,3.17,0.45
Bagasse Fiber,Laptop Box,Electronics,6,8.56,8,72.29,1.64,0.485
Aluminum,Clothing Box,Textiles,9,25.87,1,96.44,3.24,3.49
Glass,Makeup Box,Cosmetics,10,24.67,1,97.58,5.48,1.75
Bagasse Fiber,Electronic Blister Pack,Electronics,7,10.33,8,72.95,1.56,0.512
Glass,Toy Box,Toys,10,39.16,2,96.07,4.06,1.758
Corrugated Cardboard,Action Figure Pack,Toys,7,22.3,9,83.04,1.04,0.807
PLA Bioplastic,Tile Packaging,Construction,7,8.84,6,52.54,2.19,1.191
Aluminum,Laptop Box,Electronics,8,32.7,1,99.74,2.99,3.395
Recycled PET,Oil Container,Automotive,8,19.18,3,88.39,2.48,2.167
Bagasse Fiber,Garment Bag,Textiles,6,7.47,8,77.44,2.45,0.446
Recycled PET,Makeup Box,Cosmetics,10,25.02,2,94.65,2.15,2.228
Mushroom Packaging,Board Game Box,Toys,6,13.0,10,75.27,2.71,0.397
Bagasse Fiber,Food Tray,Food Packaging,7,14.93,9,81.29,1.35,0.446
Glass,Tile Packaging,Construction,9,30.44,2,97.01,5.09,1.787
Bagasse Fiber,Medicine Box,Healthcare,5,12.83,10,78.66,1.02,0.484
Recycled PET,Makeup Box,Cosmetics,9,19.52,4,91.5,3.92,2.082
Recycled PET,Toy Box,Toys,10,21.16,4,85.08,2.63,2.135
Recycled PET,Protective Box,Home Appliances,10,19.63,2,85.49,2.09,2.139
Kraft Paper,Hardware Container,Construction,7,7.42,8,85.83,0.39,0.608
Recycled PET,Tile Packaging,Construction,10,22.68,3,94.2,1.92,2.071
Aluminum,Toy Box,Toys,8,30.35,2,97.2,4.06,3.496
Recycled PET,Beverage Bottle,Food Packaging,10,24.12,3,93.17,2.34,2.106
Glass,Food Tray,Food Packaging,10,20.26,2,99.16,5.32,1.919
Bagasse Fiber,Beverage Bottle,Food Packaging,5,12.23,9,75.6,1.53,0.486
Kraft Paper,Medicine Box,Healthcare,4,5.34,9,90.46,0.6,0.566
Glass,Garment Bag,Textiles,10,28.58,2,99.16,4.47,1.786
Bagasse Fiber,Takeaway Container,Food Packaging,7,11.39,10,74.83,2.0,0.475
Recycled PET,Syringe Pack,Healthcare,10,19.88,3,92.55,1.92,2.103
PLA Bioplastic,Cosmetic Tube,Cosmetics,7,15.66,6,52.95,1.34,1.204
Aluminum,Foam Insert Package,Home Appliances,9,32.08,2,97.57,2.61,3.498
PLA Bioplastic,Medicine Box,Healthcare,9,14.32,8,66.78,2.47,1.157
Corrugated Cardboard,Electronic Blister Pack,Electronics,7,28.04,8,81.48,1.5,0.742
Kraft Paper,Cement Liner Bag,Construction,5,11.68,9,91.44,0.87,0.616
Recycled PET,Takeaway Container,Food Packaging,8,19.7,4,87.66,3.61,2.149
Recycled PET,Cream Jar,Cosmetics,10,29.81,3,90.77,3.51,2.071
Aluminum,Protective Cushioning Pack,Furniture,9,25.09,2,96.07,4.26,3.503
Glass,Fabric Wrap,Textiles,10,23.84,1,97.25,5.47,1.779
Corrugated Cardboard,Clothing Box,Textiles,6,26.54,7,85.11,0.81,0.732
Bagasse Fiber,Furniture Carton,Furniture,5,11.47,9,71.19,0.99,0.507
Corrugated Cardboard,Hardware Container,Construction,9,18.22,8,83.15,0.9,0.75
Mushroom Packaging,Laptop Box,Electronics,6,13.53,10,67.47,1.33,0.474
Mushroom Packaging,Cosmetic Tube,Cosmetics,6,13.13,9,66.81,2.42,0.361
Bagasse Fiber,Assembly Kit Box,Furniture,5,7.49,8,75.61,2.39,0.467
Mushroom Packaging,Tile Packaging,Construction,5,8.41,10,72.6,1.29,0.376
Corrugated Cardboard,Medical Container,Healthcare,6,24.46,9,81.42,0.68,0.884
Mushroom Packaging,Tablet Blister Pack,Healthcare,6,12.58,9,77.43,2.24,0.337
Kraft Paper,Assembly Kit Box,Furniture,6,8.82,9,88.68,1.42,0.644
Bagasse Fiber,Protective Cushioning Pack,Furniture,6,8.2,10,80.79,1.34,0.491
Glass,Toy Box,Toys,9,32.68,1,95.73,4.03,1.862
Glass,Pizza Box,Food Packaging,10,25.14,2,97.59,2.17,1.793
Kraft Paper,Tile Packaging,Construction,7,13.19,10,86.12,0.48,0.705
Mushroom Packaging,Board Game Box,Toys,7,10.93,9,64.4,3.47,0.38
Aluminum,Assembly Kit Box,Furniture,10,32.79,2,98.71,5.4,3.526
Glass,Beverage Bottle,Food Packaging,10,25.52,2,97.11,2.02,1.815
Mushroom Packaging,Action Figure Pack,Toys,7,15.18,10,75.27,3.39,0.424
Recycled PET,Medicine Box,Healthcare,10,26.19,2,88.29,3.1,2.158
Recycled PET,Spare Parts Box,Automotive,9,29.7,4,91.12,3.67,2.061
Glass,Appliance Carton,Home Appliances,10,34.04,1,99.55,3.82,1.793
Bagasse Fiber,Protective Cushioning Pack,Furniture,6,11.19,10,74.86,1.68,0.449
Glass,Fabric Wrap,Textiles,10,25.83,1,97.47,3.96,1.785
Recycled PET,Protective Cushioning Pack,Furniture,10,18.58,2,91.24,3.17,2.168
Bagasse Fiber,Food Tray,Food Packaging,7,11.8,10,83.43,1.04,0.604
Recycled PET,Tablet Blister Pack,Healthcare,10,21.24,4,91.89,1.57,2.079
Corrugated Cardboard,Furniture Carton,Furniture,9,28.65,9,87.04,0.96,0.743
Kraft Paper,Fabric Wrap,Textiles,7,9.81,9,94.39,1.15,0.641
Kraft Paper,Garment Bag,Textiles,4,5.31,8,88.55,0.54,0.57
Recycled PET,Laptop Box,Electronics,9,23.16,2,86.85,3.18,2.178
Bagasse Fiber,Foam Insert Package,Home Appliances,5,11.77,10,74.77,2.45,0.443
Corrugated Cardboard,Oil Container,Automotive,7,25.95,9,84.0,0.64,0.831
PLA Bioplastic,Medical Container,Healthcare,6,11.32,8,55.71,2.35,1.173
Recycled PET,Protective Cushioning Pack,Furniture,9,16.14,2,91.01,2.61,2.061
Aluminum,Oil Container,Automotive,10,34.02,1,97.04,5.1,3.499
Corrugated Cardboard,Board Game Box,Toys,9,27.55,8,91.9,0.77,0.796
Recycled PET,Spare Parts Box,Automotive,8,27.21,4,93.43,3.23,2.226
Glass,Mobile Box,Electronics,9,36.57,2,99.8,5.35,1.73
Corrugated Cardboard,Cream Jar,Cosmetics,7,33.64,9,81.94,1.92,0.673
Glass,Cream Jar,Cosmetics,9,27.51,2,99.54,4.73,1.816
Recycled PET,Laptop Box,Electronics,10,24.47,4,94.11,2.74,2.122
Recycled PET,Food Tray,Food Packaging,9,22.99,2,87.91,3.04,2.0
PLA Bioplastic,Tile Packaging,Construction,8,14.02,8,64.74,2.74,1.187
PLA Bioplastic,Fabric Wrap,Textiles,9,19.14,8,64.69,2.14,1.243
Bagasse Fiber,Food Tray,Food Packaging,7,9.05,10,80.43,0.85,0.446
Glass,Makeup Box,Cosmetics,10,29.85,2,97.24,5.72,1.862
Glass,Spare Parts Box,Automotive,9,36.65,2,96.52,4.76,1.734
Bagasse Fiber,Cream Jar,Cosmetics,6,7.52,8,73.94,1.95,0.535
Recycled PET,Cement Liner Bag,Construction,10,21.52,3,85.45,2.04,2.157
Mushroom Packaging,Spare Parts Box,Automotive,6,10.89,10,73.55,2.72,0.425
Mushroom Packaging,Assembly Kit Box,Furniture,7,8.77,10,70.82,2.11,0.337
Mushroom Packaging,Tile Packaging,Construction,5,13.13,9,74.43,2.7,0.351
Kraft Paper,Electronic Blister Pack,Electronics,4,12.32,9,91.26,0.43,0.565
Recycled PET,Appliance Carton,Home Appliances,9,22.01,2,90.65,3.14,2.216
Recycled PET,Toy Box,Toys,8,15.27,4,93.47,4.0,2.098
Recycled PET,Takeaway Container,Food Packaging,9,17.08,3,89.94,1.62,2.013
Aluminum,Toy Box,Toys,10,24.03,1,96.84,5.43,3.566
PLA Bioplastic,Hardware Container,Construction,9,17.43,8,57.12,1.81,1.152
PLA Bioplastic,Tile Packaging,Construction,7,13.99,6,68.85,2.74,1.136
Aluminum,Action Figure Pack,Toys,9,25.07,2,96.7,4.85,3.486
PLA Bioplastic,Syringe Pack,Healthcare,6,9.65,6,69.52,2.13,1.228
Glass,Foam Insert Package,Home Appliances,9,33.48,1,99.42,4.95,1.739
PLA Bioplastic,Electronic Blister Pack,Electronics,7,11.01,8,63.02,2.76,1.229
PLA Bioplastic,Cosmetic Tube,Cosmetics,7,10.74,8,54.03,1.81,1.22
Corrugated Cardboard,Oil Container,Automotive,9,24.65,8,86.24,0.99,0.822
Glass,Perfume Bottle,Cosmetics,9,23.88,2,95.35,4.67,1.842
Kraft Paper,Protective Box,Home Appliances,5,7.45,9,86.92,1.27,0.67
Bagasse Fiber,Pizza Box,Food Packaging,7,8.22,10,79.81,2.1,0.52
Bagasse Fiber,Appliance Carton,Home Appliances,7,6.11,10,83.19,2.16,0.475
Kraft Paper,Perfume Bottle,Cosmetics,5,10.49,8,90.8,0.82,0.606
PLA Bioplastic,Furniture Carton,Furniture,9,12.54,6,52.58,2.64,1.212
Kraft Paper,Assembly Kit Box,Furniture,6,7.94,10,88.01,0.44,0.678
Glass,Clothing Box,Textiles,10,24.65,1,95.43,4.18,1.806
Bagasse Fiber,Toy Box,Toys,5,6.53,10,77.02,0.81,0.47
Mushroom Packaging,Cream Jar,Cosmetics,6,13.28,9,79.68,1.95,0.324
Bagasse Fiber,Laptop Box,Electronics,7,11.61,9,70.89,1.42,0.571
Bagasse Fiber,Oil Container,Automotive,7,9.19,8,74.45,1.47,0.449
Glass,Oil Container,Automotive,10,29.13,2,95.52,4.78,1.747
Bagasse Fiber,Protective Cushioning Pack,Furniture,5,6.4,8,72.26,1.46,0.446
Mushroom Packaging,Electronic Blister Pack,Electronics,6,9.46,9,67.1,2.23,0.409
Aluminum,Clothing Box,Textiles,8,24.57,1,95.1,3.21,3.564
Bagasse Fiber,Medical Container,Healthcare,6,13.32,8,80.73,1.43,0.444
Recycled PET,Hardware Container,Construction,8,20.4,3,86.69,2.07,2.069
Mushroom Packaging,Action Figure Pack,Toys,5,17.79,9,61.56,1.37,0.418
Kraft Paper,Appliance Carton,Home Appliances,6,11.71,9,87.96,1.02,0.714
Glass,Spare Parts Box,Automotive,10,32.94,1,97.92,4.67,1.803
PLA Bioplastic,Board Game Box,Toys,8,13.58,6,69.0,2.24,1.202
Kraft Paper,Protective Cushioning Pack,Furniture,4,7.88,8,85.62,0.86,0.619
Corrugated Cardboard,Protective Box,Home Appliances,6,15.47,8,82.61,1.07,0.733
Recycled PET,Tile Packaging,Construction,10,29.09,4,87.85,3.66,2.143
Bagasse Fiber,Clothing Box,Textiles,6,14.9,8,73.39,1.68,0.478
PLA Bioplastic,Syringe Pack,Healthcare,6,16.05,6,50.68,1.96,1.172
PLA Bioplastic,Perfume Bottle,Cosmetics,9,12.15,8,50.88,1.05,1.174
Aluminum,Battery Packaging,Automotive,9,26.76,2,99.77,3.52,3.522
PLA Bioplastic,Syringe Pack,Healthcare,7,11.72,7,52.14,1.76,1.253
Kraft Paper,Clothing Box,Textiles,4,13.82,8,91.91,0.78,0.624
Glass,Oil Container,Automotive,9,26.81,1,97.45,4.32,1.859
PLA Bioplastic,Appliance Carton,Home Appliances,8,8.74,8,63.75,2.07,1.19
Kraft Paper,Board Game Box,Toys,5,6.58,9,86.45,1.03,0.618
Kraft Paper,Spare Parts Box,Automotive,5,13.04,10,89.07,1.22,0.514
Kraft Paper,Toy Box,Toys,5,6.28,9,88.75,1.28,0.526
Glass,Clothing Box,Textiles,10,24.84,1,99.55,4.87,1.768
Mushroom Packaging,Cement Liner Bag,Construction,5,10.28,9,76.28,3.4,0.459
Kraft Paper,Cosmetic Tube,Cosmetics,6,12.37,8,89.68,0.32,0.633
PLA Bioplastic,Battery Packaging,Automotive,8,19.79,6,53.3,1.39,1.148
Bagasse Fiber,Beverage Bottle,Food Packaging,5,8.51,10,75.84,0.81,0.551
Mushroom Packaging,Battery Packaging,Automotive,7,16.03,10,73.91,2.69,0.346
Recycled PET,Protective Box,Home Appliances,10,19.13,2,94.36,3.75,2.082
Mushroom Packaging,Fabric Wrap,Textiles,6,15.92,10,62.64,1.76,0.298
Recycled PET,Board Game Box,Toys,10,26.74,2,94.87,3.82,2.101
Aluminum,Spare Parts Box,Automotive,8,22.43,2,99.61,2.68,3.595
Bagasse Fiber,Clothing Box,Textiles,7,11.78,9,74.06,2.39,0.49
Bagasse Fiber,Mobile Box,Electronics,7,9.23,9,75.89,1.4,0.58
Glass,Makeup Box,Cosmetics,9,33.71,1,95.8,2.41,1.711
Aluminum,Oil Container,Automotive,9,28.81,2,95.12,3.96,3.505
Bagasse Fiber,Mobile Box,Electronics,5,14.66,9,74.28,1.24,0.397
Kraft Paper,Perfume Bottle,Cosmetics,7,14.67,9,92.67,0.64,0.536
PLA Bioplastic,Fabric Wrap,Textiles,9,14.28,8,60.64,1.61,1.256
Corrugated Cardboard,Beverage Bottle,Food Packaging,8,15.38,9,91.59,1.7,0.8
Kraft Paper,Tablet Blister Pack,Healthcare,7,10.55,9,87.18,0.95,0.644
Mushroom Packaging,Tablet Blister Pack,Healthcare,6,12.81,9,75.86,1.92,0.41
Mushroom Packaging,Garment Bag,Textiles,5,10.61,9,79.32,2.6,0.367
Corrugated Cardboard,Takeaway Container,Food Packaging,7,14.65,9,89.4,1.57,0.79
Kraft Paper,Action Figure Pack,Toys,7,11.86,8,91.22,0.63,0.683
Aluminum,Cream Jar,Cosmetics,9,20.49,2,98.3,3.74,3.564
Aluminum,Board Game Box,Toys,10,20.54,1,99.21,2.87,3.503
PLA Bioplastic,Foam Insert Package,Home Appliances,7,17.22,7,69.83,1.36,1.155
Recycled PET,Laptop Box,Electronics,8,15.03,2,94.71,3.2,2.059
Kraft Paper,TV Carton,Electronics,6,7.15,10,93.23,0.52,0.591
Recycled PET,Appliance Carton,Home Appliances,10,25.22,4,89.65,2.81,2.013
Aluminum,Food Tray,Food Packaging,8,26.15,2,98.48,4.63,3.436
Kraft Paper,Electronic Blister Pack,Electronics,7,11.59,8,87.11,0.43,0.519
Corrugated Cardboard,Medicine Box,Healthcare,6,29.07,8,88.54,1.35,0.799
Corrugated Cardboard,Medical Container,Healthcare,6,20.37,7,89.42,0.88,0.772
Kraft Paper,Takeaway Container,Food Packaging,5,8.05,8,91.25,1.46,0.634
PLA Bioplastic,Tile Packaging,Construction,6,9.36,7,50.64,1.97,1.241
Aluminum,Clothing Box,Textiles,10,28.94,1,98.24,4.92,3.411
Glass,Clothing Box,Textiles,10,23.97,1,99.9,4.2,1.801
Kraft Paper,Cream Jar,Cosmetics,7,8.98,8,93.95,0.35,0.551
Kraft Paper,Medicine Box,Healthcare,5,6.19,9,86.55,1.06,0.687
Glass,Furniture Carton,Furniture,10,36.22,1,99.12,5.81,1.778
Corrugated Cardboard,Medicine Box,Healthcare,6,19.19,9,80.08,1.4,0.868
Glass,Furniture Carton,Furniture,10,21.11,1,96.68,5.28,1.798
Recycled PET,Protective Cushioning Pack,Furniture,8,20.5,2,91.66,3.71,2.155
Aluminum,Garment Bag,Textiles,8,29.66,1,97.58,3.18,3.473
Mushroom Packaging,Cream Jar,Cosmetics,6,13.99,9,69.93,1.69,0.358
Corrugated Cardboard,Fabric Wrap,Textiles,9,23.87,7,91.57,1.42,0.812
Mushroom Packaging,Beverage Bottle,Food Packaging,5,16.91,10,63.61,2.15,0.464
Bagasse Fiber,Furniture Carton,Furniture,6,14.91,10,71.5,2.23,0.549
Corrugated Cardboard,Clothing Box,Textiles,7,30.77,7,88.91,1.85,0.847
Glass,TV Carton,Electronics,9,28.23,2,99.22,3.41,1.79
Bagasse Fiber,Board Game Box,Toys,7,14.17,9,81.31,1.2,0.537
Kraft Paper,Mobile Box,Electronics,5,6.23,8,88.05,1.24,0.637
Mushroom Packaging,Spare Parts Box,Automotive,5,14.14,10,64.69,1.83,0.388
Corrugated Cardboard,Protective Box,Home Appliances,6,29.41,7,80.04,1.73,0.789
Kraft Paper,Assembly Kit Box,Furniture,5,11.2,10,93.24,0.81,0.584
Recycled PET,Medical Container,Healthcare,8,19.34,4,94.14,3.17,2.047
Corrugated Cardboard,Foam Insert Package,Home Appliances,8,33.2,9,84.65,0.64,0.789
Bagasse Fiber,Tile Packaging,Construction,7,12.68,8,84.67,1.86,0.529
PLA Bioplastic,Appliance Carton,Home Appliances,7,18.29,7,57.25,1.9,1.23
Kraft Paper,Spare Parts Box,Automotive,6,6.78,9,86.86,1.0,0.596
Recycled PET,Cream Jar,Cosmetics,9,29.26,4,86.24,1.92,2.066
Aluminum,Takeaway Container,Food Packaging,9,33.65,1,97.4,4.71,3.433
PLA Bioplastic,Furniture Carton,Furniture,7,19.37,8,66.37,2.73,1.226
Glass,Medicine Box,Healthcare,10,34.16,1,96.87,2.87,1.733
Recycled PET,Tile Packaging,Construction,9,26.27,4,93.66,1.74,2.076
Corrugated Cardboard,Mobile Box,Electronics,8,29.07,7,91.13,0.54,0.817
Aluminum,Protective Box,Home Appliances,10,26.25,2,96.2,4.43,3.528
Glass,Oil Container,Automotive,10,23.54,2,95.06,4.43,1.807
Aluminum,Laptop Box,Electronics,10,23.03,2,95.03,4.14,3.533
Mushroom Packaging,Syringe Pack,Healthcare,6,16.95,9,77.34,1.73,0.453
Corrugated Cardboard,Toy Box,Toys,9,10.29,8,86.7,1.09,0.763
PLA Bioplastic,Beverage Bottle,Food Packaging,7,10.79,8,67.85,2.19,1.203
Recycled PET,Cement Liner Bag,Construction,10,21.15,3,88.41,2.74,2.091
PLA Bioplastic,Board Game Box,Toys,6,14.44,7,54.6,2.98,1.204
Bagasse Fiber,Toy Box,Toys,6,14.1,10,84.05,1.03,0.475
Glass,Oil Container,Automotive,10,26.07,2,98.17,4.78,1.803
Aluminum,Assembly Kit Box,Furniture,8,33.63,2,97.78,3.71,3.446
Aluminum,Beverage Bottle,Food Packaging,9,26.24,2,98.79,3.78,3.468
Mushroom Packaging,Medical Container,Healthcare,7,9.61,10,69.74,2.85,0.482
Aluminum,Hardware Container,Construction,9,23.98,1,99.86,4.58,3.467
Aluminum,Appliance Carton,Home Appliances,8,23.17,2,96.11,5.47,3.474
Corrugated Cardboard,Cement Liner Bag,Construction,8,17.99,7,83.42,0.69,0.918
Kraft Paper,Mobile Box,Electronics,6,11.69,9,94.16,0.42,0.521
Kraft Paper,Battery Packaging,Automotive,4,11.83,9,93.21,1.17,0.582
Glass,Food Tray,Food Packaging,10,32.01,2,97.17,4.31,1.809
Aluminum,Appliance Carton,Home Appliances,8,20.59,2,98.39,3.32,3.556
Kraft Paper,Beverage Bottle,Food Packaging,4,9.69,10,93.68,0.4,0.621
Mushroom Packaging,Tile Packaging,Construction,6,13.19,9,63.55,1.4,0.397
Mushroom Packaging,Oil Container,Automotive,5,10.58,10,64.64,3.26,0.461
Corrugated Cardboard,Medicine Box,Healthcare,8,23.84,9,86.23,0.79,0.784
Corrugated Cardboard,Beverage Bottle,Food Packaging,9,20.12,8,85.98,0.99,0.86
Kraft Paper,Toy Box,Toys,7,6.4,8,93.6,0.57,0.471
Kraft Paper,Protective Box,Home Appliances,6,11.27,9,91.79,0.73,0.558
Bagasse Fiber,Protective Cushioning Pack,Furniture,5,9.38,10,83.12,0.92,0.56
Recycled PET,Laptop Box,Electronics,9,15.32,2,85.19,2.8,2.099
Mushroom Packaging,Takeaway Container,Food Packaging,5,17.29,9,71.96,1.36,0.441
PLA Bioplastic,Takeaway Container,Food Packaging,7,13.13,6,64.46,2.6,1.152
Mushroom Packaging,Assembly Kit Box,Furniture,5,14.29,9,77.94,1.74,0.422
Glass,Furniture Carton,Furniture,9,26.3,1,98.53,4.16,1.843
PLA Bioplastic,Protective Cushioning Pack,Furniture,6,19.58,6,59.46,2.76,1.217
Kraft Paper,Syringe Pack,Healthcare,4,9.16,8,88.31,1.08,0.647
Bagasse Fiber,Cream Jar,Cosmetics,5,6.75,8,74.12,1.71,0.549
Aluminum,Clothing Box,Textiles,10,24.77,2,97.55,3.47,3.475
Kraft Paper,Electronic Blister Pack,Electronics,4,5.99,8,85.12,0.7,0.633
Glass,Food Tray,Food Packaging,10,37.47,1,96.36,4.68,1.793
Recycled PET,Furniture Carton,Furniture,8,28.89,4,93.13,3.99,2.092
Recycled PET,Fabric Wrap,Textiles,9,16.33,4,85.41,3.15,2.075
Kraft Paper,Hardware Container,Construction,4,8.6,9,92.49,0.97,0.6
Corrugated Cardboard,Laptop Box,Electronics,6,27.83,8,81.18,1.6,0.805
PLA Bioplastic,Action Figure Pack,Toys,8,8.09,6,66.42,1.93,1.107
Bagasse Fiber,Furniture Carton,Furniture,6,8.26,10,83.67,0.9,0.549
PLA Bioplastic,Beverage Bottle,Food Packaging,7,19.97,7,55.95,2.12,1.148
Mushroom Packaging,Medicine Box,Healthcare,5,11.89,10,70.64,3.4,0.491
Aluminum,Appliance Carton,Home Appliances,8,22.86,2,97.11,3.03,3.468
Bagasse Fiber,Board Game Box,Toys,7,6.54,8,73.49,1.97,0.539
Kraft Paper,Hardware Container,Construction,5,11.13,8,86.66,0.54,0.613
Glass,Mobile Box,Electronics,10,35.61,1,99.29,4.14,1.772
Glass,Board Game Box,Toys,9,22.84,2,95.04,2.39,1.784
Aluminum,Appliance Carton,Home Appliances,10,31.48,1,97.18,3.85,3.523
Glass,Perfume Bottle,Cosmetics,10,27.54,2,98.0,5.02,1.824
PLA Bioplastic,Makeup Box,Cosmetics,9,12.6,7,57.6,1.7,1.166
Glass,Electronic Blister Pack,Electronics,10,32.03,2,95.66,4.66,1.735
Kraft Paper,Cream Jar,Cosmetics,4,7.43,10,92.77,1.25,0.611
Mushroom Packaging,Syringe Pack,Healthcare,6,10.54,9,66.19,3.33,0.386
Aluminum,Furniture Carton,Furniture,8,32.14,1,97.73,3.2,3.512
Kraft Paper,Tile Packaging,Construction,6,10.05,8,88.99,0.78,0.604
PLA Bioplastic,Tablet Blister Pack,Healthcare,8,17.81,7,50.84,1.3,1.219
Corrugated Cardboard,Beverage Bottle,Food Packaging,8,24.07,7,91.26,1.99,0.761
Kraft Paper,Hardware Container,Construction,7,5.82,10,91.43,1.41,0.551
Aluminum,Action Figure Pack,Toys,9,27.2,2,99.2,4.12,3.555
PLA Bioplastic,Cement Liner Bag,Construction,8,9.24,6,55.93,2.68,1.166
PLA Bioplastic,Mobile Box,Electronics,6,18.89,7,58.66,2.04,1.165
Recycled PET,Cement Liner Bag,Construction,9,26.39,3,94.73,3.06,2.173
PLA Bioplastic,Food Tray,Food Packaging,8,12.73,7,64.58,1.18,1.211
Recycled PET,Assembly Kit Box,Furniture,10,28.54,3,87.9,3.39,2.099
Glass,Toy Box,Toys,9,23.36,1,99.87,2.51,1.969
PLA Bioplastic,Protective Cushioning Pack,Furniture,8,19.31,6,52.07,2.65,1.234
Glass,Cream Jar,Cosmetics,10,32.46,2,98.57,5.13,1.784
Glass,Clothing Box,Textiles,10,29.97,2,96.78,4.83,1.813
PLA Bioplastic,Perfume Bottle,Cosmetics,8,17.23,8,52.07,1.07,1.21
Bagasse Fiber,Food Tray,Food Packaging,6,10.8,9,73.7,1.32,0.463
Bagasse Fiber,Hardware Container,Construction,5,12.4,10,78.85,1.25,0.505
PLA Bioplastic,Beverage Bottle,Food Packaging,7,8.45,8,51.32,1.72,1.137
Aluminum,TV Carton,Electronics,8,26.48,1,95.34,2.76,3.516
Kraft Paper,Furniture Carton,Furniture,4,8.27,8,92.8,1.42,0.643
Recycled PET,Medicine Box,Healthcare,8,23.16,2,91.79,2.88,2.115
Recycled PET,Action Figure Pack,Toys,9,26.46,4,89.45,2.26,2.192
Recycled PET,Oil Container,Automotive,9,26.23,3,88.02,2.49,2.085
Corrugated Cardboard,Toy Box,Toys,6,12.26,7,87.11,1.17,0.853
Mushroom Packaging,Action Figure Pack,Toys,5,15.67,9,72.46,2.58,0.457
PLA Bioplastic,Mobile Box,Electronics,6,12.58,7,58.04,2.03,1.136
PLA Bioplastic,Assembly Kit Box,Furniture,8,8.88,8,50.93,2.84,1.192
Corrugated Cardboard,Electronic Blister Pack,Electronics,8,20.85,8,87.08,1.25,0.788
Glass,Foam Insert Package,Home Appliances,9,25.94,2,97.25,5.97,1.763
Corrugated Cardboard,Action Figure Pack,Toys,9,34.77,7,80.12,1.78,0.755
Recycled PET,Hardware Container,Construction,9,17.42,2,86.4,2.02,2.104
Recycled PET,Action Figure Pack,Toys,10,24.59,2,93.6,3.83,2.105
Bagasse Fiber,Board Game Box,Toys,6,6.51,8,83.85,1.0,0.438
Glass,Action Figure Pack,Toys,10,33.32,1,98.76,5.27,1.741
Recycled PET,Laptop Box,Electronics,10,27.02,2,88.58,2.45,2.091
Mushroom Packaging,Protective Cushioning Pack,Furniture,7,11.97,9,76.76,3.22,0.39
Mushroom Packaging,Board Game Box,Toys,6,13.79,9,67.37,3.2,0.359
Corrugated Cardboard,Hardware Container,Construction,7,28.88,7,89.18,1.71,0.836
Recycled PET,Tablet Blister Pack,Healthcare,8,22.13,3,88.82,3.48,2.112
Kraft Paper,Cement Liner Bag,Construction,7,9.46,9,93.33,0.67,0.658
Corrugated Cardboard,Garment Bag,Textiles,6,22.81,7,83.11,0.62,0.892
Glass,Toy Box,Toys,9,29.24,1,96.08,3.61,1.753
Aluminum,Medical Container,Healthcare,10,31.23,2,95.94,3.02,3.514
Corrugated Cardboard,Protective Cushioning Pack,Furniture,6,33.86,9,81.72,1.54,0.847
Mushroom Packaging,Medicine Box,Healthcare,6,11.88,10,61.37,2.0,0.441
Glass,Protective Box,Home Appliances,10,37.65,1,95.36,5.9,1.754
Corrugated Cardboard,Protective Cushioning Pack,Furniture,9,14.61,8,89.99,1.46,0.791
Corrugated Cardboard,Protective Box,Home Appliances,9,12.9,9,83.8,1.73,0.77
Kraft Paper,Mobile Box,Electronics,5,13.98,9,90.78,0.46,0.622
Kraft Paper,Foam Insert Package,Home Appliances,4,5.95,9,87.68,1.33,0.593
Recycled PET,Food Tray,Food Packaging,10,21.84,4,85.25,3.81,2.102
PLA Bioplastic,Protective Box,Home Appliances,7,12.37,8,59.64,1.97,1.218
Bagasse Fiber,Beverage Bottle,Food Packaging,7,10.43,8,73.43,1.83,0.524
Recycled PET,Takeaway Container,Food Packaging,10,15.28,4,86.75,3.41,2.071
Mushroom Packaging,Spare Parts Box,Automotive,6,15.23,10,63.08,1.6,0.499
Recycled PET,Clothing Box,Textiles,9,22.48,2,92.1,2.76,2.138
Recycled PET,Pizza Box,Food Packaging,8,25.58,2,91.46,2.5,2.058
Glass,Spare Parts Box,Automotive,10,24.5,2,97.36,2.59,1.756
Recycled PET,Toy Box,Toys,10,18.03,3,93.06,2.42,2.144
Bagasse Fiber,Hardware Container,Construction,6,10.44,9,77.54,0.92,0.439
PLA Bioplastic,Perfume Bottle,Cosmetics,8,16.67,7,67.95,1.05,1.136
Recycled PET,Garment Bag,Textiles,10,21.5,2,92.07,1.84,2.132
Kraft Paper,Medicine Box,Healthcare,4,11.71,9,85.97,1.46,0.661
Glass,Clothing Box,Textiles,10,21.34,2,97.98,4.2,1.765
Aluminum,Protective Cushioning Pack,Furniture,10,25.59,2,96.61,5.4,3.576
PLA Bioplastic,TV Carton,Electronics,7,11.06,8,61.55,1.86,1.211
Recycled PET,Makeup Box,Cosmetics,8,18.03,3,94.55,2.28,2.066
Mushroom Packaging,Clothing Box,Textiles,6,13.06,10,66.86,2.36,0.4
Recycled PET,Mobile Box,Electronics,10,18.43,2,85.44,2.6,2.17
Glass,Protective Cushioning Pack,Furniture,9,35.44,2,99.27,2.42,1.812
Kraft Paper,Medical Container,Healthcare,4,7.92,9,94.79,1.07,0.659
Corrugated Cardboard,Appliance Carton,Home Appliances,7,25.65,7,83.37,0.82,0.859
Glass,Spare Parts Box,Automotive,10,30.22,1,96.7,4.48,1.827
Corrugated Cardboard,Electronic Blister Pack,Electronics,7,12.15,7,82.36,1.48,0.806
Mushroom Packaging,Appliance Carton,Home Appliances,6,16.46,10,71.7,1.55,0.409
Recycled PET,Foam Insert Package,Home Appliances,8,18.71,2,90.44,1.65,2.069
Bagasse Fiber,Board Game Box,Toys,5,9.37,8,73.16,2.13,0.394
PLA Bioplastic,Cosmetic Tube,Cosmetics,8,15.74,6,66.38,1.92,1.262
Recycled PET,Clothing Box,Textiles,9,25.36,4,86.53,1.65,2.164
Mushroom Packaging,Tablet Blister Pack,Healthcare,6,9.28,9,76.01,3.49,0.321
Aluminum,Mobile Box,Electronics,9,24.5,1,99.21,2.67,3.375
Recycled PET,Assembly Kit Box,Furniture,9,27.1,2,93.9,3.24,2.062
Bagasse Fiber,Protective Box,Home Appliances,6,6.54,9,84.56,2.47,0.474
Bagasse Fiber,Protective Box,Home Appliances,5,9.73,9,82.52,1.21,0.607
Glass,Clothing Box,Textiles,9,37.46,1,99.85,2.57,1.717
Glass,Appliance Carton,Home Appliances,10,37.17,2,95.1,2.49,1.888
Glass,Clothing Box,Textiles,9,26.22,2,99.53,3.21,1.776
Bagasse Fiber,Electronic Blister Pack,Electronics,5,13.87,8,76.05,0.97,0.553
Glass,Garment Bag,Textiles,10,37.06,2,99.49,4.77,1.873
Glass,Garment Bag,Textiles,10,33.15,2,95.7,2.25,1.769
PLA Bioplastic,Tablet Blister Pack,Healthcare,8,9.91,7,64.73,2.02,1.235
Glass,Garment Bag,Textiles,9,31.22,2,96.78,5.99,1.796
Bagasse Fiber,Takeaway Container,Food Packaging,7,6.39,8,71.05,2.18,0.539
Aluminum,Pizza Box,Food Packaging,8,33.06,2,98.78,4.35,3.468
Recycled PET,Makeup Box,Cosmetics,10,28.36,4,90.91,2.27,2.044
Aluminum,Fabric Wrap,Textiles,10,30.14,2,96.78,4.37,3.505
Recycled PET,Tile Packaging,Construction,9,29.4,4,90.22,2.82,2.157
Aluminum,Clothing Box,Textiles,10,30.54,1,98.33,3.78,3.495
PLA Bioplastic,Medical Container,Healthcare,6,8.41,6,64.14,1.26,1.155
PLA Bioplastic,Syringe Pack,Healthcare,6,13.02,7,51.88,2.77,1.196
Mushroom Packaging,Board Game Box,Toys,7,17.68,10,74.25,2.23,0.424
Corrugated Cardboard,Protective Box,Home Appliances,6,11.01,7,89.27,0.79,0.811
Kraft Paper,Pizza Box,Food Packaging,4,6.33,8,89.22,0.74,0.542
Kraft Paper,Pizza Box,Food Packaging,7,6.08,10,85.89,0.8,0.709
Glass,Toy Box,Toys,9,20.67,2,97.76,5.31,1.75
Kraft Paper,Battery Packaging,Automotive,5,9.44,10,90.31,1.18,0.564
Corrugated Cardboard,Cement Liner Bag,Construction,8,13.28,9,84.57,1.65,0.816
Mushroom Packaging,Toy Box,Toys,7,13.6,10,75.38,1.23,0.254
Aluminum,Medicine Box,Healthcare,8,31.02,2,96.57,3.75,3.482
Mushroom Packaging,Tile Packaging,Construction,5,15.31,9,79.86,2.31,0.298
Aluminum,Tile Packaging,Construction,8,34.54,1,97.66,2.56,3.508
Corrugated Cardboard,Garment Bag,Textiles,9,26.04,8,90.33,0.89,0.789
Bagasse Fiber,Perfume Bottle,Cosmetics,5,7.55,8,76.59,2.09,0.581
Aluminum,Hardware Container,Construction,10,29.69,1,95.09,2.91,3.509
Corrugated Cardboard,Oil Container,Automotive,6,32.55,8,83.46,1.3,0.821
Glass,Cream Jar,Cosmetics,10,31.26,2,97.23,2.86,1.826
Kraft Paper,Fabric Wrap,Textiles,7,8.65,10,85.2,0.31,0.634
Corrugated Cardboard,Tablet Blister Pack,Healthcare,9,10.36,9,90.25,0.86,0.764
Bagasse Fiber,Battery Packaging,Automotive,7,9.74,10,70.71,2.46,0.528
Bagasse Fiber,Hardware Container,Construction,7,8.92,10,81.43,2.16,0.466
Glass,Food Tray,Food Packaging,10,21.23,1,97.08,5.84,1.809
Aluminum,Medical Container,Healthcare,10,25.08,2,99.7,3.96,3.47
Aluminum,Hardware Container,Construction,10,34.65,1,96.0,2.83,3.474
Aluminum,Hardware Container,Construction,9,25.74,2,99.95,4.14,3.451
Aluminum,Garment Bag,Textiles,8,31.17,2,98.11,3.86,3.48
Glass,Medical Container,Healthcare,9,36.7,1,98.92,5.38,1.776
Kraft Paper,Beverage Bottle,Food Packaging,7,11.21,8,94.02,0.42,0.671
Mushroom Packaging,Action Figure Pack,Toys,5,9.2,10,67.68,2.32,0.43
Kraft Paper,Oil Container,Automotive,6,5.44,10,85.52,0.48,0.586
Aluminum,Foam Insert Package,Home Appliances,10,20.98,2,95.51,3.47,3.494
Bagasse Fiber,Protective Cushioning Pack,Furniture,7,9.81,8,74.48,2.05,0.437
Recycled PET,Syringe Pack,Healthcare,10,23.38,4,90.1,2.69,2.181
Mushroom Packaging,Board Game Box,Toys,7,8.19,10,68.52,2.06,0.396
Recycled PET,Action Figure Pack,Toys,8,20.22,3,93.52,2.49,2.104
Aluminum,Syringe Pack,Healthcare,8,33.46,2,99.15,3.88,3.403
Glass,Pizza Box,Food Packaging,9,36.42,1,98.06,5.14,1.851
Aluminum,Protective Cushioning Pack,Furniture,10,23.12,1,95.45,5.18,3.466
Aluminum,Assembly Kit Box,Furniture,10,24.5,1,95.22,5.37,3.477
Glass,Makeup Box,Cosmetics,10,25.25,1,98.17,5.15,1.833
Aluminum,Garment Bag,Textiles,9,20.71,2,98.54,3.45,3.516
Recycled PET,Toy Box,Toys,9,23.31,4,88.07,3.22,2.078
Aluminum,Laptop Box,Electronics,8,26.15,2,97.16,3.81,3.532
Mushroom Packaging,Tile Packaging,Construction,6,14.45,10,61.36,1.79,0.422
Recycled PET,Beverage Bottle,Food Packaging,9,17.14,2,92.8,3.6,2.062
Aluminum,Medical Container,Healthcare,10,25.34,1,95.07,2.62,3.525
Corrugated Cardboard,Spare Parts Box,Automotive,7,17.84,9,81.78,1.85,0.819
Glass,Tablet Blister Pack,Healthcare,10,36.53,1,97.83,3.85,1.762
PLA Bioplastic,Food Tray,Food Packaging,7,18.31,8,68.34,2.27,1.226
Mushroom Packaging,Garment Bag,Textiles,7,11.63,9,76.85,2.72,0.392
Corrugated Cardboard,Toy Box,Toys,7,10.11,9,87.17,1.84,0.751
Bagasse Fiber,Takeaway Container,Food Packaging,7,6.99,10,70.26,1.88,0.495
Aluminum,Action Figure Pack,Toys,10,30.94,1,97.79,4.34,3.482
Corrugated Cardboard,Medicine Box,Healthcare,7,15.47,8,81.62,0.6,0.795
Glass,Hardware Container,Construction,10,37.66,2,96.14,4.07,1.765
PLA Bioplastic,Foam Insert Package,Home Appliances,6,12.57,7,59.63,1.3,1.144
Bagasse Fiber,Hardware Container,Construction,6,14.91,10,75.34,2.05,0.549
Aluminum,Oil Container,Automotive,8,29.18,2,98.67,4.04,3.455
Recycled PET,Furniture Carton,Furniture,8,29.56,3,93.35,3.2,2.116
Recycled PET,Cement Liner Bag,Construction,9,17.88,3,85.99,1.6,2.148
Corrugated Cardboard,Laptop Box,Electronics,6,17.63,9,86.97,0.63,0.767
Bagasse Fiber,Cream Jar,Cosmetics,5,8.4,8,75.48,2.02,0.564
Bagasse Fiber,Medicine Box,Healthcare,7,6.07,8,76.73,0.92,0.506
Aluminum,Hardware Container,Construction,8,26.97,1,97.13,2.71,3.542
Recycled PET,Tile Packaging,Construction,10,16.76,2,87.24,1.53,2.115
Glass,Perfume Bottle,Cosmetics,10,36.63,1,96.97,5.83,1.875
Kraft Paper,Appliance Carton,Home Appliances,7,7.78,8,89.0,1.19,0.576
Bagasse Fiber,Food Tray,Food Packaging,6,10.23,8,71.22,1.4,0.482
Corrugated Cardboard,Electronic Blister Pack,Electronics,9,26.8,7,88.2,0.94,0.826
Mushroom Packaging,Protective Cushioning Pack,Furniture,6,16.58,10,76.46,2.0,0.385
Corrugated Cardboard,Clothing Box,Textiles,8,29.59,7,89.95,1.66,0.815
Glass,Cement Liner Bag,Construction,9,31.54,1,96.25,4.65,1.816
Kraft Paper,Hardware Container,Construction,4,11.89,8,89.16,0.52,0.636
Bagasse Fiber,Clothing Box,Textiles,6,6.48,8,80.45,1.1,0.495
Bagasse Fiber,Syringe Pack,Healthcare,7,9.07,9,75.33,0.97,0.451
Glass,Garment Bag,Textiles,9,29.77,1,97.99,4.64,1.785
PLA Bioplastic,Action Figure Pack,Toys,6,16.88,8,57.51,2.53,1.194
Aluminum,Hardware Container,Construction,8,32.82,2,99.02,3.3,3.503
Kraft Paper,Appliance Carton,Home Appliances,5,8.37,10,93.38,0.33,0.693
Bagasse Fiber,Medicine Box,Healthcare,6,6.75,8,82.77,0.94,0.486
Aluminum,Tile Packaging,Construction,10,32.49,2,95.51,5.4,3.452
Bagasse Fiber,Fabric Wrap,Textiles,5,8.71,8,78.22,1.3,0.534
Mushroom Packaging,Syringe Pack,Healthcare,7,15.24,9,69.28,2.97,0.401
Aluminum,Furniture Carton,Furniture,8,32.91,1,96.68,4.37,3.4
Recycled PET,TV Carton,Electronics,9,16.27,3,93.08,2.45,2.095
Corrugated Cardboard,Fabric Wrap,Textiles,9,14.7,9,85.32,0.81,0.759
Aluminum,Beverage Bottle,Food Packaging,10,33.56,2,98.24,2.86,3.547
Bagasse Fiber,Foam Insert Package,Home Appliances,6,13.3,9,80.73,1.85,0.522
Aluminum,Cream Jar,Cosmetics,10,26.21,1,99.32,4.82,3.486
Recycled PET,Takeaway Container,Food Packaging,8,28.5,4,92.97,3.11,2.135
Corrugated Cardboard,Foam Insert Package,Home Appliances,7,15.38,9,91.07,1.3,0.781
PLA Bioplastic,Pizza Box,Food Packaging,8,17.67,6,68.76,1.08,1.214
Recycled PET,Cream Jar,Cosmetics,10,28.55,3,87.07,3.92,2.141
PLA Bioplastic,Electronic Blister Pack,Electronics,7,17.43,7,55.48,2.6,1.208
Kraft Paper,Cement Liner Bag,Construction,6,10.73,9,92.61,0.65,0.544
Bagasse Fiber,Medical Container,Healthcare,6,8.53,10,70.34,2.47,0.522
Bagasse Fiber,Mobile Box,Electronics,5,13.52,8,84.79,1.82,0.46
PLA Bioplastic,Action Figure Pack,Toys,7,11.23,8,63.57,2.16,1.226
Corrugated Cardboard,Protective Box,Home Appliances,7,19.53,7,80.89,1.62,0.683
Bagasse Fiber,Appliance Carton,Home Appliances,5,11.48,10,82.21,2.18,0.492
Kraft Paper,Battery Packaging,Automotive,4,7.16,9,88.05,1.09,0.537
PLA Bioplastic,Hardware Container,Construction,8,8.25,6,69.84,1.26,1.216
Glass,Foam Insert Package,Home Appliances,10,26.19,1,97.89,3.35,1.825
Recycled PET,Pizza Box,Food Packaging,9,28.3,4,94.48,3.82,2.012
Kraft Paper,Mobile Box,Electronics,7,12.29,10,89.47,0.57,0.601
Recycled PET,Clothing Box,Textiles,8,26.58,3,94.84,2.43,2.024
Aluminum,Fabric Wrap,Textiles,10,24.99,1,99.75,3.8,3.624
Corrugated Cardboard,Protective Box,Home Appliances,7,14.92,9,84.91,1.16,0.818
Corrugated Cardboard,Laptop Box,Electronics,6,11.9,8,86.22,1.42,0.764
Kraft Paper,Oil Container,Automotive,4,12.61,9,90.62,1.43,0.625
PLA Bioplastic,Tablet Blister Pack,Healthcare,7,13.96,8,56.14,1.48,1.176
Recycled PET,Oil Container,Automotive,10,25.63,3,92.69,1.8,2.096
Glass,Medicine Box,Healthcare,9,39.89,2,95.82,2.79,1.838
Kraft Paper,Action Figure Pack,Toys,6,7.44,8,92.37,1.36,0.657
Aluminum,Medicine Box,Healthcare,8,27.62,2,96.66,4.44,3.505
Corrugated Cardboard,Board Game Box,Toys,9,27.36,8,87.67,0.93,0.813
PLA Bioplastic,Electronic Blister Pack,Electronics,6,16.48,8,50.2,2.63,1.211
Recycled PET,Syringe Pack,Healthcare,10,29.47,3,90.46,3.65,2.063
Bagasse Fiber,Garment Bag,Textiles,7,8.66,8,84.63,2.24,0.481
Mushroom Packaging,Laptop Box,Electronics,5,15.39,10,76.36,3.31,0.496
Glass,Medical Container,Healthcare,9,23.66,1,97.25,3.01,1.752
Kraft Paper,Garment Bag,Textiles,4,8.95,8,91.67,1.21,0.549
Aluminum,Tile Packaging,Construction,8,30.89,1,98.58,3.88,3.452
Glass,Cosmetic Tube,Cosmetics,9,26.0,2,96.2,5.37,1.778
Mushroom Packaging,Appliance Carton,Home Appliances,5,10.22,10,71.41,2.88,0.38
PLA Bioplastic,Tile Packaging,Construction,9,18.91,8,56.79,2.55,1.171
Aluminum,Protective Cushioning Pack,Furniture,9,20.63,2,98.93,4.47,3.544
Glass,Garment Bag,Textiles,10,30.66,2,99.22,2.71,1.817
Mushroom Packaging,Electronic Blister Pack,Electronics,6,13.94,10,68.53,2.45,0.446
Aluminum,Electronic Blister Pack,Electronics,10,33.55,1,97.66,5.45,3.491
Kraft Paper,Fabric Wrap,Textiles,4,9.07,9,88.57,1.42,0.629
Mushroom Packaging,Board Game Box,Toys,5,17.11,9,71.69,1.3,0.391
PLA Bioplastic,Takeaway Container,Food Packaging,9,17.43,6,62.57,1.33,1.293
Corrugated Cardboard,Fabric Wrap,Textiles,6,21.7,7,90.64,0.7,0.769
Corrugated Cardboard,Tablet Blister Pack,Healthcare,9,22.27,7,85.66,1.59,0.777
Corrugated Cardboard,TV Carton,Electronics,6,33.97,7,88.1,1.73,0.697
Corrugated Cardboard,Cosmetic Tube,Cosmetics,8,29.89,7,83.55,0.82,0.861
Bagasse Fiber,Cosmetic Tube,Cosmetics,7,12.23,9,77.9,1.66,0.554
PLA Bioplastic,Fabric Wrap,Textiles,8,19.95,7,54.55,2.68,1.263
Glass,Food Tray,Food Packaging,10,37.13,1,99.12,4.93,1.832
Corrugated Cardboard,Furniture Carton,Furniture,7,34.49,8,88.85,1.31,0.776
Mushroom Packaging,Tablet Blister Pack,Healthcare,7,12.66,10,76.31,2.56,0.484
Recycled PET,Beverage Bottle,Food Packaging,9,20.69,2,92.92,2.77,2.106
Aluminum,Clothing Box,Textiles,9,27.27,2,96.31,3.39,3.458
Corrugated Cardboard,Cement Liner Bag,Construction,9,12.46,8,86.59,1.35,0.77
Kraft Paper,Oil Container,Automotive,7,6.32,9,93.46,1.13,0.644
Bagasse Fiber,Oil Container,Automotive,5,10.6,9,70.68,2.28,0.526
PLA Bioplastic,Spare Parts Box,Automotive,8,15.07,8,67.56,2.27,1.101
Recycled PET,Pizza Box,Food Packaging,9,18.69,3,88.21,3.4,2.201
PLA Bioplastic,Electronic Blister Pack,Electronics,8,13.17,7,59.36,1.32,1.241
Recycled PET,Electronic Blister Pack,Electronics,10,15.06,4,86.07,2.65,2.095
Bagasse Fiber,Spare Parts Box,Automotive,7,8.48,8,70.51,0.82,0.485
Glass,Appliance Carton,Home Appliances,10,20.62,2,99.37,2.99,1.797
Glass,Protective Cushioning Pack,Furniture,10,26.34,2,98.6,4.91,1.816
Mushroom Packaging,Fabric Wrap,Textiles,5,9.27,10,77.4,3.48,0.435
PLA Bioplastic,Battery Packaging,Automotive,6,19.52,7,67.48,1.2,1.173
Corrugated Cardboard,Syringe Pack,Healthcare,9,16.61,7,82.09,1.1,0.831
Kraft Paper,Action Figure Pack,Toys,7,13.55,8,91.68,1.26,0.605
PLA Bioplastic,Protective Box,Home Appliances,7,11.71,8,69.15,1.41,1.105
Bagasse Fiber,Pizza Box,Food Packaging,7,7.95,9,82.77,1.74,0.421
Aluminum,Protective Cushioning Pack,Furniture,9,29.64,1,99.22,4.7,3.513
Mushroom Packaging,Cream Jar,Cosmetics,7,11.96,10,62.16,2.62,0.345
PLA Bioplastic,Food Tray,Food Packaging,8,18.79,6,60.19,1.38,1.237
Kraft Paper,Medical Container,Healthcare,6,10.64,9,86.25,0.73,0.568
Corrugated Cardboard,Makeup Box,Cosmetics,7,26.86,9,91.73,1.68,0.769
Corrugated Cardboard,Action Figure Pack,Toys,7,21.59,9,85.72,1.33,0.725
Kraft Paper,Protective Cushioning Pack,Furniture,7,5.24,9,90.81,0.31,0.576
Aluminum,Furniture Carton,Furniture,9,23.17,2,96.26,4.78,3.495
Glass,Mobile Box,Electronics,9,22.74,1,98.7,2.14,1.763
Recycled PET,Battery Packaging,Automotive,8,20.1,2,89.07,3.36,2.14
Glass,Appliance Carton,Home Appliances,10,28.62,1,99.24,2.81,1.862
Corrugated Cardboard,Tile Packaging,Construction,8,20.66,7,90.75,1.94,0.809
Kraft Paper,Appliance Carton,Home Appliances,7,12.53,9,92.89,0.74,0.618
PLA Bioplastic,Tile Packaging,Construction,7,17.88,6,69.78,1.65,1.191
Kraft Paper,Oil Container,Automotive,5,7.73,9,87.32,0.48,0.617
Glass,Syringe Pack,Healthcare,9,24.6,2,99.26,3.22,1.757
Kraft Paper,Oil Container,Automotive,7,11.7,8,87.09,1.35,0.612
Corrugated Cardboard,Perfume Bottle,Cosmetics,7,33.94,7,85.08,1.99,0.844
Aluminum,Assembly Kit Box,Furniture,10,32.05,2,96.47,3.6,3.555
Aluminum,Protective Box,Home Appliances,9,32.58,2,97.74,3.85,3.573
Mushroom Packaging,Hardware Container,Construction,6,15.53,9,65.53,2.86,0.33
Aluminum,Foam Insert Package,Home Appliances,10,20.59,2,97.12,5.16,3.481
Aluminum,Fabric Wrap,Textiles,10,32.14,1,96.39,4.28,3.52
Recycled PET,Action Figure Pack,Toys,9,21.56,4,91.14,2.48,2.15
Aluminum,Hardware Container,Construction,8,28.9,2,96.28,3.74,3.553
Recycled PET,Toy Box,Toys,9,28.7,2,91.8,3.24,2.075
Corrugated Cardboard,Takeaway Container,Food Packaging,6,13.26,7,80.82,0.5,0.759
Recycled PET,Assembly Kit Box,Furniture,8,23.72,4,90.09,3.05,2.129
PLA Bioplastic,Makeup Box,Cosmetics,9,15.62,6,52.55,1.71,1.133
Kraft Paper,Fabric Wrap,Textiles,4,10.5,9,92.85,1.25,0.597
Corrugated Cardboard,Takeaway Container,Food Packaging,9,23.76,8,84.27,0.64,0.73
Bagasse Fiber,TV Carton,Electronics,5,7.91,8,79.29,1.8,0.505
Mushroom Packaging,Tablet Blister Pack,Healthcare,6,17.36,10,77.11,2.31,0.38
Bagasse Fiber,Laptop Box,Electronics,5,7.02,9,70.14,1.89,0.51
Corrugated Cardboard,TV Carton,Electronics,6,29.4,7,80.09,0.6,0.764
Glass,Medical Container,Healthcare,10,31.43,2,99.91,4.32,1.865
Kraft Paper,Battery Packaging,Automotive,6,6.0,8,88.71,0.97,0.607
Kraft Paper,Tablet Blister Pack,Healthcare,6,11.11,9,88.3,0.97,0.609
Corrugated Cardboard,Food Tray,Food Packaging,8,25.04,9,91.34,1.41,0.819
Aluminum,Cream Jar,Cosmetics,10,23.21,2,96.69,4.53,3.568
PLA Bioplastic,Perfume Bottle,Cosmetics,7,12.92,6,67.78,2.61,1.224
Mushroom Packaging,Fabric Wrap,Textiles,6,15.02,9,67.66,1.82,0.358
Mushroom Packaging,Beverage Bottle,Food Packaging,6,11.45,9,69.37,3.1,0.41
Bagasse Fiber,Protective Box,Home Appliances,5,9.81,8,80.2,1.65,0.539
Glass,Board Game Box,Toys,10,33.68,1,95.06,2.31,1.874
Kraft Paper,Furniture Carton,Furniture,4,14.07,9,86.4,0.37,0.623
Mushroom Packaging,Beverage Bottle,Food Packaging,6,13.78,9,78.24,1.97,0.397
Aluminum,Spare Parts Box,Automotive,8,34.78,2,97.04,4.85,3.545
PLA Bioplastic,Protective Box,Home Appliances,8,19.68,6,66.92,2.42,1.226
Aluminum,Medicine Box,Healthcare,10,21.01,1,95.32,4.87,3.521
Aluminum,Mobile Box,Electronics,10,32.82,2,97.74,4.05,3.475
Aluminum,Protective Box,Home Appliances,9,32.17,2,98.92,3.82,3.494
Bagasse Fiber,Electronic Blister Pack,Electronics,7,6.7,10,72.22,1.05,0.573
Corrugated Cardboard,Medicine Box,Healthcare,6,29.13,9,84.44,0.99,0.794
Mushroom Packaging,Medical Container,Healthcare,5,15.51,10,77.29,2.2,0.372
Recycled PET,Toy Box,Toys,10,19.69,3,90.51,1.72,2.088
Bagasse Fiber,Pizza Box,Food Packaging,5,13.42,8,80.24,1.18,0.48
Kraft Paper,Medicine Box,Healthcare,7,6.28,8,85.04,1.02,0.678
Corrugated Cardboard,Appliance Carton,Home Appliances,8,25.94,9,83.23,1.6,0.828
Bagasse Fiber,Cement Liner Bag,Construction,7,6.39,8,71.84,2.5,0.463
Bagasse Fiber,Makeup Box,Cosmetics,6,14.75,9,72.68,2.39,0.518
Corrugated Cardboard,Appliance Carton,Home Appliances,7,19.17,7,87.99,1.46,0.818
Kraft Paper,Toy Box,Toys,4,10.56,10,87.67,0.81,0.609
Aluminum,Takeaway Container,Food Packaging,9,20.95,1,99.77,4.41,3.421
Kraft Paper,Takeaway Container,Food Packaging,5,7.44,9,86.29,1.24,0.62
Recycled PET,Cement Liner Bag,Construction,8,24.24,2,94.98,1.8,2.1
Bagasse Fiber,Protective Cushioning Pack,Furniture,6,13.12,9,70.23,1.5,0.489
Bagasse Fiber,Protective Box,Home Appliances,6,6.77,9,72.58,2.23,0.416
Mushroom Packaging,Battery Packaging,Automotive,7,15.78,10,68.64,2.08,0.37
Corrugated Cardboard,Garment Bag,Textiles,8,18.17,9,83.51,1.36,0.851
PLA Bioplastic,Appliance Carton,Home Appliances,7,12.19,6,58.62,2.18,1.258
Aluminum,Action Figure Pack,Toys,9,25.82,2,96.97,3.05,3.459
Corrugated Cardboard,Cream Jar,Cosmetics,6,29.82,9,86.19,1.04,0.834
Glass,Foam Insert Package,Home Appliances,10,21.48,2,99.11,3.34,1.846
Aluminum,Furniture Carton,Furniture,9,25.64,1,96.12,2.58,3.427
Glass,Toy Box,Toys,9,28.06,1,97.16,2.1,1.873
Recycled PET,Oil Container,Automotive,10,24.5,2,85.55,3.58,2.104
Recycled PET,Makeup Box,Cosmetics,10,28.73,4,94.55,2.18,2.063
Mushroom Packaging,Fabric Wrap,Textiles,6,9.49,9,63.87,2.39,0.343
Recycled PET,Beverage Bottle,Food Packaging,10,15.74,2,94.46,2.25,2.093
Kraft Paper,Board Game Box,Toys,4,12.99,8,91.8,1.43,0.561
Bagasse Fiber,Beverage Bottle,Food Packaging,7,10.38,8,84.88,1.24,0.449
Kraft Paper,Garment Bag,Textiles,6,10.81,8,93.81,0.82,0.603
Glass,Cream Jar,Cosmetics,9,28.22,1,98.9,5.49,1.788
Recycled PET,Garment Bag,Textiles,8,23.72,3,91.6,3.6,2.141
Mushroom Packaging,Medical Container,Healthcare,7,13.04,9,70.83,1.63,0.387
Recycled PET,Cream Jar,Cosmetics,10,27.03,2,88.81,3.51,2.096
PLA Bioplastic,Tile Packaging,Construction,8,11.16,7,62.77,1.92,1.231
Kraft Paper,Garment Bag,Textiles,5,5.31,9,89.38,0.88,0.618
Mushroom Packaging,Furniture Carton,Furniture,7,12.76,10,67.71,1.51,0.353
Corrugated Cardboard,Perfume Bottle,Cosmetics,6,33.4,8,90.69,0.62,0.785
Glass,Cosmetic Tube,Cosmetics,10,34.76,2,95.41,4.91,1.813
Aluminum,Hardware Container,Construction,8,30.82,2,99.3,3.99,3.535
Bagasse Fiber,Cement Liner Bag,Construction,6,6.87,10,78.63,1.54,0.534
Mushroom Packaging,Action Figure Pack,Toys,6,8.29,9,65.57,2.88,0.388
Kraft Paper,Oil Container,Automotive,6,13.43,10,94.77,1.22,0.627
Glass,Hardware Container,Construction,9,24.82,1,95.83,2.64,1.885
Mushroom Packaging,Appliance Carton,Home Appliances,6,11.95,9,68.03,2.6,0.317
Aluminum,Cream Jar,Cosmetics,8,29.83,1,99.66,2.91,3.502
PLA Bioplastic,Toy Box,Toys,6,9.91,6,61.17,2.5,1.225
Bagasse Fiber,Laptop Box,Electronics,6,11.94,10,74.42,1.92,0.433
Recycled PET,Pizza Box,Food Packaging,9,18.34,4,87.1,3.89,2.07
Glass,Medical Container,Healthcare,10,32.36,1,98.41,2.28,1.873
Bagasse Fiber,Cream Jar,Cosmetics,6,10.63,8,73.76,0.9,0.465
Bagasse Fiber,Tile Packaging,Construction,7,12.6,10,81.28,1.28,0.518
Glass,Tablet Blister Pack,Healthcare,10,35.84,1,97.28,3.05,1.825
Glass,Action Figure Pack,Toys,9,33.24,1,95.46,2.99,1.773
PLA Bioplastic,Toy Box,Toys,8,8.68,8,50.41,2.81,1.143
Aluminum,Laptop Box,Electronics,10,31.02,2,99.14,3.25,3.52
Mushroom Packaging,Garment Bag,Textiles,7,11.91,9,65.17,1.83,0.345
Aluminum,Cream Jar,Cosmetics,8,33.85,1,95.03,4.78,3.522
Glass,Protective Cushioning Pack,Furniture,9,35.26,1,95.46,3.8,1.786
Bagasse Fiber,Protective Cushioning Pack,Furniture,5,7.0,8,72.06,2.12,0.522
Aluminum,Cement Liner Bag,Construction,8,29.85,1,98.34,2.7,3.56
Recycled PET,Appliance Carton,Home Appliances,10,19.48,2,91.13,2.72,2.161
Bagasse Fiber,Cement Liner Bag,Construction,5,8.78,10,79.17,0.86,0.568
Glass,Board Game Box,Toys,9,23.87,2,95.89,2.25,1.756
Aluminum,Oil Container,Automotive,10,27.22,2,95.0,5.22,3.515
Corrugated Cardboard,Spare Parts Box,Automotive,8,27.28,9,91.81,0.71,0.755
Bagasse Fiber,Cream Jar,Cosmetics,6,8.63,8,77.37,1.71,0.517
Corrugated Cardboard,Cream Jar,Cosmetics,6,22.03,9,84.5,1.12,0.743
Corrugated Cardboard,Clothing Box,Textiles,9,21.83,8,83.88,1.02,0.773
Glass,Action Figure Pack,Toys,9,25.75,2,95.5,5.6,1.833
Recycled PET,Hardware Container,Construction,8,29.94,4,86.47,1.55,2.124
Glass,Furniture Carton,Furniture,10,37.09,1,95.98,4.66,1.664
Kraft Paper,Garment Bag,Textiles,7,8.75,10,89.24,1.46,0.61
Bagasse Fiber,Cement Liner Bag,Construction,7,12.19,10,72.89,1.75,0.466
Aluminum,Clothing Box,Textiles,10,26.83,1,99.78,5.31,3.511
Aluminum,Furniture Carton,Furniture,9,28.06,2,96.13,2.66,3.573
PLA Bioplastic,Furniture Carton,Furniture,8,12.01,8,52.35,1.84,1.113
Kraft Paper,Syringe Pack,Healthcare,5,14.32,8,90.2,0.61,0.627
Mushroom Packaging,Makeup Box,Cosmetics,5,15.3,9,74.25,2.88,0.488
Corrugated Cardboard,Laptop Box,Electronics,6,11.88,9,85.22,1.97,0.845
Bagasse Fiber,Medical Container,Healthcare,5,10.92,9,83.0,1.24,0.501
Corrugated Cardboard,Mobile Box,Electronics,7,16.71,7,83.73,1.48,0.705
PLA Bioplastic,Food Tray,Food Packaging,6,15.92,7,59.74,1.4,1.281
Corrugated Cardboard,Foam Insert Package,Home Appliances,9,19.88,8,84.06,1.35,0.767
Aluminum,Protective Cushioning Pack,Furniture,9,32.72,2,98.95,3.89,3.527
Bagasse Fiber,Garment Bag,Textiles,5,11.17,8,84.94,2.45,0.485
Glass,Clothing Box,Textiles,10,30.0,2,99.71,4.43,1.829
Glass,Toy Box,Toys,9,38.79,1,98.07,3.4,1.687
Bagasse Fiber,Cosmetic Tube,Cosmetics,7,11.69,8,78.01,0.99,0.566
Mushroom Packaging,Protective Box,Home Appliances,6,11.67,9,61.13,1.55,0.39
Glass,Clothing Box,Textiles,10,34.11,2,97.64,2.9,1.755
Recycled PET,Beverage Bottle,Food Packaging,9,27.74,2,88.12,2.13,2.045
Aluminum,Syringe Pack,Healthcare,9,21.8,1,99.99,5.05,3.485
Kraft Paper,Spare Parts Box,Automotive,7,5.61,10,90.89,0.97,0.638
Recycled PET,Cream Jar,Cosmetics,10,18.56,2,92.2,2.81,2.116
Recycled PET,Toy Box,Toys,8,15.79,2,92.28,1.79,2.054
Bagasse Fiber,Protective Box,Home Appliances,7,6.84,9,84.17,2.26,0.534
Aluminum,Laptop Box,Electronics,10,33.63,1,99.16,4.67,3.487
Bagasse Fiber,Perfume Bottle,Cosmetics,5,14.46,9,70.65,0.92,0.483
PLA Bioplastic,Protective Cushioning Pack,Furniture,9,17.74,7,54.73,2.42,1.247
PLA Bioplastic,Action Figure Pack,Toys,6,9.93,6,64.79,2.09,1.298
Corrugated Cardboard,Spare Parts Box,Automotive,7,31.18,8,84.97,0.62,0.847
Aluminum,Oil Container,Automotive,9,31.2,1,95.02,3.87,3.527
Kraft Paper,Foam Insert Package,Home Appliances,6,7.55,9,87.6,0.88,0.697
Corrugated Cardboard,Action Figure Pack,Toys,6,11.06,7,88.72,0.75,0.765
Aluminum,Medical Container,Healthcare,10,29.62,2,96.84,5.34,3.566
Bagasse Fiber,Pizza Box,Food Packaging,7,7.57,8,77.77,2.24,0.517
Aluminum,Clothing Box,Textiles,10,24.94,2,95.21,4.51,3.502
Bagasse Fiber,Assembly Kit Box,Furniture,5,8.48,9,84.61,1.59,0.455
Kraft Paper,Clothing Box,Textiles,6,11.1,10,88.82,0.79,0.569
Recycled PET,Pizza Box,Food Packaging,8,22.94,2,94.51,3.13,2.109
Kraft Paper,Foam Insert Package,Home Appliances,6,13.39,10,87.73,0.95,0.534
Bagasse Fiber,Cream Jar,Cosmetics,6,12.32,8,75.34,0.91,0.437
Recycled PET,Perfume Bottle,Cosmetics,9,17.46,2,89.62,2.78,2.08
Kraft Paper,Tile Packaging,Construction,7,7.01,10,93.36,1.27,0.652
PLA Bioplastic,Action Figure Pack,Toys,8,19.36,6,54.46,1.92,1.1
Glass,Fabric Wrap,Textiles,10,29.59,2,97.71,2.21,1.697
PLA Bioplastic,Beverage Bottle,Food Packaging,8,15.86,7,63.85,2.57,1.213
Corrugated Cardboard,TV Carton,Electronics,7,10.56,8,91.1,0.8,0.786
Mushroom Packaging,Oil Container,Automotive,6,13.74,10,68.24,1.79,0.45
Bagasse Fiber,Tablet Blister Pack,Healthcare,6,9.18,10,71.68,1.08,0.461
Corrugated Cardboard,Foam Insert Package,Home Appliances,9,27.9,7,91.09,1.0,0.789
Bagasse Fiber,Cosmetic Tube,Cosmetics,5,9.91,9,83.72,2.09,0.491
Mushroom Packaging,Hardware Container,Construction,6,13.93,9,64.11,2.39,0.393
Mushroom Packaging,Medicine Box,Healthcare,5,13.37,10,73.86,1.67,0.413
Recycled PET,Assembly Kit Box,Furniture,10,25.89,2,87.19,3.69,2.034
Recycled PET,Food Tray,Food Packaging,10,21.29,2,93.68,3.7,2.146
Glass,Spare Parts Box,Automotive,10,28.43,2,99.77,5.48,1.706
Mushroom Packaging,Mobile Box,Electronics,7,13.69,10,79.33,1.75,0.388
PLA Bioplastic,Syringe Pack,Healthcare,6,12.28,6,60.18,1.9,1.173
Corrugated Cardboard,Action Figure Pack,Toys,8,22.61,9,87.8,1.98,0.725
PLA Bioplastic,Tile Packaging,Construction,6,18.13,7,50.64,2.54,1.211
Bagasse Fiber,Protective Box,Home Appliances,5,11.99,9,73.58,0.85,0.539
Kraft Paper,Garment Bag,Textiles,5,5.06,10,87.78,0.38,0.652
Kraft Paper,Beverage Bottle,Food Packaging,7,8.11,9,92.26,0.86,0.547
Mushroom Packaging,Garment Bag,Textiles,5,10.72,10,79.5,3.29,0.415
Recycled PET,Medicine Box,Healthcare,10,15.15,3,91.74,2.85,2.153
Mushroom Packaging,Toy Box,Toys,5,10.73,9,74.58,2.34,0.447
Mushroom Packaging,Beverage Bottle,Food Packaging,7,10.93,10,63.68,1.44,0.335
Glass,Cement Liner Bag,Construction,9,33.7,1,98.69,4.63,1.782
Aluminum,Appliance Carton,Home Appliances,10,30.68,1,95.72,4.97,3.508
Recycled PET,Action Figure Pack,Toys,8,20.63,2,92.9,2.45,2.134
Recycled PET,Takeaway Container,Food Packaging,10,19.37,3,93.24,3.44,2.133
Glass,Protective Cushioning Pack,Furniture,10,33.05,2,99.86,5.86,1.796
Recycled PET,Protective Cushioning Pack,Furniture,9,22.75,3,91.16,2.01,2.162
Kraft Paper,Tile Packaging,Construction,4,14.32,8,88.06,0.93,0.607
Bagasse Fiber,Spare Parts Box,Automotive,5,10.5,10,83.31,1.29,0.495
Corrugated Cardboard,Mobile Box,Electronics,8,24.29,7,84.17,1.69,0.729
Glass,Fabric Wrap,Textiles,9,24.91,1,95.91,4.31,1.811
Mushroom Packaging,Assembly Kit Box,Furniture,6,16.63,9,77.87,2.66,0.396
Recycled PET,Takeaway Container,Food Packaging,8,20.89,2,85.55,3.49,2.068
Bagasse Fiber,Electronic Blister Pack,Electronics,6,13.42,8,78.1,1.47,0.43
Bagasse Fiber,Medical Container,Healthcare,6,12.0,9,79.66,2.36,0.53
Bagasse Fiber,Mobile Box,Electronics,5,14.98,10,74.46,1.71,0.48
Recycled PET,Clothing Box,Textiles,9,20.59,2,85.03,1.89,2.164
Kraft Paper,Furniture Carton,Furniture,7,12.86,8,91.19,1.14,0.641
Aluminum,Food Tray,Food Packaging,8,33.49,2,98.29,4.88,3.519
PLA Bioplastic,Garment Bag,Textiles,9,12.33,6,62.15,1.63,1.097
Mushroom Packaging,Fabric Wrap,Textiles,5,15.34,9,77.78,3.17,0.343
Kraft Paper,Perfume Bottle,Cosmetics,4,9.81,10,92.3,1.39,0.564
Corrugated Cardboard,Cement Liner Bag,Construction,7,24.14,8,82.21,0.92,0.841
Recycled PET,Medical Container,Healthcare,9,18.22,2,92.0,3.96,2.116
Recycled PET,Oil Container,Automotive,9,25.89,4,91.9,1.85,2.128
Kraft Paper,Appliance Carton,Home Appliances,4,6.43,9,87.62,0.54,0.577
Glass,Mobile Box,Electronics,10,38.7,1,96.01,2.74,1.771
Glass,Food Tray,Food Packaging,10,35.38,1,96.89,5.58,1.719
PLA Bioplastic,Clothing Box,Textiles,6,17.06,8,66.63,2.31,1.264
Bagasse Fiber,Battery Packaging,Automotive,7,10.45,8,76.31,1.06,0.406
Aluminum,Protective Cushioning Pack,Furniture,10,21.68,2,95.14,3.82,3.537
Glass,Makeup Box,Cosmetics,9,33.16,1,96.04,4.46,1.719
Kraft Paper,Hardware Container,Construction,7,10.27,10,88.34,0.4,0.526
Recycled PET,Pizza Box,Food Packaging,8,16.38,3,89.29,3.71,2.128
Mushroom Packaging,Cream Jar,Cosmetics,7,8.08,10,62.23,3.05,0.411
Mushroom Packaging,Cream Jar,Cosmetics,7,17.45,10,63.35,2.36,0.453
Aluminum,Laptop Box,Electronics,8,20.51,1,96.13,5.4,3.572
Mushroom Packaging,Furniture Carton,Furniture,7,8.56,10,71.09,2.16,0.356
Glass,Foam Insert Package,Home Appliances,9,33.75,1,99.73,5.94,1.793
Aluminum,Hardware Container,Construction,9,27.63,1,97.33,4.5,3.63
Kraft Paper,Perfume Bottle,Cosmetics,7,7.7,10,92.01,1.06,0.608
Bagasse Fiber,Cream Jar,Cosmetics,7,6.54,10,71.25,1.08,0.521
Corrugated Cardboard,Electronic Blister Pack,Electronics,9,34.23,7,84.5,1.82,0.718
Aluminum,Oil Container,Automotive,9,20.67,2,99.37,3.78,3.487
Corrugated Cardboard,Protective Box,Home Appliances,6,15.48,9,91.29,0.74,0.766
Mushroom Packaging,Cream Jar,Cosmetics,5,13.38,10,74.57,1.23,0.42
PLA Bioplastic,Toy Box,Toys,8,9.7,6,57.94,2.12,1.181
Glass,Laptop Box,Electronics,10,26.32,2,97.02,4.11,1.805
Kraft Paper,Furniture Carton,Furniture,6,9.56,9,85.3,1.16,0.596
Mushroom Packaging,Makeup Box,Cosmetics,7,14.56,10,66.29,3.25,0.404
Bagasse Fiber,Cream Jar,Cosmetics,6,12.05,8,81.5,0.93,0.485
Corrugated Cardboard,Foam Insert Package,Home Appliances,9,33.6,7,81.92,1.6,0.781
Bagasse Fiber,Protective Cushioning Pack,Furniture,7,9.8,9,79.09,1.12,0.516
Recycled PET,Fabric Wrap,Textiles,9,23.55,2,94.09,3.65,2.066
Corrugated Cardboard,Makeup Box,Cosmetics,8,32.13,7,85.08,1.73,0.746
PLA Bioplastic,Pizza Box,Food Packaging,8,19.88,6,64.93,2.08,1.236
Recycled PET,Hardware Container,Construction,9,16.71,2,91.02,3.28,2.141
Mushroom Packaging,Assembly Kit Box,Furniture,6,12.97,10,60.97,1.92,0.376
Corrugated Cardboard,Food Tray,Food Packaging,8,10.55,9,90.18,1.21,0.863
Kraft Paper,Fabric Wrap,Textiles,4,11.88,8,86.04,1.29,0.663
PLA Bioplastic,Action Figure Pack,Toys,9,15.73,7,60.39,1.92,1.244
Mushroom Packaging,Takeaway Container,Food Packaging,5,8.01,9,71.83,2.02,0.467
Mushroom Packaging,Takeaway Container,Food Packaging,5,15.23,10,72.18,2.34,0.363
Kraft Paper,Garment Bag,Textiles,6,10.39,9,87.85,1.29,0.64
Glass,Spare Parts Box,Automotive,9,20.52,1,98.11,3.34,1.752
Kraft Paper,TV Carton,Electronics,5,14.41,9,93.44,0.51,0.615
Recycled PET,Appliance Carton,Home Appliances,9,17.69,2,93.63,3.28,2.039
Corrugated Cardboard,Medical Container,Healthcare,7,34.87,8,87.58,1.74,0.65
Corrugated Cardboard,Board Game Box,Toys,6,15.66,9,90.38,0.65,0.794
Mushroom Packaging,Action Figure Pack,Toys,7,10.66,9,64.94,1.75,0.403
Mushroom Packaging,TV Carton,Electronics,6,12.13,10,66.23,1.53,0.384
PLA Bioplastic,Action Figure Pack,Toys,9,11.77,7,52.04,1.7,1.233
Recycled PET,Medical Container,Healthcare,8,18.3,2,87.12,2.63,2.074
Recycled PET,Pizza Box,Food Packaging,9,29.35,4,87.06,3.37,2.126
Glass,Clothing Box,Textiles,10,22.71,1,98.28,4.6,1.781
Mushroom Packaging,Syringe Pack,Healthcare,7,11.19,10,68.99,2.63,0.39
Mushroom Packaging,Takeaway Container,Food Packaging,7,8.79,10,66.36,2.01,0.456
Kraft Paper,Fabric Wrap,Textiles,5,5.76,10,86.84,1.31,0.638
Recycled PET,Assembly Kit Box,Furniture,8,22.23,2,87.82,2.68,2.083
Recycled PET,Oil Container,Automotive,10,20.83,2,93.14,3.95,2.05
Bagasse Fiber,Fabric Wrap,Textiles,5,13.91,9,80.46,1.88,0.463
PLA Bioplastic,Tablet Blister Pack,Healthcare,8,10.59,7,55.94,1.25,1.185
Corrugated Cardboard,Furniture Carton,Furniture,8,29.62,9,83.01,1.51,0.843
Corrugated Cardboard,Electronic Blister Pack,Electronics,7,13.13,9,90.23,0.99,0.854
Glass,Foam Insert Package,Home Appliances,10,36.17,1,96.94,4.75,1.805
Glass,Battery Packaging,Automotive,10,25.46,2,95.05,2.28,1.777
Corrugated Cardboard,Cream Jar,Cosmetics,9,17.8,8,87.83,0.76,0.796
Bagasse Fiber,Hardware Container,Construction,5,14.49,8,78.98,2.25,0.415
Bagasse Fiber,Food Tray,Food Packaging,7,6.67,9,78.39,1.19,0.504
Kraft Paper,Medicine Box,Healthcare,6,14.63,8,92.54,1.3,0.667
PLA Bioplastic,Pizza Box,Food Packaging,9,19.76,8,58.53,1.56,1.161
Mushroom Packaging,Oil Container,Automotive,5,9.35,9,62.93,2.68,0.375
Aluminum,Furniture Carton,Furniture,10,34.78,1,96.05,4.58,3.444
Kraft Paper,Beverage Bottle,Food Packaging,5,10.11,10,88.1,0.92,0.617
Mushroom Packaging,Food Tray,Food Packaging,7,15.24,9,78.08,1.9,0.383
Recycled PET,Action Figure Pack,Toys,8,24.82,4,89.02,2.03,2.1
PLA Bioplastic,Spare Parts Box,Automotive,7,11.17,7,60.15,1.07,1.147
Kraft Paper,Furniture Carton,Furniture,5,6.48,8,85.13,0.66,0.587
Glass,Garment Bag,Textiles,10,25.06,2,97.76,4.61,1.819
Aluminum,Syringe Pack,Healthcare,10,21.84,2,96.93,5.31,3.491
Recycled PET,Electronic Blister Pack,Electronics,10,22.81,2,90.22,3.68,2.078
PLA Bioplastic,Electronic Blister Pack,Electronics,9,8.58,6,66.97,2.53,1.291
Aluminum,Toy Box,Toys,8,27.1,1,96.9,4.87,3.462
Mushroom Packaging,Battery Packaging,Automotive,6,8.48,9,74.92,2.73,0.459
Mushroom Packaging,Garment Bag,Textiles,5,8.39,9,64.21,1.8,0.401
Corrugated Cardboard,Foam Insert Package,Home Appliances,8,31.83,9,87.44,1.86,0.796
Kraft Paper,Hardware Container,Construction,4,6.51,10,91.52,1.1,0.593
Recycled PET,Foam Insert Package,Home Appliances,10,21.41,4,86.9,2.9,2.123
Bagasse Fiber,Makeup Box,Cosmetics,5,13.08,8,75.44,0.99,0.459
PLA Bioplastic,Beverage Bottle,Food Packaging,6,17.4,7,50.7,1.89,1.261
Bagasse Fiber,Tablet Blister Pack,Healthcare,7,14.38,10,81.16,1.58,0.485
PLA Bioplastic,Appliance Carton,Home Appliances,7,12.74,8,56.64,2.73,1.236
Mushroom Packaging,Fabric Wrap,Textiles,5,10.59,10,73.65,2.46,0.493
Mushroom Packaging,Assembly Kit Box,Furniture,6,14.6,9,61.55,2.07,0.425
Aluminum,Action Figure Pack,Toys,8,32.93,2,96.06,5.43,3.502
Mushroom Packaging,Takeaway Container,Food Packaging,6,13.03,9,73.04,1.45,0.378
Corrugated Cardboard,Protective Cushioning Pack,Furniture,7,10.52,9,91.78,1.13,0.801
Aluminum,Spare Parts Box,Automotive,9,23.82,2,96.68,2.63,3.628
Glass,TV Carton,Electronics,9,20.39,2,97.87,4.96,1.892
PLA Bioplastic,Spare Parts Box,Automotive,8,14.48,7,56.96,2.84,1.172
Corrugated Cardboard,Protective Cushioning Pack,Furniture,7,11.61,7,80.93,0.92,0.664
Mushroom Packaging,Clothing Box,Textiles,5,15.68,10,77.27,3.17,0.273
Recycled PET,Garment Bag,Textiles,8,15.39,2,93.02,2.23,2.162
Bagasse Fiber,Makeup Box,Cosmetics,5,6.99,8,83.67,2.35,0.51
Recycled PET,Pizza Box,Food Packaging,8,23.23,4,89.92,3.38,2.127
Mushroom Packaging,Laptop Box,Electronics,6,16.41,10,79.32,3.05,0.379
Aluminum,Cosmetic Tube,Cosmetics,8,33.2,2,96.22,2.55,3.489
Bagasse Fiber,Pizza Box,Food Packaging,7,9.13,8,70.0,2.44,0.435
Bagasse Fiber,Syringe Pack,Healthcare,5,7.09,10,79.43,2.04,0.454
PLA Bioplastic,Beverage Bottle,Food Packaging,7,16.76,7,64.96,1.61,1.302
Corrugated Cardboard,Hardware Container,Construction,7,23.53,7,88.34,1.74,0.822
Bagasse Fiber,Makeup Box,Cosmetics,5,14.77,8,76.52,1.28,0.496
Recycled PET,Foam Insert Package,Home Appliances,9,19.36,3,90.63,3.68,2.065
PLA Bioplastic,Cream Jar,Cosmetics,8,9.33,8,62.05,1.23,1.249
Glass,Tile Packaging,Construction,9,20.89,1,99.93,4.81,1.773
PLA Bioplastic,Appliance Carton,Home Appliances,8,12.45,6,60.31,2.08,1.191
Bagasse Fiber,Cement Liner Bag,Construction,7,12.21,8,81.34,0.96,0.498
Glass,Toy Box,Toys,10,24.97,2,98.52,2.97,1.725
Mushroom Packaging,Board Game Box,Toys,6,14.87,10,71.22,1.23,0.417
Corrugated Cardboard,Battery Packaging,Automotive,8,23.02,9,80.72,1.2,0.828
Mushroom Packaging,Clothing Box,Textiles,7,8.1,9,75.13,1.89,0.341
Aluminum,TV Carton,Electronics,10,30.02,1,95.08,4.3,3.484
Kraft Paper,Hardware Container,Construction,6,5.7,8,85.14,0.66,0.621
Mushroom Packaging,Spare Parts Box,Automotive,7,16.15,9,73.46,1.89,0.392
Bagasse Fiber,Perfume Bottle,Cosmetics,6,13.89,8,70.6,2.06,0.564
Mushroom Packaging,Assembly Kit Box,Furniture,6,11.65,10,71.24,1.31,0.404
Mushroom Packaging,Assembly Kit Box,Furniture,7,17.3,10,61.22,3.28,0.342
Glass,Fabric Wrap,Textiles,9,21.79,2,95.77,5.41,1.893
Recycled PET,Tablet Blister Pack,Healthcare,8,18.33,4,93.12,3.17,2.114
Bagasse Fiber,Garment Bag,Textiles,6,10.12,9,76.06,1.81,0.52
Aluminum,Mobile Box,Electronics,9,34.38,2,97.83,5.18,3.444
PLA Bioplastic,Hardware Container,Construction,6,14.61,6,69.73,1.37,1.204
PLA Bioplastic,Syringe Pack,Healthcare,7,14.26,6,63.76,1.16,1.282
Mushroom Packaging,Board Game Box,Toys,7,13.76,9,64.1,1.75,0.443
Aluminum,Foam Insert Package,Home Appliances,8,34.64,2,99.42,4.88,3.511
Bagasse Fiber,Assembly Kit Box,Furniture,7,14.53,9,76.5,0.86,0.488
Aluminum,Cosmetic Tube,Cosmetics,9,30.15,2,99.09,4.25,3.565
Bagasse Fiber,Takeaway Container,Food Packaging,6,14.55,9,82.48,2.49,0.496
Mushroom Packaging,TV Carton,Electronics,7,17.01,10,64.19,3.17,0.427
Recycled PET,Assembly Kit Box,Furniture,10,21.83,3,90.0,2.8,2.138
Recycled PET,Toy Box,Toys,10,25.48,4,92.43,1.66,2.258
Corrugated Cardboard,Clothing Box,Textiles,9,33.75,9,88.27,1.75,0.826
Kraft Paper,Food Tray,Food Packaging,7,10.38,10,87.45,1.02,0.619
Glass,Makeup Box,Cosmetics,9,24.34,2,95.91,2.46,1.824
Kraft Paper,Cosmetic Tube,Cosmetics,4,5.04,8,89.31,0.41,0.55
Recycled PET,Protective Box,Home Appliances,8,28.39,4,86.85,3.77,2.09
Corrugated Cardboard,Fabric Wrap,Textiles,8,15.66,7,88.69,1.5,0.852
Glass,Assembly Kit Box,Furniture,10,38.69,2,99.39,5.32,1.931
Recycled PET,Pizza Box,Food Packaging,9,29.38,2,93.87,3.7,2.111
Glass,Takeaway Container,Food Packaging,9,23.05,1,98.32,4.29,1.802
Corrugated Cardboard,Assembly Kit Box,Furniture,6,17.67,8,80.45,1.28,0.789
Aluminum,Food Tray,Food Packaging,9,22.86,1,95.72,3.79,3.573
Corrugated Cardboard,Cosmetic Tube,Cosmetics,9,11.12,8,84.37,0.98,0.736
Aluminum,Protective Box,Home Appliances,9,21.38,1,95.47,3.8,3.484
Recycled PET,Syringe Pack,Healthcare,9,19.93,2,90.24,3.43,2.119
Aluminum,Garment Bag,Textiles,8,23.87,1,98.85,4.31,3.558
Mushroom Packaging,Battery Packaging,Automotive,6,17.38,9,78.48,3.25,0.407
PLA Bioplastic,Protective Box,Home Appliances,8,11.65,6,53.73,1.89,1.28
Mushroom Packaging,Makeup Box,Cosmetics,7,10.07,10,76.29,2.6,0.417
Corrugated Cardboard,Tablet Blister Pack,Healthcare,8,17.6,9,89.71,1.45,0.817
Bagasse Fiber,Assembly Kit Box,Furniture,5,6.96,8,83.48,1.81,0.432
Bagasse Fiber,Foam Insert Package,Home Appliances,6,8.36,10,70.61,1.99,0.55
Bagasse Fiber,TV Carton,Electronics,6,9.94,10,73.37,1.2,0.523
Mushroom Packaging,Battery Packaging,Automotive,5,8.83,9,79.38,2.38,0.463
Corrugated Cardboard,Fabric Wrap,Textiles,6,23.46,7,82.2,0.66,0.915
Bagasse Fiber,Cream Jar,Cosmetics,5,10.43,9,83.46,1.45,0.494
Glass,Assembly Kit Box,Furniture,10,20.86,1,98.28,3.95,1.777
Kraft Paper,Electronic Blister Pack,Electronics,6,9.24,10,93.36,1.08,0.686
Glass,Clothing Box,Textiles,9,39.71,2,99.78,5.8,1.955
Corrugated Cardboard,Medicine Box,Healthcare,7,14.28,9,84.47,1.4,0.788
Recycled PET,Oil Container,Automotive,8,24.52,3,85.4,3.36,2.063
Aluminum,Spare Parts Box,Automotive,8,33.59,1,95.18,4.02,3.539
PLA Bioplastic,TV Carton,Electronics,9,9.04,7,51.55,2.27,1.297
Recycled PET,Protective Box,Home Appliances,10,21.28,2,85.81,1.68,2.108
Aluminum,Foam Insert Package,Home Appliances,10,21.1,1,95.53,3.26,3.512
Glass,Spare Parts Box,Automotive,10,34.93,2,96.22,3.45,1.824
Recycled PET,Laptop Box,Electronics,8,26.49,3,92.52,2.68,2.165
Aluminum,Appliance Carton,Home Appliances,8,27.86,1,98.45,2.64,3.536
Aluminum,Tablet Blister Pack,Healthcare,10,20.39,1,98.79,2.92,3.53
Kraft Paper,Mobile Box,Electronics,7,8.94,9,87.21,0.63,0.609
Recycled PET,Cosmetic Tube,Cosmetics,8,26.78,2,89.69,3.93,2.051
PLA Bioplastic,Toy Box,Toys,6,13.59,8,59.04,1.66,1.126
Aluminum,Hardware Container,Construction,8,20.9,1,97.94,3.95,3.532
Mushroom Packaging,Laptop Box,Electronics,5,11.35,9,66.58,1.65,0.463
Glass,Protective Cushioning Pack,Furniture,10,36.93,2,98.0,4.44,1.818
Bagasse Fiber,Action Figure Pack,Toys,5,14.72,8,82.76,1.28,0.391
Kraft Paper,Garment Bag,Textiles,7,9.99,10,92.21,0.55,0.584
Aluminum,Fabric Wrap,Textiles,9,32.42,2,95.94,4.05,3.506
Aluminum,Protective Box,Home Appliances,8,31.57,2,99.42,2.52,3.568
Bagasse Fiber,Action Figure Pack,Toys,6,7.29,10,77.83,0.81,0.471
Recycled PET,Foam Insert Package,Home Appliances,9,15.64,4,86.35,2.05,2.154
PLA Bioplastic,Electronic Blister Pack,Electronics,6,19.18,8,61.11,1.07,1.188
Mushroom Packaging,Makeup Box,Cosmetics,6,9.17,9,61.78,1.45,0.376
Aluminum,Syringe Pack,Healthcare,10,29.47,1,97.89,3.52,3.467
Glass,Food Tray,Food Packaging,9,33.54,2,95.1,5.21,1.768
Mushroom Packaging,Clothing Box,Textiles,6,11.13,9,66.93,2.52,0.34
Kraft Paper,Perfume Bottle,Cosmetics,4,5.57,8,86.2,0.92,0.645
Aluminum,Action Figure Pack,Toys,8,24.73,2,95.92,3.38,3.436
Kraft Paper,Assembly Kit Box,Furniture,5,11.99,9,93.82,1.42,0.562
Recycled PET,Toy Box,Toys,10,24.22,3,90.46,2.49,2.029
Mushroom Packaging,Mobile Box,Electronics,7,16.99,9,73.69,1.4,0.424
Kraft Paper,Takeaway Container,Food Packaging,4,12.89,8,89.9,1.04,0.646
Mushroom Packaging,Garment Bag,Textiles,7,10.03,10,69.97,1.46,0.341
Corrugated Cardboard,Hardware Container,Construction,8,14.27,7,82.23,1.02,0.88
Aluminum,Appliance Carton,Home Appliances,10,27.87,2,97.8,4.02,3.442
PLA Bioplastic,Assembly Kit Box,Furniture,7,17.14,8,65.74,2.75,1.255
Glass,Assembly Kit Box,Furniture,9,27.84,2,96.51,3.97,1.746
Aluminum,Cement Liner Bag,Construction,9,33.83,2,99.97,4.61,3.528
Glass,Fabric Wrap,Textiles,9,31.47,1,96.28,5.97,1.747
Glass,Fabric Wrap,Textiles,10,32.72,1,97.75,2.53,1.879
Mushroom Packaging,Garment Bag,Textiles,6,12.38,9,61.91,1.83,0.457
Mushroom Packaging,Garment Bag,Textiles,5,17.16,9,73.97,2.11,0.321
Aluminum,Mobile Box,Electronics,9,28.02,2,97.71,3.77,3.524
Glass,Battery Packaging,Automotive,10,22.06,2,99.46,3.64,1.754
Kraft Paper,Oil Container,Automotive,7,6.13,10,86.06,1.39,0.709
PLA Bioplastic,Takeaway Container,Food Packaging,6,10.38,6,67.45,2.43,1.109
Mushroom Packaging,Tile Packaging,Construction,6,16.27,10,60.35,2.6,0.449
Recycled PET,Tile Packaging,Construction,10,20.3,2,90.52,2.27,2.109
Bagasse Fiber,Foam Insert Package,Home Appliances,7,10.84,8,82.54,2.2,0.575
Kraft Paper,Electronic Blister Pack,Electronics,6,12.36,8,93.96,1.45,0.452
Corrugated Cardboard,Perfume Bottle,Cosmetics,6,24.5,9,90.68,1.73,0.829
PLA Bioplastic,Tablet Blister Pack,Healthcare,6,11.71,6,57.27,1.0,1.193
Glass,Cement Liner Bag,Construction,9,30.82,1,97.03,4.55,1.756
Corrugated Cardboard,Assembly Kit Box,Furniture,6,30.23,7,89.35,0.58,0.77
Corrugated Cardboard,Appliance Carton,Home Appliances,7,25.46,7,81.18,0.89,0.865
Kraft Paper,Makeup Box,Cosmetics,7,10.9,10,94.06,0.37,0.542
Kraft Paper,Takeaway Container,Food Packaging,6,7.19,8,86.32,1.02,0.563
Kraft Paper,Takeaway Container,Food Packaging,5,11.3,8,94.31,1.12,0.524
Recycled PET,Foam Insert Package,Home Appliances,10,19.03,2,94.31,1.79,2.106
Kraft Paper,Makeup Box,Cosmetics,7,13.87,10,88.59,0.76,0.693
Mushroom Packaging,Cement Liner Bag,Construction,5,15.98,10,64.31,2.25,0.384
Mushroom Packaging,TV Carton,Electronics,6,11.55,10,69.37,2.05,0.434
Corrugated Cardboard,Toy Box,Toys,6,27.09,7,84.69,0.68,0.783
Kraft Paper,Spare Parts Box,Automotive,5,7.33,9,92.41,0.8,0.622
Bagasse Fiber,Makeup Box,Cosmetics,7,7.75,8,83.26,2.08,0.476
Recycled PET,Beverage Bottle,Food Packaging,10,15.21,2,93.19,1.68,2.084
Bagasse Fiber,Laptop Box,Electronics,5,14.47,9,71.13,0.94,0.492
Aluminum,Cosmetic Tube,Cosmetics,8,28.47,2,95.46,3.56,3.548
PLA Bioplastic,Medical Container,Healthcare,7,8.82,7,68.39,2.88,1.273
PLA Bioplastic,Toy Box,Toys,8,16.59,7,55.84,2.34,1.112
Glass,Medical Container,Healthcare,10,31.02,2,98.7,4.71,1.815
Bagasse Fiber,Protective Cushioning Pack,Furniture,7,8.22,8,75.46,1.42,0.417
Bagasse Fiber,Laptop Box,Electronics,6,14.17,8,73.76,1.81,0.484
Corrugated Cardboard,Toy Box,Toys,7,24.03,8,91.12,0.52,0.802
Kraft Paper,Cream Jar,Cosmetics,5,13.33,8,89.85,1.06,0.665
Aluminum,Medical Container,Healthcare,9,33.26,1,95.25,5.24,3.467
Aluminum,Oil Container,Automotive,8,26.28,2,96.66,4.34,3.52
Mushroom Packaging,Oil Container,Automotive,7,16.89,9,76.23,3.21,0.375
PLA Bioplastic,Protective Box,Home Appliances,9,15.29,6,56.64,2.45,1.182
Bagasse Fiber,Clothing Box,Textiles,5,14.0,8,73.13,1.0,0.573
Kraft Paper,Garment Bag,Textiles,4,13.52,8,87.59,1.38,0.654
Aluminum,Oil Container,Automotive,9,25.61,1,99.21,2.7,3.543
PLA Bioplastic,Electronic Blister Pack,Electronics,6,18.66,6,60.98,2.07,1.166
Corrugated Cardboard,Tablet Blister Pack,Healthcare,7,34.93,8,82.13,0.71,0.928
Kraft Paper,Garment Bag,Textiles,7,6.54,9,85.83,0.31,0.62
Mushroom Packaging,Protective Cushioning Pack,Furniture,7,10.57,10,70.08,2.17,0.48
Corrugated Cardboard,Spare Parts Box,Automotive,8,14.29,9,80.39,0.94,0.793
Corrugated Cardboard,Beverage Bottle,Food Packaging,8,25.88,7,88.26,1.23,0.796
Aluminum,Pizza Box,Food Packaging,8,33.87,2,97.44,4.23,3.552
Recycled PET,Spare Parts Box,Automotive,8,25.16,4,94.19,1.61,2.035
PLA Bioplastic,Furniture Carton,Furniture,7,12.61,8,60.69,1.25,1.188
Kraft Paper,Perfume Bottle,Cosmetics,4,6.89,10,90.83,0.97,0.651
Corrugated Cardboard,Protective Cushioning Pack,Furniture,8,18.88,9,86.47,1.01,0.907
PLA Bioplastic,Cream Jar,Cosmetics,9,10.07,8,59.02,2.46,1.162
Corrugated Cardboard,Protective Cushioning Pack,Furniture,7,10.42,9,82.32,1.48,0.854
Mushroom Packaging,Food Tray,Food Packaging,5,14.96,9,62.81,3.14,0.308
Bagasse Fiber,Syringe Pack,Healthcare,7,6.7,9,70.65,1.98,0.502
Mushroom Packaging,Food Tray,Food Packaging,5,11.93,9,71.44,2.19,0.438
Bagasse Fiber,Takeaway Container,Food Packaging,6,8.2,9,76.71,1.94,0.448
Mushroom Packaging,Food Tray,Food Packaging,7,14.39,10,73.11,1.83,0.408
Mushroom Packaging,Spare Parts Box,Automotive,7,17.36,10,60.53,1.9,0.496
Corrugated Cardboard,Furniture Carton,Furniture,8,24.01,7,82.71,1.68,0.833
Bagasse Fiber,Protective Box,Home Appliances,5,7.32,9,77.03,1.56,0.499
Recycled PET,Foam Insert Package,Home Appliances,9,25.06,3,86.1,3.5,2.061
Recycled PET,Mobile Box,Electronics,8,21.13,4,86.91,3.56,2.222
Kraft Paper,Medical Container,Healthcare,5,9.68,10,92.12,1.33,0.615
Mushroom Packaging,Furniture Carton,Furniture,6,17.11,10,73.24,3.31,0.47
PLA Bioplastic,Garment Bag,Textiles,7,16.53,8,64.23,1.86,1.136
PLA Bioplastic,Electronic Blister Pack,Electronics,9,19.99,6,61.93,1.64,1.166
Recycled PET,Clothing Box,Textiles,9,26.14,2,91.81,2.96,2.09
Corrugated Cardboard,Medicine Box,Healthcare,8,16.44,8,88.81,1.06,0.742
Kraft Paper,Appliance Carton,Home Appliances,6,6.59,8,88.78,1.02,0.657
Corrugated Cardboard,Cream Jar,Cosmetics,7,18.75,9,83.66,1.56,0.815
Aluminum,Protective Cushioning Pack,Furniture,9,24.9,2,98.84,4.57,3.477
Recycled PET,Furniture Carton,Furniture,10,22.82,3,87.14,2.44,2.119
Recycled PET,Makeup Box,Cosmetics,9,23.41,4,87.43,1.92,1.965
PLA Bioplastic,Laptop Box,Electronics,7,14.76,6,62.74,1.86,1.21
Aluminum,Tile Packaging,Construction,10,22.88,1,95.79,2.93,3.429
Aluminum,Laptop Box,Electronics,8,22.67,1,95.29,5.17,3.557
Mushroom Packaging,Oil Container,Automotive,6,8.98,10,65.29,2.0,0.406
Bagasse Fiber,Hardware Container,Construction,6,9.65,8,83.39,1.06,0.551
Mushroom Packaging,Makeup Box,Cosmetics,7,17.17,9,79.96,1.26,0.376
PLA Bioplastic,Food Tray,Food Packaging,7,19.75,7,69.88,2.29,1.184
PLA Bioplastic,Foam Insert Package,Home Appliances,6,19.46,7,58.46,2.27,1.198
Kraft Paper,Spare Parts Box,Automotive,7,12.99,10,90.83,0.71,0.578
Recycled PET,Medicine Box,Healthcare,9,28.85,4,88.63,1.68,2.055
Kraft Paper,Appliance Carton,Home Appliances,6,6.28,8,89.66,0.79,0.613
Corrugated Cardboard,Electronic Blister Pack,Electronics,7,11.85,9,82.81,0.97,0.861
Kraft Paper,Cream Jar,Cosmetics,7,11.08,10,92.81,1.11,0.594
Kraft Paper,Medical Container,Healthcare,6,8.57,8,94.64,1.03,0.609
Aluminum,Garment Bag,Textiles,8,33.8,1,98.69,3.59,3.457
Mushroom Packaging,Oil Container,Automotive,7,17.74,10,66.97,1.7,0.404
Bagasse Fiber,Board Game Box,Toys,5,12.22,10,70.98,2.48,0.54
Aluminum,Spare Parts Box,Automotive,10,32.48,2,97.39,3.86,3.447
Corrugated Cardboard,Laptop Box,Electronics,6,26.35,7,85.21,1.53,0.698
Mushroom Packaging,Foam Insert Package,Home Appliances,5,13.43,9,63.25,1.52,0.432
Bagasse Fiber,Clothing Box,Textiles,5,12.65,8,78.79,1.63,0.538
Bagasse Fiber,Furniture Carton,Furniture,6,6.46,10,83.27,0.85,0.461
Bagasse Fiber,Tablet Blister Pack,Healthcare,7,10.92,8,79.58,1.66,0.454
Aluminum,Spare Parts Box,Automotive,8,26.99,2,99.17,5.39,3.438
Corrugated Cardboard,Cosmetic Tube,Cosmetics,9,21.74,9,83.27,1.08,0.76
Recycled PET,Garment Bag,Textiles,10,20.93,3,87.28,1.6,2.178
Corrugated Cardboard,Protective Box,Home Appliances,7,22.22,7,91.75,0.55,0.82
Bagasse Fiber,Toy Box,Toys,7,11.63,8,74.79,1.46,0.457
Aluminum,Furniture Carton,Furniture,9,34.8,1,97.01,2.98,3.494
Mushroom Packaging,Cream Jar,Cosmetics,6,12.88,9,72.88,1.25,0.399
PLA Bioplastic,Tablet Blister Pack,Healthcare,6,19.11,8,50.27,2.51,1.184
Glass,TV Carton,Electronics,9,36.58,1,96.26,3.83,1.836
Recycled PET,Takeaway Container,Food Packaging,8,17.24,2,94.2,2.22,2.145
Recycled PET,Clothing Box,Textiles,10,25.27,4,86.17,3.75,2.07
Glass,Protective Box,Home Appliances,10,33.06,2,96.42,2.46,1.842
Glass,Action Figure Pack,Toys,9,22.48,2,99.41,5.82,1.755
PLA Bioplastic,Takeaway Container,Food Packaging,8,9.82,7,56.44,1.63,1.09
Kraft Paper,Perfume Bottle,Cosmetics,5,12.09,9,86.64,1.37,0.587
Bagasse Fiber,Takeaway Container,Food Packaging,6,8.57,8,78.14,1.83,0.42
Mushroom Packaging,Cosmetic Tube,Cosmetics,5,12.7,10,63.15,3.1,0.335
Mushroom Packaging,Toy Box,Toys,7,11.41,10,71.46,3.46,0.4
Aluminum,Tablet Blister Pack,Healthcare,10,23.47,2,95.11,3.37,3.511
Bagasse Fiber,Clothing Box,Textiles,5,9.39,10,84.56,2.43,0.534
Corrugated Cardboard,Appliance Carton,Home Appliances,9,30.91,7,89.31,1.08,0.839
Kraft Paper,Action Figure Pack,Toys,5,6.84,10,94.54,0.76,0.617
Kraft Paper,Electronic Blister Pack,Electronics,7,7.12,8,85.94,0.71,0.684
Mushroom Packaging,Board Game Box,Toys,6,9.81,10,73.74,2.45,0.389
Corrugated Cardboard,Laptop Box,Electronics,8,23.82,8,84.68,0.73,0.77
Aluminum,Beverage Bottle,Food Packaging,8,20.4,1,96.17,4.16,3.547
PLA Bioplastic,Action Figure Pack,Toys,7,18.63,6,66.89,2.08,1.191
Aluminum,Appliance Carton,Home Appliances,9,31.8,2,99.47,4.79,3.548
PLA Bioplastic,Electronic Blister Pack,Electronics,6,9.04,7,57.49,2.67,1.164
Kraft Paper,Hardware Container,Construction,6,5.06,10,88.92,0.83,0.567
Glass,Cosmetic Tube,Cosmetics,10,21.75,2,98.94,3.21,1.835
PLA Bioplastic,Hardware Container,Construction,7,10.5,6,61.93,1.52,1.224
Glass,Pizza Box,Food Packaging,10,29.78,1,98.73,2.78,1.905
Glass,Laptop Box,Electronics,10,35.08,2,96.53,2.23,1.798
Corrugated Cardboard,Makeup Box,Cosmetics,7,18.72,9,91.02,1.01,0.869
Aluminum,Hardware Container,Construction,10,33.62,1,95.93,3.31,3.497
Bagasse Fiber,Mobile Box,Electronics,6,7.09,10,74.83,2.44,0.403
Aluminum,Action Figure Pack,Toys,8,26.66,1,97.32,4.17,3.514
Glass,Electronic Blister Pack,Electronics,10,35.03,2,99.56,3.39,1.74
Kraft Paper,Medicine Box,Healthcare,4,13.6,10,88.97,1.0,0.554
Aluminum,Tablet Blister Pack,Healthcare,10,20.98,2,98.54,2.92,3.466
PLA Bioplastic,Mobile Box,Electronics,9,9.52,6,54.03,1.89,1.224
PLA Bioplastic,Cream Jar,Cosmetics,7,9.01,7,54.2,2.25,1.233
Aluminum,Food Tray,Food Packaging,8,30.21,1,99.99,3.97,3.542
Bagasse Fiber,Appliance Carton,Home Appliances,7,10.1,10,85.0,1.48,0.594
Kraft Paper,Perfume Bottle,Cosmetics,7,13.43,9,89.75,1.49,0.662
PLA Bioplastic,Clothing Box,Textiles,9,13.98,6,58.57,2.76,1.198
Recycled PET,Mobile Box,Electronics,10,25.17,3,91.33,3.06,2.079
Corrugated Cardboard,Cream Jar,Cosmetics,8,32.48,7,82.45,1.35,0.83
PLA Bioplastic,Syringe Pack,Healthcare,8,15.23,7,50.52,2.24,1.181
Mushroom Packaging,Spare Parts Box,Automotive,7,10.4,10,64.03,1.66,0.384
Aluminum,Laptop Box,Electronics,8,25.41,2,97.45,3.69,3.468
Mushroom Packaging,Appliance Carton,Home Appliances,7,13.44,10,72.45,1.29,0.383
Kraft Paper,Assembly Kit Box,Furniture,6,8.92,8,94.11,0.87,0.626
PLA Bioplastic,Beverage Bottle,Food Packaging,9,15.04,7,67.29,2.09,1.175
Mushroom Packaging,Takeaway Container,Food Packaging,7,13.9,9,75.78,1.72,0.439
Mushroom Packaging,Cosmetic Tube,Cosmetics,5,14.15,10,63.54,3.42,0.439
Bagasse Fiber,Cream Jar,Cosmetics,6,8.62,10,78.23,2.35,0.453
Recycled PET,Pizza Box,Food Packaging,10,25.46,2,94.39,3.31,2.113
PLA Bioplastic,Board Game Box,Toys,9,13.02,8,68.76,2.07,1.195
Aluminum,Hardware Container,Construction,8,31.9,2,95.0,5.11,3.451
Recycled PET,Takeaway Container,Food Packaging,8,26.37,3,85.71,1.83,2.069
Corrugated Cardboard,TV Carton,Electronics,7,33.05,7,83.25,1.69,0.875
PLA Bioplastic,Hardware Container,Construction,8,8.58,7,57.67,1.25,1.175
Kraft Paper,Clothing Box,Textiles,6,10.71,8,92.51,1.25,0.545
Aluminum,Appliance Carton,Home Appliances,9,22.7,2,97.36,3.33,3.512
Bagasse Fiber,Spare Parts Box,Automotive,7,6.86,8,76.85,2.29,0.53
Corrugated Cardboard,Cement Liner Bag,Construction,9,19.6,8,90.66,1.92,0.77
Corrugated Cardboard,Protective Cushioning Pack,Furniture,7,32.1,7,80.77,0.72,0.902
Aluminum,Board Game Box,Toys,9,29.48,2,95.42,3.89,3.485
Kraft Paper,Fabric Wrap,Textiles,4,12.18,9,94.8,1.48,0.682
Kraft Paper,TV Carton,Electronics,7,11.43,9,86.13,0.88,0.601
Aluminum,Foam Insert Package,Home Appliances,8,25.9,2,97.18,5.09,3.535
Mushroom Packaging,Assembly Kit Box,Furniture,6,10.56,9,64.0,2.55,0.39
Recycled PET,Electronic Blister Pack,Electronics,10,24.22,3,93.8,2.44,2.17
Recycled PET,Perfume Bottle,Cosmetics,8,24.29,2,89.35,2.21,2.023
Mushroom Packaging,Assembly Kit Box,Furniture,5,11.11,10,62.27,1.67,0.509
Aluminum,Appliance Carton,Home Appliances,8,30.9,1,95.32,4.79,3.516
Glass,Cosmetic Tube,Cosmetics,9,37.36,2,99.31,3.55,1.808
Bagasse Fiber,Furniture Carton,Furniture,7,13.32,8,80.96,1.67,0.488
Recycled PET,Clothing Box,Textiles,10,27.04,4,91.32,2.73,2.093
Aluminum,Medicine Box,Healthcare,8,31.28,1,96.62,4.23,3.535
Aluminum,Pizza Box,Food Packaging,8,28.84,2,95.16,5.1,3.506
Bagasse Fiber,Medicine Box,Healthcare,6,11.01,8,83.56,2.47,0.452
PLA Bioplastic,Tile Packaging,Construction,7,18.21,6,50.48,1.82,1.223
Kraft Paper,Perfume Bottle,Cosmetics,6,14.85,9,85.47,1.29,0.57
Glass,Board Game Box,Toys,10,23.26,2,97.3,5.06,1.8
Mushroom Packaging,Food Tray,Food Packaging,6,11.53,9,63.61,2.52,0.301
Recycled PET,Medicine Box,Healthcare,9,20.24,3,86.63,3.89,2.102
PLA Bioplastic,Battery Packaging,Automotive,7,15.11,8,57.95,1.4,1.12
Glass,Protective Box,Home Appliances,10,20.82,1,95.69,2.44,1.831
Kraft Paper,Garment Bag,Textiles,7,11.26,9,87.44,1.32,0.532
Bagasse Fiber,Protective Box,Home Appliances,5,13.11,8,78.77,1.55,0.534
Recycled PET,Cream Jar,Cosmetics,10,23.64,2,85.38,3.62,2.174
Mushroom Packaging,Cosmetic Tube,Cosmetics,6,13.5,9,77.59,3.25,0.474
PLA Bioplastic,Mobile Box,Electronics,8,19.87,6,67.77,1.12,1.196
Corrugated Cardboard,Perfume Bottle,Cosmetics,6,10.78,7,84.56,1.83,0.788
Kraft Paper,Laptop Box,Electronics,6,12.42,10,86.42,0.84,0.631
Glass,Foam Insert Package,Home Appliances,10,20.49,2,97.46,4.04,1.721
Recycled PET,Battery Packaging,Automotive,10,17.09,4,93.1,3.07,2.056
Bagasse Fiber,Board Game Box,Toys,6,14.82,8,78.33,2.37,0.477
Kraft Paper,Foam Insert Package,Home Appliances,5,7.21,8,88.11,0.32,0.562
Mushroom Packaging,Board Game Box,Toys,6,17.34,9,68.05,2.3,0.444
Mushroom Packaging,Clothing Box,Textiles,6,11.23,10,73.15,2.78,0.382
Corrugated Cardboard,Battery Packaging,Automotive,6,26.09,7,86.81,1.58,0.783
Aluminum,Action Figure Pack,Toys,9,30.74,1,96.97,4.58,3.617
Glass,Foam Insert Package,Home Appliances,10,38.76,2,98.16,2.54,1.834
Corrugated Cardboard,Syringe Pack,Healthcare,6,28.78,7,82.58,0.95,0.812
Aluminum,Protective Box,Home Appliances,10,27.83,2,99.28,3.58,3.588
Corrugated Cardboard,Cream Jar,Cosmetics,7,17.29,8,91.85,1.71,0.811
Recycled PET,Tablet Blister Pack,Healthcare,8,29.52,4,86.06,2.2,2.028
Corrugated Cardboard,Garment Bag,Textiles,8,22.63,8,83.07,0.82,0.75
Kraft Paper,Food Tray,Food Packaging,6,5.68,8,93.22,1.45,0.623
Kraft Paper,Cement Liner Bag,Construction,5,8.1,10,94.22,0.31,0.668
Bagasse Fiber,Cement Liner Bag,Construction,6,12.82,9,75.13,2.5,0.432
Mushroom Packaging,Appliance Carton,Home Appliances,5,15.25,9,67.25,2.76,0.38
Kraft Paper,Medical Container,Healthcare,5,7.82,8,90.59,1.29,0.597
Kraft Paper,Protective Box,Home Appliances,5,7.57,9,85.85,0.65,0.546
Bagasse Fiber,Protective Box,Home Appliances,5,7.58,10,79.63,0.82,0.466
Recycled PET,TV Carton,Electronics,9,20.44,3,92.1,3.34,2.097
Aluminum,Foam Insert Package,Home Appliances,10,33.03,2,96.96,5.0,3.442
Recycled PET,Perfume Bottle,Cosmetics,10,20.86,4,85.45,3.35,2.12
Corrugated Cardboard,Beverage Bottle,Food Packaging,6,29.46,9,85.15,0.71,0.848
PLA Bioplastic,Fabric Wrap,Textiles,9,16.41,7,69.96,2.51,1.165
Recycled PET,Electronic Blister Pack,Electronics,9,29.06,2,87.49,3.42,2.042
Mushroom Packaging,Electronic Blister Pack,Electronics,5,14.8,10,74.12,2.71,0.392
Corrugated Cardboard,Takeaway Container,Food Packaging,7,27.95,8,85.3,1.65,0.812
PLA Bioplastic,Fabric Wrap,Textiles,6,18.89,6,63.72,2.69,1.151
Mushroom Packaging,Protective Cushioning Pack,Furniture,5,9.12,9,68.23,2.61,0.394
Kraft Paper,Battery Packaging,Automotive,6,9.79,9,94.66,0.41,0.606
Glass,Protective Box,Home Appliances,10,38.54,2,97.92,3.95,1.739
Glass,Perfume Bottle,Cosmetics,9,25.05,2,96.63,2.31,1.901
PLA Bioplastic,Garment Bag,Textiles,6,15.64,6,69.76,1.82,1.237
Mushroom Packaging,Garment Bag,Textiles,5,11.0,10,71.28,2.14,0.328
Glass,Electronic Blister Pack,Electronics,9,38.19,2,98.96,2.26,1.91
Recycled PET,Electronic Blister Pack,Electronics,8,19.68,3,90.59,2.37,2.158
Recycled PET,Mobile Box,Electronics,10,24.42,3,90.37,1.78,2.168
Bagasse Fiber,Spare Parts Box,Automotive,7,11.69,10,74.03,2.17,0.551
Bagasse Fiber,Food Tray,Food Packaging,5,7.59,8,73.95,2.41,0.512
Glass,Cosmetic Tube,Cosmetics,9,31.86,2,97.14,2.29,1.8
Aluminum,Fabric Wrap,Textiles,9,34.71,1,98.49,5.37,3.452
Corrugated Cardboard,Food Tray,Food Packaging,6,14.49,8,82.91,1.28,0.819
Kraft Paper,Fabric Wrap,Textiles,7,6.52,10,91.08,0.66,0.593
Bagasse Fiber,Action Figure Pack,Toys,6,8.62,10,83.18,0.93,0.547
Kraft Paper,Cream Jar,Cosmetics,6,5.6,8,87.0,0.9,0.669
Glass,Food Tray,Food Packaging,10,27.8,1,97.99,5.18,1.778
Kraft Paper,Toy Box,Toys,4,7.36,8,91.93,1.15,0.643
Recycled PET,Furniture Carton,Furniture,10,26.23,4,94.23,1.63,2.171
Aluminum,Medical Container,Healthcare,9,31.73,2,97.82,2.72,3.485
Recycled PET,Cosmetic Tube,Cosmetics,9,27.38,3,91.29,2.51,2.114
Kraft Paper,Board Game Box,Toys,5,7.12,10,93.84,0.65,0.608
Bagasse Fiber,Beverage Bottle,Food Packaging,7,13.27,8,82.06,1.2,0.59
PLA Bioplastic,Garment Bag,Textiles,9,16.49,7,56.41,1.56,1.258
Recycled PET,Fabric Wrap,Textiles,8,28.55,3,91.74,3.51,2.14
Glass,Assembly Kit Box,Furniture,10,27.76,1,96.7,5.72,1.74
Glass,Makeup Box,Cosmetics,10,22.99,1,99.31,3.62,1.87
Mushroom Packaging,Perfume Bottle,Cosmetics,6,14.5,10,68.59,3.28,0.386
Kraft Paper,Perfume Bottle,Cosmetics,6,10.94,9,87.35,0.69,0.612
Bagasse Fiber,Assembly Kit Box,Furniture,6,12.36,9,70.34,1.61,0.508
Corrugated Cardboard,Mobile Box,Electronics,9,33.19,7,90.67,0.84,0.72
PLA Bioplastic,Oil Container,Automotive,6,15.45,8,56.9,2.28,1.241
Kraft Paper,Syringe Pack,Healthcare,4,5.16,8,91.66,1.47,0.598
Bagasse Fiber,Perfume Bottle,Cosmetics,6,14.85,9,78.75,1.83,0.489
Glass,Protective Box,Home Appliances,10,27.22,1,98.75,3.43,1.795
Corrugated Cardboard,Appliance Carton,Home Appliances,8,16.36,8,82.15,1.47,0.785
Bagasse Fiber,Medicine Box,Healthcare,7,9.72,9,70.38,1.01,0.475
Recycled PET,Spare Parts Box,Automotive,9,29.23,3,86.22,3.72,2.037
Mushroom Packaging,Battery Packaging,Automotive,6,15.35,10,66.9,2.36,0.405
Kraft Paper,Action Figure Pack,Toys,6,13.45,9,86.73,0.84,0.587
Mushroom Packaging,Oil Container,Automotive,6,17.74,10,74.02,2.55,0.312
Bagasse Fiber,Toy Box,Toys,7,13.81,10,73.58,1.86,0.431
Mushroom Packaging,Foam Insert Package,Home Appliances,5,17.0,10,72.16,1.37,0.359
Recycled PET,Tablet Blister Pack,Healthcare,9,29.51,4,92.65,3.21,2.049
Aluminum,TV Carton,Electronics,10,23.87,1,99.46,3.23,3.462
PLA Bioplastic,Perfume Bottle,Cosmetics,6,13.33,6,55.82,2.43,1.192
Recycled PET,Appliance Carton,Home Appliances,8,19.51,4,94.25,3.56,2.105
Bagasse Fiber,Battery Packaging,Automotive,6,7.41,8,74.9,2.17,0.51
Mushroom Packaging,Action Figure Pack,Toys,7,16.47,10,74.37,2.47,0.402
Kraft Paper,Clothing Box,Textiles,7,12.53,9,91.74,0.92,0.723
Mushroom Packaging,Battery Packaging,Automotive,5,11.81,10,74.59,1.53,0.336
Glass,Assembly Kit Box,Furniture,10,27.56,2,95.08,5.1,1.796
Corrugated Cardboard,Assembly Kit Box,Furniture,7,32.29,9,89.48,0.91,0.691
Bagasse Fiber,Hardware Container,Construction,6,9.42,10,84.49,1.64,0.536
Bagasse Fiber,Cement Liner Bag,Construction,7,6.67,10,78.71,1.28,0.495
Bagasse Fiber,Clothing Box,Textiles,7,12.06,9,77.39,1.03,0.513
PLA Bioplastic,Protective Box,Home Appliances,7,15.34,7,61.45,2.26,1.24
Bagasse Fiber,Protective Box,Home Appliances,5,11.18,9,77.07,0.89,0.504
Glass,Makeup Box,Cosmetics,9,29.62,2,95.61,4.99,1.784
Recycled PET,Pizza Box,Food Packaging,10,19.12,4,91.32,2.29,2.022
PLA Bioplastic,Board Game Box,Toys,9,19.54,8,66.16,1.0,1.213
PLA Bioplastic,Clothing Box,Textiles,7,8.21,8,57.65,2.02,1.161
Aluminum,Makeup Box,Cosmetics,9,26.36,2,98.26,2.64,3.514
Aluminum,Clothing Box,Textiles,8,24.87,2,95.8,3.33,3.579
Corrugated Cardboard,TV Carton,Electronics,7,34.09,7,84.83,1.56,0.783
PLA Bioplastic,Board Game Box,Toys,6,17.16,7,60.19,1.13,1.209
Glass,Toy Box,Toys,10,30.48,2,99.98,5.36,1.794
Glass,Toy Box,Toys,10,34.89,1,95.77,2.02,1.776
Aluminum,Spare Parts Box,Automotive,8,27.86,2,98.33,3.24,3.52
Corrugated Cardboard,Toy Box,Toys,7,31.22,9,83.25,1.61,0.893
Corrugated Cardboard,Action Figure Pack,Toys,6,19.5,7,84.59,0.97,0.921
Corrugated Cardboard,Perfume Bottle,Cosmetics,6,29.35,9,80.54,0.65,0.825
PLA Bioplastic,Board Game Box,Toys,8,10.58,8,53.76,1.72,1.139
Mushroom Packaging,Fabric Wrap,Textiles,6,12.68,9,64.64,1.82,0.428
Glass,Cement Liner Bag,Construction,10,26.72,1,98.37,5.37,1.888
Recycled PET,TV Carton,Electronics,8,18.84,4,94.03,2.28,2.132
Glass,Food Tray,Food Packaging,9,29.84,1,97.25,5.16,1.779
Glass,Appliance Carton,Home Appliances,9,20.44,1,96.98,5.57,1.837
Corrugated Cardboard,Tile Packaging,Construction,6,11.9,9,90.84,1.15,0.821
Kraft Paper,Oil Container,Automotive,4,9.98,8,93.61,1.39,0.636
Recycled PET,Hardware Container,Construction,8,15.46,4,91.05,2.44,2.103
Aluminum,Food Tray,Food Packaging,9,30.3,1,96.08,5.39,3.64
PLA Bioplastic,Makeup Box,Cosmetics,8,9.75,7,60.45,1.18,1.27
Kraft Paper,Protective Box,Home Appliances,5,12.92,10,88.49,1.12,0.633
Glass,Tablet Blister Pack,Healthcare,9,34.98,1,99.78,3.98,1.799
Aluminum,Foam Insert Package,Home Appliances,8,28.27,2,95.42,3.66,3.568
Recycled PET,Appliance Carton,Home Appliances,10,22.76,4,89.91,3.08,2.166
Mushroom Packaging,Foam Insert Package,Home Appliances,6,10.35,9,75.65,2.82,0.514
Corrugated Cardboard,Board Game Box,Toys,9,22.04,8,82.47,0.51,0.749
PLA Bioplastic,Hardware Container,Construction,6,10.5,8,51.53,1.33,1.149
Bagasse Fiber,Board Game Box,Toys,6,11.45,9,77.4,2.01,0.458
PLA Bioplastic,Tile Packaging,Construction,6,19.12,8,55.32,2.33,1.259
Mushroom Packaging,Perfume Bottle,Cosmetics,7,11.14,10,78.42,3.42,0.431
Glass,Oil Container,Automotive,10,20.95,2,97.53,5.04,1.735
Bagasse Fiber,Electronic Blister Pack,Electronics,5,14.11,8,83.75,2.42,0.548
Aluminum,Fabric Wrap,Textiles,9,26.44,1,99.53,4.61,3.518
Glass,Cement Liner Bag,Construction,9,36.71,2,99.04,3.19,1.772
PLA Bioplastic,Makeup Box,Cosmetics,7,13.87,6,62.68,1.21,1.226
Mushroom Packaging,Oil Container,Automotive,7,13.19,9,73.22,3.0,0.483
Glass,Spare Parts Box,Automotive,9,35.09,2,97.64,4.58,1.793
Corrugated Cardboard,Foam Insert Package,Home Appliances,6,24.11,8,81.1,0.57,0.833
Aluminum,Protective Box,Home Appliances,10,29.72,2,97.06,3.58,3.454
PLA Bioplastic,Hardware Container,Construction,8,13.22,8,55.83,2.91,1.177
Recycled PET,Action Figure Pack,Toys,8,23.23,2,94.55,2.75,2.045
Mushroom Packaging,Hardware Container,Construction,6,8.95,10,74.0,2.2,0.405
Bagasse Fiber,Medical Container,Healthcare,6,13.94,8,82.49,1.58,0.546
PLA Bioplastic,Syringe Pack,Healthcare,9,8.85,8,65.14,1.42,1.264
Corrugated Cardboard,Laptop Box,Electronics,8,18.3,9,89.81,1.05,0.803
Bagasse Fiber,Toy Box,Toys,6,14.55,8,83.48,1.43,0.487
Corrugated Cardboard,Toy Box,Toys,8,24.81,7,82.43,0.58,0.825
PLA Bioplastic,Mobile Box,Electronics,7,8.3,6,51.62,2.54,1.191
Glass,Takeaway Container,Food Packaging,9,27.52,1,96.45,3.67,1.768
Corrugated Cardboard,Clothing Box,Textiles,7,20.53,9,85.35,1.73,0.773
Mushroom Packaging,Toy Box,Toys,6,12.31,10,77.73,3.16,0.441
Kraft Paper,Beverage Bottle,Food Packaging,6,5.45,8,94.01,0.55,0.661
PLA Bioplastic,Protective Box,Home Appliances,9,17.72,6,58.65,2.31,1.26
Aluminum,Syringe Pack,Healthcare,10,32.19,2,96.37,3.92,3.576
Glass,Protective Box,Home Appliances,10,25.08,2,96.71,5.52,1.822
Glass,Fabric Wrap,Textiles,9,34.08,1,98.1,2.86,1.889
Recycled PET,Spare Parts Box,Automotive,8,17.36,4,87.83,3.19,2.171
Corrugated Cardboard,Appliance Carton,Home Appliances,7,21.74,9,82.4,1.41,0.823
Glass,Fabric Wrap,Textiles,10,37.74,1,99.79,3.18,1.808
Mushroom Packaging,Action Figure Pack,Toys,7,9.63,9,70.16,1.51,0.447
Kraft Paper,Beverage Bottle,Food Packaging,6,7.36,10,88.42,1.08,0.596
Corrugated Cardboard,Perfume Bottle,Cosmetics,9,28.57,9,82.97,1.61,0.791
Kraft Paper,Appliance Carton,Home Appliances,6,6.39,9,85.36,0.68,0.538
Bagasse Fiber,Protective Box,Home Appliances,6,7.68,10,79.01,1.9,0.558
Aluminum,Battery Packaging,Automotive,9,21.25,1,98.57,3.69,3.521
Bagasse Fiber,Tablet Blister Pack,Healthcare,7,7.82,9,80.47,2.01,0.5
Recycled PET,Assembly Kit Box,Furniture,9,27.41,3,91.22,2.0,2.058
Recycled PET,Makeup Box,Cosmetics,10,27.03,3,94.04,3.73,2.037
Glass,Makeup Box,Cosmetics,10,35.82,2,95.8,3.15,1.836
Mushroom Packaging,Appliance Carton,Home Appliances,6,16.11,10,77.8,2.05,0.347
Aluminum,Medicine Box,Healthcare,8,27.07,2,95.16,2.67,3.451
Mushroom Packaging,Medical Container,Healthcare,6,14.61,10,70.76,1.46,0.415
Glass,Toy Box,Toys,9,37.88,2,98.32,4.06,1.729
Kraft Paper,Clothing Box,Textiles,4,8.0,10,87.91,0.62,0.554
Mushroom Packaging,Fabric Wrap,Textiles,6,8.93,10,77.41,3.12,0.413
Corrugated Cardboard,Board Game Box,Toys,6,21.72,8,90.25,0.52,0.767
Recycled PET,Hardware Container,Construction,10,19.87,3,93.35,2.45,2.152
PLA Bioplastic,Electronic Blister Pack,Electronics,6,13.8,7,64.35,1.67,1.213
Kraft Paper,Clothing Box,Textiles,4,10.23,10,92.6,0.32,0.521
Recycled PET,Action Figure Pack,Toys,8,16.37,3,90.73,1.81,2.044
Mushroom Packaging,Electronic Blister Pack,Electronics,5,8.85,9,60.45,2.15,0.404
Glass,Fabric Wrap,Textiles,9,24.48,1,99.62,3.97,1.78
Bagasse Fiber,TV Carton,Electronics,7,14.66,9,73.81,1.49,0.497
Bagasse Fiber,Protective Box,Home Appliances,7,11.54,8,75.29,1.7,0.525
Recycled PET,Cosmetic Tube,Cosmetics,8,21.87,2,94.45,2.99,2.138
Mushroom Packaging,Clothing Box,Textiles,6,14.77,10,70.58,1.22,0.367
Recycled PET,TV Carton,Electronics,10,29.43,2,90.32,2.66,2.14
Mushroom Packaging,TV Carton,Electronics,6,14.45,9,76.63,3.42,0.389
Aluminum,Pizza Box,Food Packaging,10,23.8,1,98.77,4.06,3.496
PLA Bioplastic,Cosmetic Tube,Cosmetics,9,16.77,7,61.11,2.36,1.087
Recycled PET,Cosmetic Tube,Cosmetics,9,17.36,3,90.44,2.28,2.095
Mushroom Packaging,Makeup Box,Cosmetics,5,10.23,10,71.48,2.98,0.396
PLA Bioplastic,Assembly Kit Box,Furniture,9,14.76,8,57.72,2.55,1.271
Mushroom Packaging,Furniture Carton,Furniture,7,17.39,10,76.03,2.4,0.489
PLA Bioplastic,Oil Container,Automotive,7,19.5,7,68.64,2.95,1.228
Corrugated Cardboard,Battery Packaging,Automotive,6,19.28,8,83.68,0.69,0.805
Mushroom Packaging,Cream Jar,Cosmetics,7,11.67,9,76.63,1.24,0.429
Kraft Paper,Furniture Carton,Furniture,4,11.34,10,86.53,1.22,0.605
Mushroom Packaging,Foam Insert Package,Home Appliances,7,16.32,9,70.92,3.06,0.418
PLA Bioplastic,Clothing Box,Textiles,8,12.69,7,65.23,1.24,1.111
PLA Bioplastic,Board Game Box,Toys,7,16.16,8,56.11,1.53,1.165
PLA Bioplastic,Action Figure Pack,Toys,9,10.36,7,57.05,1.04,1.23
Kraft Paper,Furniture Carton,Furniture,6,9.05,9,87.84,0.65,0.557
Corrugated Cardboard,Tile Packaging,Construction,8,32.15,7,84.58,1.66,0.771
Aluminum,Cream Jar,Cosmetics,8,27.72,1,99.39,4.05,3.581
Recycled PET,Clothing Box,Textiles,9,17.16,4,88.82,2.37,2.112
Bagasse Fiber,Fabric Wrap,Textiles,6,11.53,10,70.46,1.43,0.475
Aluminum,Tablet Blister Pack,Healthcare,9,28.95,2,99.75,2.5,3.461
PLA Bioplastic,Appliance Carton,Home Appliances,9,17.73,6,64.57,1.6,1.206
Mushroom Packaging,Syringe Pack,Healthcare,7,9.69,10,79.07,2.69,0.469
Recycled PET,Tablet Blister Pack,Healthcare,9,19.69,3,89.0,3.94,2.076
Glass,Cream Jar,Cosmetics,9,33.97,2,97.13,5.39,1.818
Kraft Paper,Protective Cushioning Pack,Furniture,7,12.82,10,87.18,0.33,0.539
Kraft Paper,Fabric Wrap,Textiles,6,12.6,9,86.77,1.38,0.642
Corrugated Cardboard,Assembly Kit Box,Furniture,7,17.98,9,90.12,1.67,0.788
Kraft Paper,Tablet Blister Pack,Healthcare,6,5.8,10,89.36,1.24,0.649
Glass,Electronic Blister Pack,Electronics,9,25.19,2,97.51,3.83,1.842
Aluminum,Cement Liner Bag,Construction,9,24.48,2,99.42,3.69,3.47
Recycled PET,Battery Packaging,Automotive,10,27.26,2,86.28,2.26,2.136
Recycled PET,Tablet Blister Pack,Healthcare,8,21.49,3,90.95,1.66,2.131
Bagasse Fiber,Protective Cushioning Pack,Furniture,5,12.53,8,78.77,1.19,0.419
Glass,Assembly Kit Box,Furniture,9,22.9,1,99.02,2.99,1.8
Mushroom Packaging,Toy Box,Toys,5,15.86,10,69.82,2.31,0.375
Mushroom Packaging,Cement Liner Bag,Construction,5,17.05,10,63.56,2.92,0.445
Corrugated Cardboard,Cream Jar,Cosmetics,8,28.0,7,88.32,1.21,0.758
Corrugated Cardboard,Battery Packaging,Automotive,7,21.11,8,86.82,0.59,0.753
Kraft Paper,Action Figure Pack,Toys,5,6.81,9,91.56,1.45,0.5
Recycled PET,Perfume Bottle,Cosmetics,9,19.2,4,87.26,3.86,2.147
Corrugated Cardboard,Oil Container,Automotive,8,11.88,7,88.73,1.68,0.898
Kraft Paper,Medical Container,Healthcare,4,7.17,9,93.15,1.49,0.543
Mushroom Packaging,Oil Container,Automotive,5,17.66,10,62.81,2.45,0.445
Mushroom Packaging,Protective Cushioning Pack,Furniture,6,13.95,10,72.45,3.41,0.46
Mushroom Packaging,Protective Box,Home Appliances,5,10.35,9,71.66,1.37,0.367
Bagasse Fiber,Appliance Carton,Home Appliances,7,9.67,9,71.66,1.42,0.49
Bagasse Fiber,Tile Packaging,Construction,5,14.79,9,70.99,1.18,0.445
Kraft Paper,Cosmetic Tube,Cosmetics,6,5.65,9,89.72,0.53,0.55
PLA Bioplastic,Pizza Box,Food Packaging,7,12.65,8,51.53,1.28,1.199
Mushroom Packaging,Action Figure Pack,Toys,5,11.97,9,62.75,2.63,0.465
Mushroom Packaging,Protective Box,Home Appliances,5,11.17,10,62.95,3.0,0.333
Bagasse Fiber,Laptop Box,Electronics,5,8.51,10,82.94,1.78,0.413
Mushroom Packaging,Tile Packaging,Construction,7,15.47,9,78.68,1.54,0.418
Mushroom Packaging,Pizza Box,Food Packaging,6,12.8,9,62.79,3.07,0.382
Glass,Cement Liner Bag,Construction,9,28.46,1,95.03,4.54,1.788
Aluminum,Hardware Container,Construction,9,24.78,2,96.8,3.66,3.501
Mushroom Packaging,Electronic Blister Pack,Electronics,7,14.09,9,79.23,2.75,0.512
Aluminum,Cream Jar,Cosmetics,9,31.68,2,97.61,3.28,3.535
Bagasse Fiber,Cosmetic Tube,Cosmetics,7,8.8,9,80.36,1.39,0.483
Aluminum,Oil Container,Automotive,10,33.38,2,99.98,5.25,3.396
Corrugated Cardboard,Foam Insert Package,Home Appliances,6,12.22,8,91.16,0.94,0.801
Bagasse Fiber,Beverage Bottle,Food Packaging,6,6.09,10,79.07,1.6,0.361
Recycled PET,Cream Jar,Cosmetics,8,19.11,3,93.12,3.73,2.204
Aluminum,TV Carton,Electronics,9,28.73,1,99.26,4.62,3.455
Recycled PET,Takeaway Container,Food Packaging,8,23.18,3,91.1,1.66,2.127
PLA Bioplastic,Appliance Carton,Home Appliances,6,8.73,6,61.92,1.29,1.335
Aluminum,Tile Packaging,Construction,10,31.88,1,98.61,2.52,3.453
Recycled PET,Protective Box,Home Appliances,10,22.63,2,94.06,3.08,2.065
Mushroom Packaging,Hardware Container,Construction,7,14.94,9,78.97,2.23,0.282
Mushroom Packaging,Laptop Box,Electronics,5,9.31,10,74.28,1.51,0.399
Recycled PET,Medicine Box,Healthcare,8,27.85,2,88.69,3.89,2.11
Glass,Protective Box,Home Appliances,10,34.68,2,98.52,4.12,1.885
Glass,Clothing Box,Textiles,10,30.87,2,98.01,2.97,1.926
Aluminum,TV Carton,Electronics,8,31.71,1,95.39,4.0,3.452
Kraft Paper,Foam Insert Package,Home Appliances,5,12.28,8,92.31,1.12,0.614
PLA Bioplastic,Food Tray,Food Packaging,7,9.27,6,67.36,1.15,1.236
PLA Bioplastic,Assembly Kit Box,Furniture,6,15.7,6,55.01,1.55,1.273
Recycled PET,Clothing Box,Textiles,10,27.61,3,93.14,3.52,2.156
PLA Bioplastic,Fabric Wrap,Textiles,6,16.47,6,60.14,1.92,1.176
Bagasse Fiber,Clothing Box,Textiles,5,6.67,10,79.49,1.73,0.502
PLA Bioplastic,Electronic Blister Pack,Electronics,6,13.94,7,64.3,1.87,1.212
Glass,Perfume Bottle,Cosmetics,10,31.28,2,96.25,2.18,1.86
Recycled PET,Board Game Box,Toys,8,18.01,4,89.68,1.91,2.12
Recycled PET,Protective Cushioning Pack,Furniture,10,21.92,2,89.56,2.61,2.207
Bagasse Fiber,Protective Box,Home Appliances,6,7.57,9,82.34,1.16,0.471
PLA Bioplastic,Toy Box,Toys,8,12.14,6,50.92,1.1,1.152
Recycled PET,Assembly Kit Box,Furniture,10,18.58,3,93.35,3.61,2.081
Kraft Paper,Medical Container,Healthcare,4,5.61,9,86.99,1.48,0.575
Glass,Cosmetic Tube,Cosmetics,9,37.14,2,98.25,5.17,1.794
Corrugated Cardboard,Spare Parts Box,Automotive,8,22.86,7,87.78,1.78,0.868
Glass,Hardware Container,Construction,9,21.71,2,97.43,2.97,1.809
Corrugated Cardboard,Cream Jar,Cosmetics,8,16.32,8,91.63,1.94,0.811
Corrugated Cardboard,Cement Liner Bag,Construction,6,14.57,7,83.38,0.8,0.752
Recycled PET,Mobile Box,Electronics,9,20.4,3,92.97,3.88,2.051
Mushroom Packaging,Battery Packaging,Automotive,6,9.12,10,67.97,3.49,0.413
PLA Bioplastic,Battery Packaging,Automotive,9,9.83,8,60.73,2.42,1.232
Recycled PET,Cement Liner Bag,Construction,8,28.21,3,85.95,3.95,2.12
Kraft Paper,Electronic Blister Pack,Electronics,5,13.39,10,93.52,0.98,0.609
PLA Bioplastic,Medicine Box,Healthcare,6,9.9,6,61.98,1.52,1.094
Aluminum,Cream Jar,Cosmetics,8,29.87,1,97.85,3.81,3.593
Corrugated Cardboard,Tile Packaging,Construction,9,27.42,8,90.14,1.39,0.804
Bagasse Fiber,Medicine Box,Healthcare,6,14.88,8,81.08,0.92,0.484
Glass,Spare Parts Box,Automotive,10,26.02,1,96.65,4.49,1.754
Glass,TV Carton,Electronics,9,22.4,2,99.15,5.92,1.839
Mushroom Packaging,Tile Packaging,Construction,7,12.92,10,75.37,1.64,0.443
Corrugated Cardboard,Spare Parts Box,Automotive,6,17.14,9,89.69,1.69,0.816
PLA Bioplastic,Toy Box,Toys,7,12.07,6,51.56,2.82,1.124
Kraft Paper,Medicine Box,Healthcare,6,5.18,8,93.53,1.43,0.628
Recycled PET,Hardware Container,Construction,9,27.78,3,88.92,3.9,2.14
PLA Bioplastic,Board Game Box,Toys,6,10.01,6,65.45,2.04,1.121
Glass,Garment Bag,Textiles,9,24.53,2,98.28,5.91,1.848
Kraft Paper,Garment Bag,Textiles,4,7.84,9,85.28,1.21,0.514
Glass,Medical Container,Healthcare,10,36.31,1,99.09,2.65,1.753
Aluminum,Tile Packaging,Construction,10,31.94,1,96.79,3.93,3.471
PLA Bioplastic,Battery Packaging,Automotive,9,8.12,7,68.4,2.44,1.174
Corrugated Cardboard,Action Figure Pack,Toys,7,15.47,7,86.88,0.87,0.689
PLA Bioplastic,Board Game Box,Toys,6,8.09,8,59.43,2.28,1.246
Mushroom Packaging,Hardware Container,Construction,5,16.42,9,76.18,2.73,0.391
Glass,Tile Packaging,Construction,10,29.94,2,97.74,2.65,1.723
PLA Bioplastic,Protective Cushioning Pack,Furniture,8,9.82,8,61.52,2.13,1.234
Kraft Paper,Battery Packaging,Automotive,4,11.75,10,94.57,1.23,0.617
Glass,Mobile Box,Electronics,10,34.63,1,95.1,4.0,1.79
Mushroom Packaging,Perfume Bottle,Cosmetics,6,16.08,9,78.43,1.23,0.332
Mushroom Packaging,Garment Bag,Textiles,7,15.81,10,65.14,1.22,0.411
Corrugated Cardboard,Protective Cushioning Pack,Furniture,8,26.99,8,84.72,1.04,0.762
Kraft Paper,Fabric Wrap,Textiles,6,5.57,8,88.95,1.41,0.638
Recycled PET,Board Game Box,Toys,8,21.94,2,94.35,2.07,2.098
Recycled PET,Cement Liner Bag,Construction,9,19.13,2,94.17,3.09,2.131
Aluminum,Takeaway Container,Food Packaging,8,32.78,1,98.29,3.17,3.366
Aluminum,Perfume Bottle,Cosmetics,8,22.5,1,95.67,3.47,3.499
Recycled PET,Food Tray,Food Packaging,9,22.91,3,93.41,3.62,2.064
Corrugated Cardboard,Medical Container,Healthcare,9,21.65,8,84.46,1.59,0.816
Glass,Battery Packaging,Automotive,10,27.88,1,98.58,2.38,1.843
Recycled PET,Furniture Carton,Furniture,10,17.02,3,85.68,2.57,2.11
Corrugated Cardboard,Hardware Container,Construction,6,18.01,7,80.92,0.54,0.88
Recycled PET,Protective Cushioning Pack,Furniture,10,15.14,2,92.97,2.7,2.13
Kraft Paper,Laptop Box,Electronics,7,9.3,8,88.05,1.09,0.493
Aluminum,Makeup Box,Cosmetics,9,30.49,1,97.7,2.86,3.43
Corrugated Cardboard,Syringe Pack,Healthcare,9,29.99,8,81.78,0.93,0.809
Corrugated Cardboard,Furniture Carton,Furniture,9,28.46,8,84.73,1.1,0.77
PLA Bioplastic,Electronic Blister Pack,Electronics,8,16.46,7,64.56,2.84,1.187
Corrugated Cardboard,Assembly Kit Box,Furniture,6,28.14,9,86.12,1.99,0.873
Bagasse Fiber,Perfume Bottle,Cosmetics,7,9.01,9,75.13,0.88,0.584
Kraft Paper,Toy Box,Toys,6,6.79,9,90.37,1.21,0.604
Corrugated Cardboard,Tile Packaging,Construction,6,23.14,7,83.55,1.06,0.916
Mushroom Packaging,TV Carton,Electronics,6,10.48,10,77.74,2.1,0.404
Kraft Paper,Furniture Carton,Furniture,5,13.43,10,91.25,1.21,0.609
Kraft Paper,Hardware Container,Construction,4,10.93,9,89.92,1.4,0.657
Mushroom Packaging,Clothing Box,Textiles,6,11.59,9,61.22,3.39,0.397
Glass,Fabric Wrap,Textiles,10,22.77,2,95.53,4.31,1.764
Bagasse Fiber,Beverage Bottle,Food Packaging,5,14.0,8,78.36,1.41,0.633
Recycled PET,Protective Cushioning Pack,Furniture,10,18.67,3,87.03,3.47,2.175
Corrugated Cardboard,Hardware Container,Construction,6,27.46,9,90.42,0.88,0.826
Kraft Paper,Cosmetic Tube,Cosmetics,7,11.07,8,88.75,0.98,0.599
Aluminum,Battery Packaging,Automotive,8,33.68,2,97.1,3.58,3.534
Corrugated Cardboard,Beverage Bottle,Food Packaging,9,29.2,7,84.23,1.48,0.748
Corrugated Cardboard,Electronic Blister Pack,Electronics,6,22.14,7,83.77,0.86,0.81
Kraft Paper,Beverage Bottle,Food Packaging,6,10.36,8,86.12,0.53,0.674
PLA Bioplastic,Pizza Box,Food Packaging,8,9.91,6,67.05,2.84,1.128
Glass,Protective Box,Home Appliances,10,38.27,2,99.58,2.41,1.792
Corrugated Cardboard,Action Figure Pack,Toys,9,31.8,8,87.68,1.26,0.757
Glass,Protective Box,Home Appliances,9,23.63,1,99.05,2.88,1.822
Aluminum,Clothing Box,Textiles,10,26.15,1,97.18,2.62,3.438
Corrugated Cardboard,Beverage Bottle,Food Packaging,7,11.58,8,83.71,0.55,0.785
Recycled PET,Hardware Container,Construction,8,15.79,2,90.4,1.94,2.137
Bagasse Fiber,Takeaway Container,Food Packaging,6,7.24,9,76.49,2.27,0.525
Aluminum,Food Tray,Food Packaging,8,26.48,2,95.26,3.35,3.514
Recycled PET,Cream Jar,Cosmetics,9,25.06,2,94.64,3.88,2.156
Bagasse Fiber,Hardware Container,Construction,7,8.64,8,83.87,1.79,0.57
Mushroom Packaging,Tile Packaging,Construction,6,16.82,10,74.64,2.2,0.426
Kraft Paper,Toy Box,Toys,7,6.08,10,87.08,1.0,0.628
Recycled PET,Spare Parts Box,Automotive,10,23.48,4,86.64,2.79,2.095
Aluminum,Medical Container,Healthcare,10,28.41,1,97.15,4.78,3.446
Glass,Cosmetic Tube,Cosmetics,9,22.59,2,98.61,3.13,1.836
Recycled PET,Hardware Container,Construction,8,22.79,3,93.0,2.38,2.009
PLA Bioplastic,Pizza Box,Food Packaging,6,8.24,7,63.43,2.79,1.153
Recycled PET,Electronic Blister Pack,Electronics,8,17.58,4,91.8,3.87,2.171
Aluminum,Furniture Carton,Furniture,8,23.37,2,96.6,5.18,3.576
Mushroom Packaging,Cement Liner Bag,Construction,5,11.0,9,77.62,2.16,0.429
Mushroom Packaging,Protective Box,Home Appliances,5,11.58,9,66.69,2.99,0.429
Bagasse Fiber,Electronic Blister Pack,Electronics,7,12.04,10,74.16,1.61,0.537
Recycled PET,Foam Insert Package,Home Appliances,9,19.6,2,94.93,2.74,2.123
Aluminum,Pizza Box,Food Packaging,8,27.08,1,98.94,3.11,3.586
Kraft Paper,Takeaway Container,Food Packaging,6,13.6,9,91.29,1.01,0.586
PLA Bioplastic,Action Figure Pack,Toys,8,16.06,6,63.83,1.37,1.143
Kraft Paper,Protective Box,Home Appliances,5,6.37,9,93.57,0.7,0.597
Recycled PET,Cosmetic Tube,Cosmetics,10,29.61,3,87.23,3.64,2.056
Recycled PET,Medicine Box,Healthcare,8,20.58,4,85.82,2.02,2.146
Aluminum,Medical Container,Healthcare,10,29.45,1,98.18,2.71,3.501
PLA Bioplastic,Action Figure Pack,Toys,7,10.91,8,64.55,1.14,1.203
Kraft Paper,Action Figure Pack,Toys,6,9.48,10,89.68,1.43,0.708
Bagasse Fiber,Takeaway Container,Food Packaging,5,6.5,8,81.96,1.66,0.461
Glass,Perfume Bottle,Cosmetics,10,24.45,1,96.28,3.64,1.856
Bagasse Fiber,Board Game Box,Toys,5,11.92,10,75.83,2.18,0.451
Kraft Paper,Assembly Kit Box,Furniture,6,6.11,8,91.13,1.3,0.502
Aluminum,Takeaway Container,Food Packaging,8,31.51,1,98.36,3.5,3.548
Mushroom Packaging,Syringe Pack,Healthcare,6,8.59,9,78.53,2.8,0.368
Glass,Action Figure Pack,Toys,10,22.89,1,97.41,5.08,1.785
Aluminum,Pizza Box,Food Packaging,8,21.58,2,95.2,4.46,3.465
PLA Bioplastic,Oil Container,Automotive,6,16.59,7,64.2,1.3,1.222
Bagasse Fiber,Fabric Wrap,Textiles,5,8.75,9,73.29,2.29,0.55
PLA Bioplastic,Syringe Pack,Healthcare,6,8.14,6,61.31,2.08,1.214
Glass,Garment Bag,Textiles,10,35.52,1,98.68,3.13,1.764
Corrugated Cardboard,Board Game Box,Toys,6,23.41,8,84.24,1.14,0.718
Glass,Garment Bag,Textiles,10,35.96,1,95.82,2.15,1.868
PLA Bioplastic,Medical Container,Healthcare,8,14.77,8,51.65,1.26,1.151
Bagasse Fiber,Tile Packaging,Construction,7,14.55,8,83.64,2.1,0.427
Bagasse Fiber,Oil Container,Automotive,6,7.9,8,78.96,0.8,0.459
Aluminum,Takeaway Container,Food Packaging,10,33.64,1,96.87,3.75,3.507
Recycled PET,Medicine Box,Healthcare,9,26.92,4,89.53,2.81,2.166
Corrugated Cardboard,Action Figure Pack,Toys,7,26.84,7,83.89,0.58,0.719
Recycled PET,Makeup Box,Cosmetics,8,17.88,2,92.52,3.93,2.165
Aluminum,Battery Packaging,Automotive,10,34.24,2,97.5,3.18,3.522
Mushroom Packaging,Hardware Container,Construction,7,11.74,9,75.18,1.9,0.365
Mushroom Packaging,Toy Box,Toys,6,9.53,9,71.32,1.9,0.379
Bagasse Fiber,Hardware Container,Construction,7,12.32,8,78.06,1.19,0.517
Kraft Paper,Appliance Carton,Home Appliances,4,8.06,9,91.8,0.3,0.625
Bagasse Fiber,Appliance Carton,Home Appliances,7,7.83,9,75.59,2.04,0.519
Aluminum,Hardware Container,Construction,8,23.22,1,97.74,5.4,3.46
Bagasse Fiber,Laptop Box,Electronics,5,10.5,10,80.76,1.18,0.478
Corrugated Cardboard,Toy Box,Toys,7,11.77,9,85.52,1.49,0.857
Corrugated Cardboard,Hardware Container,Construction,9,32.56,9,80.06,1.61,0.815
Glass,Tablet Blister Pack,Healthcare,9,29.11,1,99.67,5.39,1.864
Bagasse Fiber,Protective Cushioning Pack,Furniture,7,14.05,9,73.51,1.52,0.532
Corrugated Cardboard,Takeaway Container,Food Packaging,7,16.8,7,85.56,0.95,0.786
Mushroom Packaging,Board Game Box,Toys,5,8.5,9,61.78,1.95,0.441
Corrugated Cardboard,Action Figure Pack,Toys,6,23.92,8,87.08,1.57,0.755
Recycled PET,Takeaway Container,Food Packaging,10,16.75,2,93.36,3.54,2.168
Mushroom Packaging,Hardware Container,Construction,6,13.07,9,77.34,1.62,0.401
Corrugated Cardboard,Toy Box,Toys,6,24.68,7,83.84,1.06,0.78
Aluminum,Appliance Carton,Home Appliances,8,20.77,1,95.93,5.21,3.46
Bagasse Fiber,Cement Liner Bag,Construction,7,7.7,10,81.9,2.17,0.467
Bagasse Fiber,Makeup Box,Cosmetics,5,7.94,9,80.49,2.47,0.435
Kraft Paper,Furniture Carton,Furniture,6,10.84,9,91.33,1.21,0.531
Aluminum,Syringe Pack,Healthcare,10,33.96,2,97.85,3.68,3.556
Aluminum,Protective Box,Home Appliances,8,26.06,2,95.47,4.27,3.586
Glass,Protective Cushioning Pack,Furniture,10,26.13,2,98.12,4.64,1.787
Corrugated Cardboard,Furniture Carton,Furniture,9,28.32,7,84.37,0.62,0.777
PLA Bioplastic,Fabric Wrap,Textiles,6,11.88,7,64.28,2.09,1.22
Recycled PET,Fabric Wrap,Textiles,9,24.41,3,90.12,3.27,2.206
Glass,Clothing Box,Textiles,10,27.67,2,99.16,2.67,1.812
Mushroom Packaging,Appliance Carton,Home Appliances,7,10.24,9,65.21,3.0,0.346
PLA Bioplastic,Perfume Bottle,Cosmetics,8,13.2,8,66.78,2.17,1.263
Aluminum,Cosmetic Tube,Cosmetics,10,34.15,2,97.86,5.36,3.419
PLA Bioplastic,Cream Jar,Cosmetics,7,12.18,7,56.08,1.08,1.25
Glass,Syringe Pack,Healthcare,9,39.32,2,98.69,3.06,1.856
PLA Bioplastic,Tablet Blister Pack,Healthcare,8,11.4,7,52.26,2.2,1.19
Aluminum,Spare Parts Box,Automotive,8,31.12,2,98.42,3.39,3.59
Aluminum,Board Game Box,Toys,8,25.1,2,96.65,4.64,3.522
Corrugated Cardboard,Appliance Carton,Home Appliances,7,31.17,8,84.03,1.64,0.806
Recycled PET,Furniture Carton,Furniture,8,16.07,4,93.25,1.76,2.158
PLA Bioplastic,Garment Bag,Textiles,6,17.73,6,50.33,2.03,1.215
Aluminum,Clothing Box,Textiles,8,33.89,2,98.9,4.03,3.59
Kraft Paper,Makeup Box,Cosmetics,4,6.96,8,90.04,0.74,0.594
Bagasse Fiber,Protective Cushioning Pack,Furniture,7,11.55,8,77.5,2.39,0.491
Aluminum,Board Game Box,Toys,8,25.82,2,98.72,4.98,3.506
PLA Bioplastic,Spare Parts Box,Automotive,8,8.05,6,63.63,2.39,1.204
Kraft Paper,Perfume Bottle,Cosmetics,7,5.59,9,92.72,1.16,0.564
Aluminum,Board Game Box,Toys,10,21.9,1,98.3,3.89,3.48
Mushroom Packaging,Pizza Box,Food Packaging,5,12.31,10,60.86,3.32,0.429
Corrugated Cardboard,Syringe Pack,Healthcare,8,29.86,7,91.43,1.54,0.756
Mushroom Packaging,Beverage Bottle,Food Packaging,5,16.05,9,66.68,2.88,0.382
Mushroom Packaging,Garment Bag,Textiles,7,9.44,9,64.71,3.18,0.417
Bagasse Fiber,Foam Insert Package,Home Appliances,7,6.82,8,71.9,1.27,0.497
Recycled PET,Foam Insert Package,Home Appliances,9,18.83,3,90.12,3.52,2.056
Glass,Fabric Wrap,Textiles,10,28.45,2,98.65,2.78,1.816
PLA Bioplastic,Board Game Box,Toys,6,8.46,6,61.49,1.69,1.246
PLA Bioplastic,Tile Packaging,Construction,7,9.03,8,68.51,1.67,1.175
Corrugated Cardboard,Medical Container,Healthcare,9,21.42,8,87.94,1.97,0.765
Kraft Paper,Laptop Box,Electronics,4,13.78,8,92.08,1.33,0.502
Bagasse Fiber,Laptop Box,Electronics,6,14.16,8,80.91,1.99,0.51
Aluminum,Protective Cushioning Pack,Furniture,10,34.31,1,95.05,4.68,3.475
Bagasse Fiber,Perfume Bottle,Cosmetics,5,14.84,10,84.63,1.76,0.444
Kraft Paper,Furniture Carton,Furniture,6,10.96,10,89.03,1.44,0.574
Corrugated Cardboard,Foam Insert Package,Home Appliances,9,17.51,8,82.83,1.24,0.802
Corrugated Cardboard,Beverage Bottle,Food Packaging,9,20.94,8,89.27,1.07,0.737
Recycled PET,Cosmetic Tube,Cosmetics,10,17.43,3,94.91,1.91,2.08
Kraft Paper,Foam Insert Package,Home Appliances,6,5.05,10,87.11,1.24,0.587
Glass,Takeaway Container,Food Packaging,10,25.07,2,99.7,4.94,1.836
Kraft Paper,Garment Bag,Textiles,5,9.63,8,88.71,0.76,0.73
Bagasse Fiber,Protective Box,Home Appliances,7,13.39,9,75.34,0.84,0.52
Recycled PET,Protective Box,Home Appliances,8,16.67,3,92.8,3.6,2.164
Recycled PET,Garment Bag,Textiles,10,21.98,3,86.59,1.53,2.088
PLA Bioplastic,Toy Box,Toys,7,14.79,7,69.89,2.41,1.199
Bagasse Fiber,Protective Cushioning Pack,Furniture,7,12.14,9,78.61,2.45,0.568
Kraft Paper,Assembly Kit Box,Furniture,4,9.94,10,85.04,0.83,0.611
Corrugated Cardboard,Protective Box,Home Appliances,8,32.49,8,90.85,0.85,0.865
Kraft Paper,Cement Liner Bag,Construction,6,11.79,8,86.99,1.15,0.641
Glass,Assembly Kit Box,Furniture,10,30.01,2,97.31,5.27,1.801
Bagasse Fiber,Board Game Box,Toys,5,9.86,9,79.55,1.73,0.553
Recycled PET,Beverage Bottle,Food Packaging,9,21.18,4,89.07,3.92,2.083
Bagasse Fiber,Hardware Container,Construction,5,10.51,10,74.06,0.89,0.512
Bagasse Fiber,Action Figure Pack,Toys,6,12.03,10,82.34,1.66,0.469
PLA Bioplastic,Protective Cushioning Pack,Furniture,6,15.94,6,69.31,2.44,1.142
Corrugated Cardboard,Assembly Kit Box,Furniture,9,10.38,9,91.07,1.79,0.833
Glass,Battery Packaging,Automotive,9,36.06,1,96.93,2.72,1.862
PLA Bioplastic,Garment Bag,Textiles,6,8.95,8,53.14,2.6,1.177
Bagasse Fiber,Takeaway Container,Food Packaging,5,8.94,10,80.82,1.74,0.521
Glass,Fabric Wrap,Textiles,9,39.71,2,95.05,3.59,1.771
PLA Bioplastic,Pizza Box,Food Packaging,9,9.46,6,60.32,1.26,1.2
Glass,Electronic Blister Pack,Electronics,10,38.9,2,99.63,5.46,1.783
Mushroom Packaging,Action Figure Pack,Toys,5,12.01,10,64.49,1.56,0.362
Recycled PET,Food Tray,Food Packaging,8,29.43,4,91.08,2.27,2.167
Bagasse Fiber,Tablet Blister Pack,Healthcare,5,14.76,8,70.07,1.29,0.457
Kraft Paper,Foam Insert Package,Home Appliances,4,14.95,10,92.35,1.35,0.578
Aluminum,Cream Jar,Cosmetics,10,20.91,2,95.94,4.52,3.469
Bagasse Fiber,Tablet Blister Pack,Healthcare,6,11.92,10,72.5,2.15,0.496
Aluminum,Protective Box,Home Appliances,10,33.64,1,95.54,3.25,3.527
Mushroom Packaging,Cosmetic Tube,Cosmetics,7,10.15,10,67.9,2.64,0.409
Glass,Spare Parts Box,Automotive,10,36.92,2,96.11,4.29,1.781
Bagasse Fiber,Spare Parts Box,Automotive,7,6.97,9,72.42,2.22,0.516
Bagasse Fiber,Electronic Blister Pack,Electronics,7,9.13,9,84.72,2.34,0.489
Aluminum,Cement Liner Bag,Construction,8,26.13,1,96.9,2.54,3.497
Kraft Paper,Appliance Carton,Home Appliances,5,7.76,10,85.77,1.11,0.569
Corrugated Cardboard,Appliance Carton,Home Appliances,7,30.72,7,90.76,0.58,0.8
Aluminum,Tile Packaging,Construction,10,26.96,1,96.89,4.15,3.534
Corrugated Cardboard,Battery Packaging,Automotive,8,23.06,7,80.61,0.93,0.736
Glass,Laptop Box,Electronics,10,39.42,2,95.05,3.23,1.731
Bagasse Fiber,Furniture Carton,Furniture,6,14.45,8,72.59,1.4,0.559
Mushroom Packaging,Oil Container,Automotive,6,14.99,9,63.95,2.63,0.355
Corrugated Cardboard,Protective Box,Home Appliances,7,24.88,7,81.47,1.0,0.748
Corrugated Cardboard,Assembly Kit Box,Furniture,9,30.53,7,83.13,1.6,0.833
PLA Bioplastic,Toy Box,Toys,9,13.51,6,64.3,1.81,1.249
PLA Bioplastic,Beverage Bottle,Food Packaging,8,11.26,7,65.06,1.14,1.283
Aluminum,Appliance Carton,Home Appliances,8,22.85,2,97.62,4.85,3.426
Glass,Assembly Kit Box,Furniture,10,36.63,1,97.71,3.14,1.774
Aluminum,Cement Liner Bag,Construction,10,21.03,2,95.22,3.8,3.451
PLA Bioplastic,Protective Cushioning Pack,Furniture,6,14.32,8,50.71,2.37,1.23
Aluminum,Pizza Box,Food Packaging,9,32.17,1,95.65,3.5,3.495
Mushroom Packaging,Electronic Blister Pack,Electronics,6,14.26,10,67.29,1.33,0.375
Bagasse Fiber,Toy Box,Toys,5,9.72,8,77.42,1.44,0.495
Mushroom Packaging,Protective Box,Home Appliances,6,15.14,10,74.53,3.37,0.436
Aluminum,Assembly Kit Box,Furniture,8,33.72,1,98.97,4.43,3.405
Mushroom Packaging,Tablet Blister Pack,Healthcare,6,8.26,10,76.02,2.74,0.406
Corrugated Cardboard,Protective Cushioning Pack,Furniture,9,21.58,8,85.18,1.45,0.825
Aluminum,Laptop Box,Electronics,8,22.26,2,98.42,3.1,3.527
Aluminum,Takeaway Container,Food Packaging,8,33.23,2,96.05,3.76,3.594
Recycled PET,Cosmetic Tube,Cosmetics,10,22.42,3,94.21,3.38,2.047
Mushroom Packaging,Spare Parts Box,Automotive,6,12.08,9,77.64,1.43,0.291
Mushroom Packaging,Furniture Carton,Furniture,5,15.7,10,79.6,1.84,0.367
Aluminum,Protective Box,Home Appliances,10,34.27,1,95.42,3.33,3.536
PLA Bioplastic,Syringe Pack,Healthcare,7,11.14,7,69.94,1.86,1.24
Corrugated Cardboard,Assembly Kit Box,Furniture,7,23.79,9,91.55,1.97,0.847
Mushroom Packaging,Mobile Box,Electronics,5,12.38,9,67.63,1.36,0.367
Kraft Paper,Pizza Box,Food Packaging,5,14.86,10,85.56,0.92,0.543
Kraft Paper,Food Tray,Food Packaging,5,8.96,10,87.82,0.52,0.612
Corrugated Cardboard,Battery Packaging,Automotive,6,22.37,7,81.06,1.96,0.765
Mushroom Packaging,Electronic Blister Pack,Electronics,6,10.43,9,72.77,1.46,0.401
Corrugated Cardboard,Medical Container,Healthcare,7,31.15,7,84.18,1.11,0.824
Aluminum,Food Tray,Food Packaging,10,26.13,2,98.39,4.71,3.518
Recycled PET,Battery Packaging,Automotive,10,16.16,2,92.66,3.26,2.034
Glass,Protective Box,Home Appliances,9,37.94,2,99.38,3.69,1.833
Mushroom Packaging,Tile Packaging,Construction,7,17.58,9,75.77,2.0,0.316
Bagasse Fiber,Battery Packaging,Automotive,7,12.68,8,78.02,1.48,0.548
Recycled PET,Appliance Carton,Home Appliances,8,19.3,3,90.89,2.16,2.152
Bagasse Fiber,Protective Cushioning Pack,Furniture,6,13.82,9,76.24,1.15,0.52
Mushroom Packaging,Cosmetic Tube,Cosmetics,7,15.88,9,76.17,2.31,0.253
Corrugated Cardboard,Takeaway Container,Food Packaging,9,10.71,9,86.81,0.9,0.744
Recycled PET,Garment Bag,Textiles,8,25.69,2,89.79,2.22,2.184
PLA Bioplastic,Medical Container,Healthcare,8,14.09,7,50.36,2.31,1.163
Kraft Paper,Tile Packaging,Construction,6,14.11,8,86.85,1.46,0.573
Bagasse Fiber,Medical Container,Healthcare,6,7.18,8,81.77,1.83,0.526
Aluminum,Tablet Blister Pack,Healthcare,9,26.99,1,99.69,2.73,3.52
Aluminum,Syringe Pack,Healthcare,10,22.07,2,95.14,2.73,3.485
Recycled PET,Clothing Box,Textiles,10,22.71,2,90.04,3.88,2.174
Bagasse Fiber,Foam Insert Package,Home Appliances,7,14.35,10,75.76,1.31,0.469
Corrugated Cardboard,Protective Cushioning Pack,Furniture,8,19.81,7,88.19,0.64,0.76
Corrugated Cardboard,Furniture Carton,Furniture,6,31.65,9,89.28,1.4,0.787
Aluminum,Makeup Box,Cosmetics,9,24.23,1,99.45,4.37,3.467
Recycled PET,Cream Jar,Cosmetics,8,24.33,2,85.75,3.12,2.036
Aluminum,Food Tray,Food Packaging,8,24.39,1,96.49,3.3,3.444
Recycled PET,TV Carton,Electronics,9,29.97,4,90.89,1.54,2.079
Mushroom Packaging,Beverage Bottle,Food Packaging,7,12.33,10,76.29,3.42,0.381
Recycled PET,Takeaway Container,Food Packaging,9,18.63,3,91.13,2.13,2.04
Mushroom Packaging,Assembly Kit Box,Furniture,7,14.31,9,78.63,2.75,0.405
Kraft Paper,Pizza Box,Food Packaging,5,8.53,10,94.99,1.15,0.515
Corrugated Cardboard,Protective Box,Home Appliances,9,25.77,7,80.12,1.42,0.818
Kraft Paper,Hardware Container,Construction,6,5.25,10,92.38,0.68,0.51
Recycled PET,Takeaway Container,Food Packaging,8,19.37,2,92.73,2.18,2.044
Kraft Paper,Tile Packaging,Construction,4,11.45,10,86.1,1.02,0.587
PLA Bioplastic,Food Tray,Food Packaging,8,10.32,7,53.91,2.73,1.141
Kraft Paper,Assembly Kit Box,Furniture,5,13.86,9,92.38,1.44,0.565
Mushroom Packaging,Hardware Container,Construction,6,12.96,9,73.2,1.44,0.42
Bagasse Fiber,Makeup Box,Cosmetics,7,9.56,8,83.38,1.06,0.472
PLA Bioplastic,Tile Packaging,Construction,8,8.99,6,59.64,2.89,1.149
Kraft Paper,Hardware Container,Construction,7,11.83,9,86.04,1.18,0.555
Kraft Paper,Electronic Blister Pack,Electronics,7,5.5,10,92.51,1.36,0.561
Aluminum,Electronic Blister Pack,Electronics,9,31.03,2,96.67,3.11,3.451
Mushroom Packaging,Oil Container,Automotive,7,9.64,10,70.76,2.55,0.458
Mushroom Packaging,Laptop Box,Electronics,7,13.73,9,64.09,2.81,0.447
Mushroom Packaging,Takeaway Container,Food Packaging,5,11.59,9,79.64,2.76,0.455
PLA Bioplastic,Cement Liner Bag,Construction,8,8.64,6,55.98,1.82,1.231
Recycled PET,Pizza Box,Food Packaging,9,28.78,2,92.97,1.54,2.105
Mushroom Packaging,Electronic Blister Pack,Electronics,5,13.25,10,72.06,2.54,0.406
Bagasse Fiber,Pizza Box,Food Packaging,6,12.18,10,80.94,1.23,0.407
Aluminum,Toy Box,Toys,10,26.84,2,95.96,3.85,3.58
PLA Bioplastic,Appliance Carton,Home Appliances,9,11.8,7,67.85,2.92,1.116
Aluminum,Oil Container,Automotive,10,30.34,1,99.03,3.7,3.49
PLA Bioplastic,Appliance Carton,Home Appliances,7,13.17,8,63.82,2.68,1.243
Bagasse Fiber,Furniture Carton,Furniture,6,12.16,10,71.13,1.12,0.523
Recycled PET,Protective Cushioning Pack,Furniture,9,24.44,2,86.25,3.18,2.099
Glass,Board Game Box,Toys,10,37.36,2,96.45,5.91,1.755
Recycled PET,Pizza Box,Food Packaging,9,15.7,3,85.19,1.75,2.119
Bagasse Fiber,Tablet Blister Pack,Healthcare,5,13.52,8,70.44,0.81,0.545
Mushroom Packaging,Makeup Box,Cosmetics,7,17.82,9,61.32,2.2,0.398
Corrugated Cardboard,Toy Box,Toys,8,27.96,9,81.55,0.64,0.738
Glass,Beverage Bottle,Food Packaging,10,33.34,2,99.89,4.99,1.843
Glass,Appliance Carton,Home Appliances,10,29.29,2,97.56,5.66,1.882
Recycled PET,Protective Box,Home Appliances,8,21.46,2,93.24,2.59,2.174
Recycled PET,Protective Cushioning Pack,Furniture,9,23.09,2,93.64,2.15,2.055
Corrugated Cardboard,Oil Container,Automotive,8,11.33,8,85.56,1.15,0.713
Aluminum,Assembly Kit Box,Furniture,8,22.62,1,97.5,4.67,3.398
Bagasse Fiber,Furniture Carton,Furniture,5,12.4,10,72.45,0.82,0.44
Mushroom Packaging,Battery Packaging,Automotive,6,16.99,9,71.71,2.56,0.368
Corrugated Cardboard,Mobile Box,Electronics,9,17.78,8,87.79,1.42,0.787
Kraft Paper,Spare Parts Box,Automotive,5,14.75,8,89.35,1.07,0.551
Mushroom Packaging,Action Figure Pack,Toys,6,15.62,9,78.22,1.76,0.333
Aluminum,Protective Cushioning Pack,Furniture,9,34.83,2,97.95,4.64,3.478
Corrugated Cardboard,Fabric Wrap,Textiles,6,25.53,9,82.42,0.64,0.83
Glass,Perfume Bottle,Cosmetics,10,31.14,2,97.55,2.8,1.755
Mushroom Packaging,Mobile Box,Electronics,6,14.07,9,74.91,3.22,0.413
PLA Bioplastic,Battery Packaging,Automotive,8,10.26,6,54.95,2.48,1.326
Bagasse Fiber,Tile Packaging,Construction,5,6.16,8,70.45,0.82,0.482
Mushroom Packaging,Furniture Carton,Furniture,5,16.97,9,62.52,1.77,0.44
Glass,Board Game Box,Toys,10,36.11,2,95.01,2.86,1.743
Corrugated Cardboard,Takeaway Container,Food Packaging,6,27.01,8,83.9,0.91,0.741
Aluminum,Hardware Container,Construction,9,32.81,2,97.72,3.24,3.543
PLA Bioplastic,Oil Container,Automotive,9,14.13,8,65.95,1.13,1.283
Recycled PET,Cream Jar,Cosmetics,8,26.78,4,85.44,2.65,2.033
Glass,Appliance Carton,Home Appliances,10,20.2,2,95.27,4.93,1.824
PLA Bioplastic,Assembly Kit Box,Furniture,7,17.55,8,61.58,2.21,1.274
Kraft Paper,Takeaway Container,Food Packaging,5,12.34,9,94.12,1.11,0.643
Mushroom Packaging,Cream Jar,Cosmetics,6,9.15,9,73.08,1.39,0.39
Aluminum,Fabric Wrap,Textiles,10,32.72,2,95.86,5.35,3.419
Glass,Protective Box,Home Appliances,10,39.0,2,99.73,5.35,1.778
Kraft Paper,Cream Jar,Cosmetics,6,6.73,9,88.12,1.27,0.635
Kraft Paper,Protective Box,Home Appliances,6,5.47,10,85.15,1.29,0.573
Recycled PET,Tile Packaging,Construction,9,16.73,2,90.04,3.83,2.089
Glass,Battery Packaging,Automotive,9,22.13,2,98.7,4.18,1.791
Mushroom Packaging,Cement Liner Bag,Construction,6,11.96,10,75.7,1.66,0.435
PLA Bioplastic,Cosmetic Tube,Cosmetics,6,16.52,8,51.72,2.23,1.22
Kraft Paper,Medicine Box,Healthcare,7,7.18,10,91.26,1.19,0.58
PLA Bioplastic,Mobile Box,Electronics,8,19.04,6,61.87,2.48,1.18
Mushroom Packaging,Hardware Container,Construction,7,16.21,9,64.78,2.4,0.445
Kraft Paper,Protective Box,Home Appliances,5,7.47,9,91.84,0.38,0.559
Mushroom Packaging,Board Game Box,Toys,6,10.82,10,65.59,2.05,0.469
Recycled PET,Cement Liner Bag,Construction,9,22.83,4,92.02,3.8,1.98
Kraft Paper,Laptop Box,Electronics,4,12.99,8,89.14,1.0,0.622
Aluminum,Board Game Box,Toys,10,20.64,2,95.82,4.11,3.516
Kraft Paper,Makeup Box,Cosmetics,6,7.73,8,88.07,0.62,0.589
Mushroom Packaging,Makeup Box,Cosmetics,7,9.69,9,77.37,2.05,0.433
Recycled PET,Clothing Box,Textiles,8,28.35,3,88.4,3.74,2.078
Bagasse Fiber,Mobile Box,Electronics,7,9.82,8,84.23,1.93,0.545
Bagasse Fiber,Medicine Box,Healthcare,5,6.81,10,84.96,2.14,0.469
Recycled PET,Appliance Carton,Home Appliances,10,24.95,3,90.15,2.64,2.102
Glass,Furniture Carton,Furniture,9,32.62,2,95.16,4.52,1.777
Recycled PET,Makeup Box,Cosmetics,10,28.49,4,94.72,2.12,2.028
PLA Bioplastic,Appliance Carton,Home Appliances,6,11.93,8,59.98,2.41,1.161
Kraft Paper,Electronic Blister Pack,Electronics,4,7.33,10,90.1,0.81,0.584
Recycled PET,Board Game Box,Toys,8,16.88,2,87.36,2.61,2.116
Bagasse Fiber,Board Game Box,Toys,5,12.77,9,71.49,1.9,0.564
Kraft Paper,Syringe Pack,Healthcare,4,8.14,10,91.51,1.42,0.584
PLA Bioplastic,Protective Cushioning Pack,Furniture,8,17.64,8,69.32,1.13,1.233
Recycled PET,Perfume Bottle,Cosmetics,10,21.57,4,86.16,3.56,2.089
Recycled PET,Takeaway Container,Food Packaging,8,21.24,2,90.61,2.23,2.074
Mushroom Packaging,Foam Insert Package,Home Appliances,6,14.91,9,73.39,2.22,0.369
Glass,Mobile Box,Electronics,9,39.31,1,98.98,2.09,1.767
Glass,Food Tray,Food Packaging,9,21.34,1,99.72,3.2,1.849
Glass,Foam Insert Package,Home Appliances,9,32.96,2,97.99,4.01,1.7
Recycled PET,Laptop Box,Electronics,9,26.73,4,91.26,1.64,2.045
Glass,Foam Insert Package,Home Appliances,9,36.57,1,99.12,3.96,1.75
PLA Bioplastic,Assembly Kit Box,Furniture,6,9.42,7,61.76,2.85,1.229
Aluminum,Beverage Bottle,Food Packaging,10,27.48,1,99.77,2.82,3.588
Recycled PET,Tile Packaging,Construction,10,20.88,4,87.85,3.41,2.078
PLA Bioplastic,Laptop Box,Electronics,8,10.3,6,56.21,1.82,1.21
Corrugated Cardboard,Medicine Box,Healthcare,7,16.29,7,90.53,1.48,0.802
Corrugated Cardboard,Pizza Box,Food Packaging,7,26.42,9,87.82,0.89,0.811
Aluminum,Foam Insert Package,Home Appliances,10,21.74,1,95.95,2.98,3.432
PLA Bioplastic,Toy Box,Toys,7,16.55,7,68.91,1.32,1.238
Aluminum,Perfume Bottle,Cosmetics,8,25.5,2,97.32,2.71,3.393
Glass,Fabric Wrap,Textiles,9,28.59,1,95.75,2.74,1.856
Aluminum,Protective Box,Home Appliances,10,33.06,2,97.72,4.49,3.512
Aluminum,Toy Box,Toys,8,27.46,2,96.55,5.15,3.492
Corrugated Cardboard,Clothing Box,Textiles,6,11.01,9,85.78,1.72,0.777
PLA Bioplastic,Battery Packaging,Automotive,7,14.4,7,54.84,2.37,1.201
PLA Bioplastic,Cosmetic Tube,Cosmetics,7,18.82,8,65.66,1.22,1.18
Mushroom Packaging,Cosmetic Tube,Cosmetics,7,9.92,9,61.8,1.87,0.434
PLA Bioplastic,Protective Box,Home Appliances,8,12.97,8,61.65,1.62,1.158
Recycled PET,Cement Liner Bag,Construction,8,28.76,3,93.17,2.12,2.071
Bagasse Fiber,Takeaway Container,Food Packaging,5,6.63,10,73.57,1.68,0.479
Kraft Paper,Syringe Pack,Healthcare,6,8.72,9,85.14,0.94,0.541
Mushroom Packaging,Tile Packaging,Construction,5,17.27,10,78.75,2.02,0.446
Mushroom Packaging,Food Tray,Food Packaging,5,10.43,10,70.61,2.01,0.367
Mushroom Packaging,Toy Box,Toys,5,16.34,10,77.07,3.11,0.436
Recycled PET,Pizza Box,Food Packaging,8,27.92,2,88.81,3.47,2.05
Glass,Foam Insert Package,Home Appliances,9,38.4,1,97.32,3.23,1.715
Mushroom Packaging,Assembly Kit Box,Furniture,7,9.67,10,75.74,3.3,0.457
PLA Bioplastic,Battery Packaging,Automotive,6,18.12,8,58.08,2.91,1.111
Corrugated Cardboard,Protective Box,Home Appliances,6,28.47,9,81.73,0.99,0.789
Bagasse Fiber,Oil Container,Automotive,5,13.53,8,83.67,1.4,0.504
Recycled PET,Furniture Carton,Furniture,9,25.63,4,93.55,2.76,2.168
Corrugated Cardboard,Oil Container,Automotive,9,11.0,8,91.89,1.91,0.782
Bagasse Fiber,Furniture Carton,Furniture,6,8.98,10,74.18,2.29,0.617
Aluminum,Makeup Box,Cosmetics,9,31.73,1,98.08,2.81,3.459
Mushroom Packaging,Electronic Blister Pack,Electronics,6,14.98,10,64.88,2.1,0.33
Glass,Hardware Container,Construction,10,26.56,1,98.83,4.21,1.832
Recycled PET,Appliance Carton,Home Appliances,8,27.2,4,90.64,2.76,2.041
Bagasse Fiber,Foam Insert Package,Home Appliances,6,7.31,10,75.78,1.13,0.509
Kraft Paper,Tablet Blister Pack,Healthcare,6,10.3,9,93.29,1.33,0.652
Corrugated Cardboard,Oil Container,Automotive,7,15.82,8,89.92,1.52,0.794
Recycled PET,Board Game Box,Toys,9,21.78,2,88.24,3.59,2.157
Aluminum,Cement Liner Bag,Construction,9,34.04,2,96.72,5.08,3.459
Bagasse Fiber,Perfume Bottle,Cosmetics,6,9.95,9,76.8,2.07,0.482
Corrugated Cardboard,Protective Cushioning Pack,Furniture,7,30.54,8,81.2,1.16,0.792
Aluminum,Clothing Box,Textiles,9,22.68,1,97.87,4.33,3.524
Recycled PET,Syringe Pack,Healthcare,10,20.14,3,87.29,1.9,2.067
Recycled PET,Cement Liner Bag,Construction,8,26.4,3,94.44,3.18,2.092
Mushroom Packaging,Takeaway Container,Food Packaging,6,12.26,9,73.19,1.61,0.385
Corrugated Cardboard,Protective Cushioning Pack,Furniture,9,16.12,8,87.49,1.54,0.758
Mushroom Packaging,Food Tray,Food Packaging,6,12.64,9,76.17,1.73,0.356
Glass,Fabric Wrap,Textiles,10,30.3,1,99.27,2.47,1.716
Corrugated Cardboard,Protective Box,Home Appliances,6,20.21,8,86.85,0.75,0.746
Bagasse Fiber,Tile Packaging,Construction,5,7.49,10,72.87,0.8,0.421
Mushroom Packaging,Takeaway Container,Food Packaging,6,14.71,10,64.78,2.85,0.365
Kraft Paper,Cement Liner Bag,Construction,7,5.75,9,94.69,1.18,0.558
Aluminum,Protective Box,Home Appliances,8,29.34,1,99.41,4.04,3.403
Mushroom Packaging,Toy Box,Toys,6,12.63,9,61.27,1.57,0.377
Recycled PET,Cement Liner Bag,Construction,8,28.37,3,91.66,1.71,2.13
PLA Bioplastic,Medical Container,Healthcare,8,11.43,8,56.88,1.04,1.177
Kraft Paper,Battery Packaging,Automotive,7,13.58,9,92.52,0.5,0.544
Bagasse Fiber,Oil Container,Automotive,6,6.62,8,81.85,2.31,0.436
Aluminum,Mobile Box,Electronics,8,29.93,1,97.16,3.22,3.422
Kraft Paper,Medical Container,Healthcare,6,14.74,9,91.46,0.73,0.638
Glass,Clothing Box,Textiles,10,25.02,1,96.53,2.42,1.669
Aluminum,Mobile Box,Electronics,8,34.63,1,96.45,3.17,3.596
Aluminum,TV Carton,Electronics,10,22.24,1,96.23,4.06,3.5
Bagasse Fiber,Oil Container,Automotive,6,7.61,8,79.96,1.83,0.537
Bagasse Fiber,Syringe Pack,Healthcare,6,12.37,8,84.47,1.22,0.472
Aluminum,Medical Container,Healthcare,9,32.24,1,95.17,2.67,3.509
Glass,Food Tray,Food Packaging,9,29.64,2,98.62,3.56,1.764
Kraft Paper,Mobile Box,Electronics,4,12.15,10,85.46,0.58,0.571
PLA Bioplastic,Tile Packaging,Construction,8,18.87,6,57.24,1.44,1.143
Mushroom Packaging,Hardware Container,Construction,5,14.07,9,71.92,3.41,0.464
Aluminum,Furniture Carton,Furniture,8,31.74,2,99.9,4.35,3.418
Corrugated Cardboard,Cream Jar,Cosmetics,8,22.79,9,90.62,1.34,0.686
Corrugated Cardboard,Clothing Box,Textiles,6,31.51,7,89.25,1.12,0.761
Corrugated Cardboard,Foam Insert Package,Home Appliances,6,21.72,9,84.85,1.14,0.831
Glass,Battery Packaging,Automotive,10,39.41,2,99.62,4.16,1.82
Aluminum,Protective Box,Home Appliances,10,22.28,1,95.73,4.59,3.447
Recycled PET,Board Game Box,Toys,8,20.36,3,88.98,3.26,2.112
Recycled PET,Medicine Box,Healthcare,8,18.85,4,89.72,1.93,2.138
Kraft Paper,Protective Box,Home Appliances,4,7.05,9,94.31,0.9,0.582
PLA Bioplastic,Assembly Kit Box,Furniture,9,19.32,6,52.01,1.82,1.196
Corrugated Cardboard,Makeup Box,Cosmetics,8,28.94,7,84.21,1.81,0.818
PLA Bioplastic,Hardware Container,Construction,7,12.21,6,51.9,2.26,1.196
PLA Bioplastic,Food Tray,Food Packaging,7,8.98,8,62.9,2.07,1.246
Kraft Paper,Electronic Blister Pack,Electronics,4,9.6,8,86.39,0.44,0.675
Corrugated Cardboard,Appliance Carton,Home Appliances,8,34.31,7,83.72,1.41,0.726
Recycled PET,Cream Jar,Cosmetics,10,28.2,2,90.23,1.79,2.11
Bagasse Fiber,Oil Container,Automotive,7,11.82,9,70.97,1.37,0.563
PLA Bioplastic,Medicine Box,Healthcare,7,10.94,6,61.46,1.29,1.285
Bagasse Fiber,Electronic Blister Pack,Electronics,6,14.61,8,74.74,1.98,0.563
Bagasse Fiber,Tablet Blister Pack,Healthcare,5,14.53,9,84.81,1.15,0.661
Bagasse Fiber,Mobile Box,Electronics,5,11.97,8,75.26,1.47,0.461
Mushroom Packaging,Appliance Carton,Home Appliances,6,15.57,9,68.71,3.26,0.376
Aluminum,Assembly Kit Box,Furniture,10,20.51,1,97.18,3.11,3.419
Recycled PET,Oil Container,Automotive,9,16.64,2,90.15,2.77,2.117
Mushroom Packaging,Tile Packaging,Construction,6,17.97,10,79.69,2.16,0.36
Aluminum,Furniture Carton,Furniture,9,24.05,1,97.25,2.55,3.538
Corrugated Cardboard,Tile Packaging,Construction,9,10.92,9,87.85,1.69,0.846
Glass,Perfume Bottle,Cosmetics,9,31.13,2,95.93,2.28,1.851
Corrugated Cardboard,Clothing Box,Textiles,6,32.38,9,82.18,1.21,0.845
Glass,Protective Box,Home Appliances,9,38.23,2,96.4,4.24,1.805
Mushroom Packaging,Mobile Box,Electronics,6,12.7,10,79.81,2.65,0.354
PLA Bioplastic,Medical Container,Healthcare,9,9.64,8,56.53,2.38,1.186
Bagasse Fiber,Garment Bag,Textiles,6,13.58,8,80.68,1.23,0.463
Mushroom Packaging,Electronic Blister Pack,Electronics,6,8.58,10,64.16,1.22,0.294
Recycled PET,Spare Parts Box,Automotive,8,15.29,4,93.71,3.31,2.066
Bagasse Fiber,Battery Packaging,Automotive,5,11.54,10,72.63,1.71,0.534
Glass,Electronic Blister Pack,Electronics,10,22.2,2,97.63,5.34,1.845
Aluminum,Action Figure Pack,Toys,9,32.2,2,95.89,4.96,3.581
Kraft Paper,Hardware Container,Construction,7,12.89,10,85.03,1.31,0.705
Kraft Paper,Tile Packaging,Construction,4,12.46,8,91.75,0.88,0.512
Bagasse Fiber,Fabric Wrap,Textiles,5,8.25,8,84.5,1.37,0.425
Corrugated Cardboard,Battery Packaging,Automotive,9,34.84,7,80.43,1.69,0.845
PLA Bioplastic,Beverage Bottle,Food Packaging,6,11.95,6,56.88,1.9,1.115
Corrugated Cardboard,Board Game Box,Toys,7,10.95,9,90.95,0.78,0.751
Kraft Paper,Tile Packaging,Construction,5,14.04,10,90.33,1.33,0.572
Aluminum,Medical Container,Healthcare,8,26.17,1,99.85,5.15,3.531
Bagasse Fiber,Fabric Wrap,Textiles,7,10.2,8,81.41,1.59,0.489
Kraft Paper,Hardware Container,Construction,5,6.03,8,93.81,0.39,0.627
Glass,Syringe Pack,Healthcare,9,30.22,1,97.14,3.55,1.763
PLA Bioplastic,Food Tray,Food Packaging,8,16.87,6,55.99,2.61,1.153
Mushroom Packaging,Electronic Blister Pack,Electronics,6,15.62,10,79.25,3.27,0.391
Mushroom Packaging,Hardware Container,Construction,7,11.75,10,76.66,1.67,0.369
Corrugated Cardboard,Cement Liner Bag,Construction,6,16.1,8,80.07,0.6,0.833
Kraft Paper,Furniture Carton,Furniture,5,12.85,9,88.83,1.35,0.604
Glass,Makeup Box,Cosmetics,9,39.85,1,96.66,3.56,1.811
Recycled PET,Tile Packaging,Construction,9,16.55,3,87.37,2.85,2.182
PLA Bioplastic,Cement Liner Bag,Construction,9,18.65,8,63.34,2.94,1.106
Corrugated Cardboard,Pizza Box,Food Packaging,6,26.61,9,88.61,0.6,0.783
Mushroom Packaging,Board Game Box,Toys,7,9.58,9,76.31,2.69,0.41
Glass,Furniture Carton,Furniture,9,30.35,2,96.36,2.3,1.768
Glass,Foam Insert Package,Home Appliances,10,24.29,1,95.36,3.5,1.82
PLA Bioplastic,Clothing Box,Textiles,9,11.11,7,63.91,2.61,1.221
Corrugated Cardboard,Laptop Box,Electronics,7,18.34,7,84.04,1.15,0.84
Aluminum,Fabric Wrap,Textiles,10,22.31,1,99.84,5.49,3.501
Bagasse Fiber,TV Carton,Electronics,5,14.19,9,80.85,1.75,0.446
Recycled PET,Garment Bag,Textiles,8,28.8,2,88.15,2.3,2.088
Corrugated Cardboard,TV Carton,Electronics,6,10.24,8,88.03,0.83,0.809
Glass,Tablet Blister Pack,Healthcare,10,20.68,2,97.61,3.4,1.864
Kraft Paper,Battery Packaging,Automotive,4,8.45,8,92.1,0.75,0.582
Bagasse Fiber,Takeaway Container,Food Packaging,6,14.11,10,78.27,0.92,0.55
Mushroom Packaging,Spare Parts Box,Automotive,7,8.43,9,75.27,2.05,0.388
Glass,Medical Container,Healthcare,9,32.53,2,98.9,3.86,1.82
Glass,Laptop Box,Electronics,10,34.26,1,95.64,4.89,1.852
Recycled PET,Battery Packaging,Automotive,9,29.73,4,85.15,3.14,2.078
Bagasse Fiber,TV Carton,Electronics,6,10.57,8,79.58,2.0,0.5
PLA Bioplastic,Mobile Box,Electronics,6,19.71,8,67.39,1.02,1.212
Mushroom Packaging,Clothing Box,Textiles,7,16.71,9,64.36,1.7,0.402
Aluminum,Assembly Kit Box,Furniture,9,33.05,2,99.8,4.49,3.479
Recycled PET,Action Figure Pack,Toys,10,18.94,2,88.8,2.71,2.011
Glass,Laptop Box,Electronics,10,39.35,1,96.58,2.02,1.788
Recycled PET,Laptop Box,Electronics,9,18.8,2,85.2,3.51,2.097
Recycled PET,Pizza Box,Food Packaging,8,15.92,2,91.28,3.43,2.095
Aluminum,Clothing Box,Textiles,10,29.06,1,99.97,4.15,3.473
Recycled PET,Assembly Kit Box,Furniture,8,25.07,3,86.45,1.67,2.089
PLA Bioplastic,Perfume Bottle,Cosmetics,8,17.39,8,58.16,2.53,1.234
Glass,Battery Packaging,Automotive,10,29.16,1,95.33,4.33,1.759
Bagasse Fiber,Battery Packaging,Automotive,5,7.46,10,73.2,2.13,0.545
Aluminum,Clothing Box,Textiles,8,28.72,1,97.11,4.76,3.547
Mushroom Packaging,Oil Container,Automotive,7,12.11,9,61.17,3.05,0.351
Recycled PET,Fabric Wrap,Textiles,9,26.9,4,88.87,2.8,2.156
Corrugated Cardboard,Action Figure Pack,Toys,8,26.19,9,80.25,0.71,0.745
Bagasse Fiber,Cream Jar,Cosmetics,6,7.27,8,72.86,1.94,0.519
Corrugated Cardboard,Perfume Bottle,Cosmetics,9,29.35,9,87.57,1.43,0.695
Bagasse Fiber,Furniture Carton,Furniture,5,13.3,10,78.44,2.06,0.499
Mushroom Packaging,Pizza Box,Food Packaging,5,8.34,10,67.65,1.59,0.331
Recycled PET,TV Carton,Electronics,8,17.15,3,88.24,1.99,2.121
Corrugated Cardboard,Foam Insert Package,Home Appliances,6,14.76,8,91.87,1.84,0.799
Mushroom Packaging,Tile Packaging,Construction,5,16.86,10,63.08,2.92,0.398
Corrugated Cardboard,Fabric Wrap,Textiles,8,16.36,9,80.14,1.86,0.802
PLA Bioplastic,Appliance Carton,Home Appliances,9,11.73,6,59.46,2.52,1.138
Bagasse Fiber,Toy Box,Toys,7,7.71,10,70.85,1.82,0.51
PLA Bioplastic,Appliance Carton,Home Appliances,6,18.36,7,59.32,2.31,1.145
PLA Bioplastic,Perfume Bottle,Cosmetics,8,12.97,6,64.12,2.78,1.279
Kraft Paper,Cement Liner Bag,Construction,5,6.11,8,87.09,0.99,0.512
Kraft Paper,Cement Liner Bag,Construction,5,9.53,9,86.44,1.06,0.641
Corrugated Cardboard,Spare Parts Box,Automotive,7,20.94,9,80.71,0.73,0.883
Kraft Paper,Protective Cushioning Pack,Furniture,5,9.66,8,88.9,0.87,0.657
Aluminum,Pizza Box,Food Packaging,10,27.48,1,96.64,4.65,3.483
Corrugated Cardboard,Board Game Box,Toys,9,14.48,8,87.14,0.91,0.843
Kraft Paper,Electronic Blister Pack,Electronics,6,14.91,8,87.74,0.54,0.508
Bagasse Fiber,Board Game Box,Toys,5,10.39,8,80.48,1.33,0.487
Bagasse Fiber,Perfume Bottle,Cosmetics,6,12.3,9,72.81,1.21,0.548
Recycled PET,Action Figure Pack,Toys,8,24.78,2,85.02,2.04,2.145
Mushroom Packaging,Protective Box,Home Appliances,6,14.06,9,75.78,2.18,0.398
Corrugated Cardboard,Oil Container,Automotive,9,19.88,9,84.03,1.86,0.751
Mushroom Packaging,Cream Jar,Cosmetics,6,15.49,10,68.67,2.37,0.376
Kraft Paper,Furniture Carton,Furniture,7,13.15,8,93.0,0.53,0.595
Kraft Paper,Hardware Container,Construction,5,11.65,8,90.52,0.39,0.604
PLA Bioplastic,Protective Cushioning Pack,Furniture,7,17.65,6,53.34,2.39,1.16
Corrugated Cardboard,Mobile Box,Electronics,7,13.38,8,91.65,1.07,0.838
Aluminum,Spare Parts Box,Automotive,10,25.91,2,97.02,4.97,3.546
Recycled PET,Tile Packaging,Construction,8,22.52,2,90.49,3.15,2.101
Glass,Mobile Box,Electronics,9,30.65,2,96.73,5.18,1.769
Bagasse Fiber,Spare Parts Box,Automotive,6,13.47,10,70.59,1.26,0.554
Kraft Paper,Fabric Wrap,Textiles,5,8.23,9,92.37,1.13,0.567
Aluminum,Garment Bag,Textiles,10,34.57,2,96.66,3.29,3.477
Glass,Protective Box,Home Appliances,10,37.75,2,98.37,5.76,1.876
Corrugated Cardboard,Laptop Box,Electronics,8,20.42,8,80.94,1.45,0.813
Recycled PET,Fabric Wrap,Textiles,9,18.17,4,93.69,2.31,2.065
Glass,Action Figure Pack,Toys,9,31.62,1,97.76,3.08,1.776
Recycled PET,Protective Box,Home Appliances,8,18.26,3,94.55,1.98,2.053
Recycled PET,Furniture Carton,Furniture,10,24.56,2,93.48,3.24,2.091
Recycled PET,Protective Cushioning Pack,Furniture,9,16.41,2,94.34,2.05,2.122
PLA Bioplastic,Battery Packaging,Automotive,9,14.87,7,64.73,2.19,1.233
Corrugated Cardboard,Tile Packaging,Construction,6,10.49,7,89.49,0.9,0.806
PLA Bioplastic,Medicine Box,Healthcare,7,9.92,7,69.03,2.32,1.148
Aluminum,TV Carton,Electronics,9,33.8,1,97.93,4.94,3.538
Mushroom Packaging,Tile Packaging,Construction,6,12.75,9,71.53,2.99,0.409
Corrugated Cardboard,Oil Container,Automotive,6,34.06,9,90.57,1.64,0.784
PLA Bioplastic,Cosmetic Tube,Cosmetics,7,17.98,6,57.23,1.38,1.247
PLA Bioplastic,Perfume Bottle,Cosmetics,6,8.82,6,65.32,1.18,1.246
Recycled PET,Medicine Box,Healthcare,9,28.69,2,88.67,3.25,2.163
Bagasse Fiber,Appliance Carton,Home Appliances,5,14.17,8,74.77,1.43,0.519
Mushroom Packaging,Garment Bag,Textiles,5,9.81,9,63.96,2.19,0.549
Aluminum,Oil Container,Automotive,8,33.42,1,97.86,2.59,3.477
PLA Bioplastic,Foam Insert Package,Home Appliances,8,11.87,7,64.76,1.52,1.231
Recycled PET,Cement Liner Bag,Construction,9,15.28,2,86.3,1.58,2.086
Kraft Paper,Medicine Box,Healthcare,5,9.94,8,93.85,1.36,0.631
PLA Bioplastic,Mobile Box,Electronics,8,12.38,8,51.9,1.49,1.17
Kraft Paper,Laptop Box,Electronics,4,6.09,10,94.4,0.97,0.551
Recycled PET,Pizza Box,Food Packaging,8,29.58,3,90.77,1.6,2.09
Aluminum,Garment Bag,Textiles,9,20.72,1,98.99,4.5,3.493
PLA Bioplastic,Clothing Box,Textiles,9,9.33,6,61.7,1.65,1.204
Bagasse Fiber,Syringe Pack,Healthcare,6,10.4,8,71.81,2.33,0.388
Corrugated Cardboard,Hardware Container,Construction,8,18.37,8,84.46,1.83,0.764
Kraft Paper,Oil Container,Automotive,7,9.4,8,87.41,0.69,0.643
Recycled PET,Battery Packaging,Automotive,10,25.65,2,89.24,3.75,2.064
Glass,Beverage Bottle,Food Packaging,9,21.87,1,96.07,5.98,1.827
Glass,Battery Packaging,Automotive,9,34.17,2,99.9,5.3,1.777
Bagasse Fiber,Furniture Carton,Furniture,7,9.87,8,71.07,2.24,0.508
Kraft Paper,Mobile Box,Electronics,7,6.33,9,92.92,0.6,0.584
Bagasse Fiber,Action Figure Pack,Toys,5,6.88,9,78.31,1.78,0.522
PLA Bioplastic,Tile Packaging,Construction,9,18.46,6,64.07,1.13,1.253
Corrugated Cardboard,Protective Cushioning Pack,Furniture,6,11.23,8,91.09,0.64,0.678
Mushroom Packaging,Foam Insert Package,Home Appliances,5,11.98,9,64.17,3.5,0.349
Bagasse Fiber,Makeup Box,Cosmetics,7,14.21,9,77.16,1.36,0.552
Corrugated Cardboard,Beverage Bottle,Food Packaging,7,31.17,7,87.09,1.62,0.858
Mushroom Packaging,Toy Box,Toys,7,10.71,10,79.34,3.06,0.424
Kraft Paper,TV Carton,Electronics,7,6.88,9,86.59,1.33,0.63
Recycled PET,Pizza Box,Food Packaging,9,20.87,2,85.26,3.99,2.112
PLA Bioplastic,Hardware Container,Construction,8,8.99,7,57.49,1.48,1.262
Glass,Assembly Kit Box,Furniture,10,24.11,1,99.84,2.16,1.891
Kraft Paper,Assembly Kit Box,Furniture,7,6.61,9,90.35,0.79,0.62
Aluminum,Protective Box,Home Appliances,10,28.31,2,96.34,2.89,3.482
Recycled PET,Medical Container,Healthcare,8,19.0,4,93.2,1.56,2.107
Corrugated Cardboard,Laptop Box,Electronics,7,18.55,9,87.67,1.04,0.784
Corrugated Cardboard,Electronic Blister Pack,Electronics,6,28.51,7,84.16,1.68,0.848
Mushroom Packaging,Board Game Box,Toys,7,9.09,10,67.26,2.5,0.402
Bagasse Fiber,Electronic Blister Pack,Electronics,5,7.95,8,76.02,1.33,0.586
Corrugated Cardboard,Mobile Box,Electronics,6,21.65,7,82.48,1.48,0.782
Bagasse Fiber,Assembly Kit Box,Furniture,5,10.05,8,79.08,1.19,0.597
Corrugated Cardboard,Spare Parts Box,Automotive,6,29.65,7,85.23,0.52,0.778
PLA Bioplastic,Board Game Box,Toys,6,11.79,6,59.19,2.53,1.202
Mushroom Packaging,Protective Cushioning Pack,Furniture,5,11.98,10,65.85,2.63,0.424
Aluminum,Toy Box,Toys,9,26.13,1,95.52,4.79,3.475
Mushroom Packaging,Hardware Container,Construction,5,13.6,9,67.02,1.29,0.312
Aluminum,Board Game Box,Toys,8,22.99,2,96.96,5.01,3.522
Recycled PET,Laptop Box,Electronics,10,22.56,3,94.98,3.05,2.094
Bagasse Fiber,Cement Liner Bag,Construction,6,11.81,8,77.81,1.76,0.486
Kraft Paper,Spare Parts Box,Automotive,7,6.82,9,90.39,1.05,0.599
Kraft Paper,Pizza Box,Food Packaging,7,7.28,8,90.91,1.34,0.621
PLA Bioplastic,Cement Liner Bag,Construction,7,13.03,7,52.27,2.17,1.284
Glass,Cement Liner Bag,Construction,9,29.4,1,99.63,4.32,1.775
PLA Bioplastic,Spare Parts Box,Automotive,8,10.87,6,59.31,2.98,1.202
Mushroom Packaging,Appliance Carton,Home Appliances,5,9.04,10,74.37,2.94,0.374
Kraft Paper,Assembly Kit Box,Furniture,4,11.47,10,90.13,0.83,0.654
Corrugated Cardboard,Foam Insert Package,Home Appliances,7,29.88,7,85.65,1.56,0.766
Aluminum,Makeup Box,Cosmetics,8,23.91,2,96.23,3.67,3.551
PLA Bioplastic,Mobile Box,Electronics,7,12.35,8,51.4,1.46,1.298
Bagasse Fiber,Protective Box,Home Appliances,7,10.4,9,72.93,1.81,0.557
PLA Bioplastic,Toy Box,Toys,9,17.38,8,51.18,2.86,1.29
Recycled PET,Tile Packaging,Construction,10,24.19,2,94.0,3.82,2.057
Bagasse Fiber,Makeup Box,Cosmetics,6,7.63,8,77.73,1.38,0.558
Mushroom Packaging,Protective Cushioning Pack,Furniture,6,11.45,9,62.32,2.41,0.48
PLA Bioplastic,Medical Container,Healthcare,7,16.38,7,65.29,1.42,1.175
Corrugated Cardboard,Spare Parts Box,Automotive,7,34.06,7,86.39,1.99,0.851
Bagasse Fiber,Medical Container,Healthcare,5,14.6,10,84.27,2.47,0.488
Aluminum,Fabric Wrap,Textiles,8,25.37,1,98.67,4.45,3.514
Bagasse Fiber,Garment Bag,Textiles,7,6.01,8,82.9,2.17,0.427
Kraft Paper,Assembly Kit Box,Furniture,6,11.53,9,86.79,1.16,0.612
Corrugated Cardboard,Hardware Container,Construction,6,24.35,9,88.78,1.39,0.773
Bagasse Fiber,Medicine Box,Healthcare,7,9.98,10,82.1,0.89,0.589
Corrugated Cardboard,Furniture Carton,Furniture,8,29.44,8,83.37,1.18,0.798
Mushroom Packaging,Syringe Pack,Healthcare,7,17.13,9,75.34,2.75,0.446
PLA Bioplastic,Laptop Box,Electronics,9,16.96,6,63.81,2.36,1.166
Bagasse Fiber,Hardware Container,Construction,6,10.95,9,83.87,1.43,0.56
Recycled PET,Pizza Box,Food Packaging,10,24.15,3,94.14,3.85,2.04
Mushroom Packaging,Garment Bag,Textiles,5,17.85,10,73.19,1.58,0.415
Kraft Paper,Cement Liner Bag,Construction,6,12.65,8,92.86,0.9,0.598
Corrugated Cardboard,Mobile Box,Electronics,9,16.07,9,81.4,1.54,0.825
Kraft Paper,Cosmetic Tube,Cosmetics,4,5.98,9,94.53,1.14,0.568
Glass,Makeup Box,Cosmetics,9,29.75,2,98.02,4.59,1.763
Corrugated Cardboard,Battery Packaging,Automotive,8,19.8,9,84.59,0.91,0.851
Mushroom Packaging,Assembly Kit Box,Furniture,6,9.81,10,74.84,1.56,0.463
Glass,Action Figure Pack,Toys,9,20.13,1,99.71,4.54,1.828
Bagasse Fiber,Cosmetic Tube,Cosmetics,5,13.2,10,74.98,1.82,0.523
Bagasse Fiber,Perfume Bottle,Cosmetics,7,9.37,9,84.43,1.1,0.666
Corrugated Cardboard,TV Carton,Electronics,7,24.37,9,83.55,1.56,0.739
Glass,TV Carton,Electronics,10,35.94,1,99.24,3.82,1.796
Corrugated Cardboard,Tablet Blister Pack,Healthcare,7,33.79,7,81.94,1.5,0.862
Mushroom Packaging,Medicine Box,Healthcare,6,13.76,9,74.55,3.13,0.372
Kraft Paper,Fabric Wrap,Textiles,4,5.76,8,87.63,0.5,0.685
Kraft Paper,Protective Cushioning Pack,Furniture,4,7.84,9,89.6,0.32,0.693
Aluminum,Syringe Pack,Healthcare,8,30.77,1,97.28,4.84,3.422
Bagasse Fiber,Furniture Carton,Furniture,7,11.79,10,72.98,1.84,0.539
Kraft Paper,Syringe Pack,Healthcare,4,8.26,10,85.86,1.14,0.579
Corrugated Cardboard,Cream Jar,Cosmetics,7,32.31,9,82.92,1.76,0.699
Recycled PET,Syringe Pack,Healthcare,8,17.41,3,90.12,3.51,2.116
Kraft Paper,Assembly Kit Box,Furniture,7,9.25,8,93.78,1.45,0.572
Kraft Paper,Perfume Bottle,Cosmetics,7,7.35,9,93.11,0.94,0.523
Corrugated Cardboard,Protective Cushioning Pack,Furniture,7,11.58,7,87.31,1.23,0.892
Bagasse Fiber,Takeaway Container,Food Packaging,6,14.26,9,83.47,1.48,0.499
Bagasse Fiber,Garment Bag,Textiles,5,13.31,9,73.06,1.06,0.49
Glass,Furniture Carton,Furniture,9,23.22,1,99.81,4.29,1.876
Mushroom Packaging,Cement Liner Bag,Construction,5,16.4,10,77.33,1.84,0.333
PLA Bioplastic,Foam Insert Package,Home Appliances,8,8.12,8,60.18,2.84,1.149
PLA Bioplastic,Protective Box,Home Appliances,8,19.66,8,61.13,2.17,1.177
Aluminum,Appliance Carton,Home Appliances,8,34.41,1,97.69,4.28,3.511
Glass,Beverage Bottle,Food Packaging,10,20.92,1,96.98,3.42,1.896
Bagasse Fiber,Furniture Carton,Furniture,5,10.7,8,74.61,0.89,0.494
Kraft Paper,Perfume Bottle,Cosmetics,4,14.13,10,89.89,0.34,0.505
Corrugated Cardboard,Tablet Blister Pack,Healthcare,6,29.48,8,84.09,1.14,0.818
Corrugated Cardboard,Battery Packaging,Automotive,6,14.24,7,90.14,0.63,0.785
Corrugated Cardboard,Clothing Box,Textiles,9,16.28,7,91.07,1.41,0.839
Bagasse Fiber,Appliance Carton,Home Appliances,5,7.66,8,73.45,2.3,0.424
Aluminum,TV Carton,Electronics,8,26.64,1,95.33,5.15,3.424
Mushroom Packaging,Spare Parts Box,Automotive,6,15.62,9,65.57,2.72,0.392
Aluminum,Board Game Box,Toys,8,24.54,1,95.69,3.13,3.468
Glass,Makeup Box,Cosmetics,10,38.88,1,96.26,5.45,1.832
Glass,TV Carton,Electronics,9,20.28,2,96.82,5.54,1.885
Aluminum,Protective Box,Home Appliances,10,20.67,1,99.56,3.09,3.541
Mushroom Packaging,Hardware Container,Construction,5,16.17,9,75.34,2.9,0.414
Corrugated Cardboard,Garment Bag,Textiles,7,32.77,7,90.34,0.93,0.862
Recycled PET,Syringe Pack,Healthcare,8,19.77,2,90.8,3.51,2.116
Aluminum,Spare Parts Box,Automotive,9,25.77,2,99.88,5.49,3.577
PLA Bioplastic,Toy Box,Toys,7,16.41,8,54.75,1.06,1.079
Aluminum,Medical Container,Healthcare,9,34.1,1,96.82,5.19,3.518
Glass,Laptop Box,Electronics,9,39.94,2,99.99,4.49,1.831
Glass,TV Carton,Electronics,9,26.24,2,99.12,5.89,1.818
Kraft Paper,Foam Insert Package,Home Appliances,4,8.91,10,89.98,0.86,0.617
Kraft Paper,TV Carton,Electronics,7,6.59,10,93.47,1.32,0.554
PLA Bioplastic,Food Tray,Food Packaging,7,13.87,7,51.83,1.12,1.233
Kraft Paper,Assembly Kit Box,Furniture,4,14.75,8,87.31,0.7,0.662
Aluminum,Spare Parts Box,Automotive,10,23.53,2,97.18,2.7,3.535
Aluminum,Toy Box,Toys,10,24.97,2,97.83,5.43,3.552
Recycled PET,Cement Liner Bag,Construction,10,28.5,4,88.29,3.54,2.194
Kraft Paper,Spare Parts Box,Automotive,4,10.01,8,88.95,1.32,0.585
PLA Bioplastic,Board Game Box,Toys,9,11.13,7,51.21,2.88,1.245
Glass,Fabric Wrap,Textiles,10,35.29,2,98.09,2.34,1.787
Glass,Protective Cushioning Pack,Furniture,10,29.01,2,96.67,3.54,1.823
Kraft Paper,Medicine Box,Healthcare,4,14.21,9,85.75,0.39,0.625
Aluminum,Furniture Carton,Furniture,8,28.16,1,96.41,3.13,3.461
Kraft Paper,Spare Parts Box,Automotive,6,6.46,10,93.99,0.58,0.626
Corrugated Cardboard,Cement Liner Bag,Construction,8,34.21,9,90.94,1.2,0.782
Kraft Paper,Board Game Box,Toys,6,11.06,8,87.09,0.62,0.614
PLA Bioplastic,Cream Jar,Cosmetics,8,10.9,6,50.19,1.2,1.182
Glass,Perfume Bottle,Cosmetics,9,23.04,2,96.12,2.67,1.75
Bagasse Fiber,Spare Parts Box,Automotive,6,10.74,10,81.26,1.05,0.487
Glass,Foam Insert Package,Home Appliances,9,31.52,1,97.58,5.89,1.845
Bagasse Fiber,Cream Jar,Cosmetics,5,14.92,9,70.31,2.09,0.597
Kraft Paper,Laptop Box,Electronics,7,11.14,9,88.18,1.46,0.584
Glass,Clothing Box,Textiles,9,26.49,1,99.5,3.76,1.905
Mushroom Packaging,Laptop Box,Electronics,6,11.02,10,72.27,1.84,0.488
Corrugated Cardboard,Laptop Box,Electronics,9,12.75,8,82.1,1.7,0.829
Mushroom Packaging,Spare Parts Box,Automotive,6,15.5,10,77.23,1.95,0.418
PLA Bioplastic,Protective Cushioning Pack,Furniture,8,19.26,8,52.73,1.6,1.187
Corrugated Cardboard,Takeaway Container,Food Packaging,9,16.94,9,80.26,0.85,0.812
Aluminum,Spare Parts Box,Automotive,10,25.08,1,97.93,2.89,3.496
Recycled PET,Battery Packaging,Automotive,9,24.05,2,91.7,2.14,2.097
Aluminum,Makeup Box,Cosmetics,8,20.92,2,96.97,3.57,3.56
Mushroom Packaging,Action Figure Pack,Toys,6,17.93,10,75.93,2.75,0.406
Glass,Cosmetic Tube,Cosmetics,9,25.8,2,96.27,2.25,1.813
Bagasse Fiber,Furniture Carton,Furniture,5,14.78,9,71.64,1.16,0.46
Corrugated Cardboard,Battery Packaging,Automotive,6,15.38,7,82.19,1.71,0.711
Kraft Paper,Garment Bag,Textiles,5,14.83,10,87.95,0.48,0.525
Aluminum,Fabric Wrap,Textiles,10,22.92,1,95.54,3.53,3.564
PLA Bioplastic,Furniture Carton,Furniture,6,8.88,6,66.87,2.73,1.302
Recycled PET,Garment Bag,Textiles,10,26.05,2,94.94,1.89,2.168
Glass,Action Figure Pack,Toys,9,29.62,1,99.12,2.33,1.858
Corrugated Cardboard,Laptop Box,Electronics,9,21.18,9,85.13,1.23,0.793
Aluminum,Battery Packaging,Automotive,10,26.38,1,98.73,3.41,3.568
Recycled PET,Appliance Carton,Home Appliances,9,21.55,3,89.63,2.91,2.1
Recycled PET,Board Game Box,Toys,10,16.75,3,94.84,3.51,2.024
Aluminum,Makeup Box,Cosmetics,8,24.18,1,99.74,2.91,3.482
Aluminum,Makeup Box,Cosmetics,10,27.77,1,96.63,4.24,3.538
Glass,Furniture Carton,Furniture,10,26.55,2,95.55,4.02,1.761
Recycled PET,Tile Packaging,Construction,9,26.69,3,90.07,1.86,2.024
Kraft Paper,Pizza Box,Food Packaging,7,13.19,9,87.23,1.05,0.597
Kraft Paper,Takeaway Container,Food Packaging,4,8.27,8,88.83,0.63,0.589
Kraft Paper,Mobile Box,Electronics,7,7.05,9,90.54,0.89,0.576
Glass,Foam Insert Package,Home Appliances,9,31.34,2,95.76,2.33,1.824
Mushroom Packaging,Cement Liner Bag,Construction,5,8.28,10,61.9,2.26,0.383
Recycled PET,Cosmetic Tube,Cosmetics,8,19.91,2,89.99,2.27,2.125
Aluminum,Cement Liner Bag,Construction,9,31.19,2,95.08,4.97,3.447
Bagasse Fiber,Clothing Box,Textiles,5,12.23,10,70.9,0.9,0.462
PLA Bioplastic,Garment Bag,Textiles,7,18.26,8,54.62,1.84,1.295
Corrugated Cardboard,Cream Jar,Cosmetics,8,19.16,8,86.18,1.19,0.817
Recycled PET,Cream Jar,Cosmetics,9,26.31,3,86.72,3.31,2.099
Kraft Paper,Makeup Box,Cosmetics,7,12.81,9,90.8,0.99,0.569
Recycled PET,Cosmetic Tube,Cosmetics,8,25.01,2,92.79,3.17,2.1
Mushroom Packaging,Hardware Container,Construction,7,16.23,9,68.69,2.99,0.362
Recycled PET,Beverage Bottle,Food Packaging,9,25.27,3,92.63,3.66,2.162
Aluminum,Syringe Pack,Healthcare,9,33.16,2,95.22,3.44,3.566
Mushroom Packaging,Mobile Box,Electronics,5,15.15,9,67.23,2.44,0.38
PLA Bioplastic,Beverage Bottle,Food Packaging,9,14.69,8,54.44,2.68,1.169
Glass,Assembly Kit Box,Furniture,9,38.25,1,98.98,5.96,1.762
Kraft Paper,Syringe Pack,Healthcare,7,7.15,8,90.78,1.37,0.669
Aluminum,Hardware Container,Construction,9,20.24,2,96.73,3.61,3.412
Recycled PET,Appliance Carton,Home Appliances,10,17.06,4,92.9,1.99,2.188
Recycled PET,Hardware Container,Construction,9,23.32,4,85.01,2.72,2.112
Recycled PET,Clothing Box,Textiles,8,26.66,2,89.19,3.35,2.072
Corrugated Cardboard,Spare Parts Box,Automotive,9,19.96,7,91.62,1.24,0.918
Aluminum,Furniture Carton,Furniture,10,22.12,1,99.91,3.95,3.553
Aluminum,Electronic Blister Pack,Electronics,10,21.13,1,99.42,5.01,3.541
Kraft Paper,Pizza Box,Food Packaging,4,10.37,10,91.25,0.73,0.51
Recycled PET,Tile Packaging,Construction,10,20.39,3,92.76,3.65,2.103
Bagasse Fiber,Tile Packaging,Construction,7,12.37,8,76.12,1.49,0.497
Mushroom Packaging,Board Game Box,Toys,6,14.86,9,64.06,1.95,0.442
Corrugated Cardboard,Appliance Carton,Home Appliances,9,31.67,8,89.51,1.18,0.788
Mushroom Packaging,Tile Packaging,Construction,5,16.58,9,78.29,2.95,0.399
Mushroom Packaging,Medical Container,Healthcare,5,13.43,10,63.27,1.49,0.388
Mushroom Packaging,Assembly Kit Box,Furniture,5,12.65,9,68.87,1.65,0.47
PLA Bioplastic,Syringe Pack,Healthcare,7,9.91,6,59.05,2.9,1.166
Corrugated Cardboard,Medicine Box,Healthcare,6,12.48,9,82.96,0.76,0.848
Corrugated Cardboard,Electronic Blister Pack,Electronics,7,17.17,7,81.25,1.35,0.822
Bagasse Fiber,Laptop Box,Electronics,6,7.46,8,84.58,1.78,0.479
Kraft Paper,Tablet Blister Pack,Healthcare,4,13.01,10,86.95,0.89,0.633
Glass,TV Carton,Electronics,10,34.28,2,95.92,4.58,1.777
Corrugated Cardboard,Appliance Carton,Home Appliances,8,12.74,7,87.55,0.84,0.772
Recycled PET,Foam Insert Package,Home Appliances,10,19.73,3,91.52,2.88,2.079
Mushroom Packaging,Assembly Kit Box,Furniture,6,16.26,9,72.44,2.06,0.458
Kraft Paper,Appliance Carton,Home Appliances,6,5.11,8,92.25,1.09,0.612
Kraft Paper,Mobile Box,Electronics,5,10.15,10,89.85,0.47,0.549
Recycled PET,Protective Box,Home Appliances,9,16.87,3,93.87,2.93,2.098
Mushroom Packaging,Garment Bag,Textiles,7,14.84,10,79.12,1.63,0.406
Kraft Paper,Syringe Pack,Healthcare,4,6.74,10,87.36,0.63,0.549
Bagasse Fiber,Mobile Box,Electronics,7,13.09,9,73.31,1.17,0.478
Glass,Fabric Wrap,Textiles,9,26.96,1,99.88,2.73,1.839
Bagasse Fiber,Oil Container,Automotive,6,11.37,8,76.52,2.2,0.447
Kraft Paper,Spare Parts Box,Automotive,4,9.97,9,85.66,0.64,0.541
PLA Bioplastic,Spare Parts Box,Automotive,8,15.41,8,52.38,2.85,1.215
Mushroom Packaging,Tile Packaging,Construction,5,11.67,9,64.52,3.43,0.382
Glass,Clothing Box,Textiles,9,26.77,2,98.24,4.29,1.836
Mushroom Packaging,Syringe Pack,Healthcare,7,10.49,9,65.68,1.53,0.286
PLA Bioplastic,Action Figure Pack,Toys,6,11.85,7,54.13,1.75,1.174
Kraft Paper,Takeaway Container,Food Packaging,5,7.59,8,86.91,1.26,0.587
Bagasse Fiber,Appliance Carton,Home Appliances,5,13.59,9,74.35,1.42,0.516
Corrugated Cardboard,Hardware Container,Construction,6,20.96,9,88.76,0.63,0.792
Glass,Battery Packaging,Automotive,9,21.97,1,95.39,4.23,1.887
Bagasse Fiber,Mobile Box,Electronics,5,6.28,9,82.62,2.24,0.446
Recycled PET,Hardware Container,Construction,9,27.96,2,91.21,3.49,2.089
PLA Bioplastic,Board Game Box,Toys,9,13.04,6,63.21,1.35,1.185
Recycled PET,Appliance Carton,Home Appliances,10,29.87,3,91.02,3.18,2.124
PLA Bioplastic,Protective Box,Home Appliances,6,13.2,8,63.02,1.44,1.112
Recycled PET,Action Figure Pack,Toys,10,18.32,3,94.42,2.05,2.062
Bagasse Fiber,Laptop Box,Electronics,6,8.01,8,81.57,2.29,0.44
Corrugated Cardboard,Cream Jar,Cosmetics,6,17.76,7,81.08,0.87,0.818
Recycled PET,Assembly Kit Box,Furniture,10,19.45,2,93.42,2.16,2.17
Recycled PET,Protective Cushioning Pack,Furniture,8,21.79,4,92.44,1.5,2.134
Mushroom Packaging,Foam Insert Package,Home Appliances,6,9.4,10,75.98,3.2,0.392
PLA Bioplastic,Cement Liner Bag,Construction,6,12.01,6,67.46,2.59,1.202
PLA Bioplastic,Beverage Bottle,Food Packaging,8,16.09,7,52.65,2.25,1.176
PLA Bioplastic,Pizza Box,Food Packaging,8,18.45,6,65.21,2.5,1.329
PLA Bioplastic,Spare Parts Box,Automotive,9,19.39,8,61.54,1.3,1.207
Glass,Mobile Box,Electronics,10,28.24,2,98.95,3.83,1.778
Recycled PET,Cement Liner Bag,Construction,9,22.47,3,89.6,2.38,2.107
Mushroom Packaging,Pizza Box,Food Packaging,7,9.53,10,69.15,1.42,0.487
Mushroom Packaging,Action Figure Pack,Toys,7,14.42,9,61.52,2.32,0.389
Bagasse Fiber,Mobile Box,Electronics,5,10.83,8,72.69,2.37,0.467
Aluminum,Mobile Box,Electronics,10,21.38,2,99.62,2.62,3.562
Bagasse Fiber,Battery Packaging,Automotive,7,8.27,9,75.05,1.3,0.52
Recycled PET,Furniture Carton,Furniture,8,28.49,3,92.05,2.02,2.11
Bagasse Fiber,Protective Cushioning Pack,Furniture,7,11.88,8,84.63,1.2,0.476
Bagasse Fiber,Fabric Wrap,Textiles,5,8.87,8,76.43,2.34,0.431
Bagasse Fiber,Clothing Box,Textiles,7,10.33,8,75.9,1.6,0.534
PLA Bioplastic,Toy Box,Toys,7,17.49,8,62.47,1.93,1.199
Glass,Fabric Wrap,Textiles,10,32.53,1,96.08,5.04,1.784
Aluminum,Battery Packaging,Automotive,10,30.22,1,97.18,2.96,3.445
PLA Bioplastic,Appliance Carton,Home Appliances,6,10.14,7,63.34,1.97,1.269
PLA Bioplastic,Perfume Bottle,Cosmetics,7,12.1,6,53.15,1.86,1.199
Recycled PET,Food Tray,Food Packaging,8,20.99,3,91.11,2.99,2.166
Kraft Paper,Protective Box,Home Appliances,4,9.77,10,86.04,1.5,0.558
PLA Bioplastic,Action Figure Pack,Toys,8,9.84,6,63.58,2.54,1.199
PLA Bioplastic,Protective Box,Home Appliances,9,15.03,6,52.62,1.8,1.246
Aluminum,Food Tray,Food Packaging,9,23.71,2,95.47,4.98,3.408
Recycled PET,Makeup Box,Cosmetics,8,15.76,4,85.42,1.93,2.055
Corrugated Cardboard,Electronic Blister Pack,Electronics,7,26.06,8,89.65,0.55,0.684
Bagasse Fiber,Tile Packaging,Construction,7,11.15,8,81.9,1.15,0.499
Corrugated Cardboard,Clothing Box,Textiles,9,10.47,9,83.87,1.01,0.845
Recycled PET,Foam Insert Package,Home Appliances,8,28.54,4,85.74,2.78,2.098
PLA Bioplastic,Clothing Box,Textiles,6,8.27,6,59.69,2.23,1.191
Kraft Paper,Garment Bag,Textiles,6,12.45,10,87.96,1.39,0.591
Bagasse Fiber,Toy Box,Toys,5,11.36,10,78.45,1.67,0.465
Corrugated Cardboard,Clothing Box,Textiles,9,34.74,9,88.95,1.25,0.801
Aluminum,Mobile Box,Electronics,8,23.74,1,97.8,2.65,3.469
Corrugated Cardboard,Cement Liner Bag,Construction,8,25.02,9,89.48,0.55,0.774
Kraft Paper,Battery Packaging,Automotive,7,9.86,10,85.11,0.96,0.555
Bagasse Fiber,Food Tray,Food Packaging,7,8.03,10,84.53,1.54,0.576
PLA Bioplastic,Foam Insert Package,Home Appliances,9,9.84,7,59.63,2.68,1.136
Aluminum,Action Figure Pack,Toys,8,31.08,1,99.64,2.98,3.553
Glass,Medical Container,Healthcare,10,20.29,1,95.73,2.1,1.735
Corrugated Cardboard,Oil Container,Automotive,8,30.58,9,87.57,1.17,0.888
Bagasse Fiber,Laptop Box,Electronics,6,7.15,8,84.34,1.2,0.525
Recycled PET,Food Tray,Food Packaging,9,20.92,3,85.55,1.62,2.101
Aluminum,Cosmetic Tube,Cosmetics,8,31.79,1,95.36,4.67,3.478
Bagasse Fiber,Action Figure Pack,Toys,6,11.78,8,76.58,0.99,0.436
Glass,TV Carton,Electronics,10,37.84,2,95.73,4.43,1.744
PLA Bioplastic,TV Carton,Electronics,6,10.72,6,66.17,1.56,1.171
Corrugated Cardboard,Furniture Carton,Furniture,6,10.36,9,90.1,0.76,0.758
Mushroom Packaging,Protective Cushioning Pack,Furniture,7,9.55,9,77.75,2.07,0.396
Glass,Fabric Wrap,Textiles,10,27.86,1,99.61,5.21,1.808
PLA Bioplastic,Garment Bag,Textiles,7,18.12,7,69.75,1.78,1.259
Bagasse Fiber,Tablet Blister Pack,Healthcare,7,14.72,10,81.76,2.08,0.538
PLA Bioplastic,Hardware Container,Construction,8,16.97,7,53.35,1.25,1.225
Corrugated Cardboard,Foam Insert Package,Home Appliances,7,21.96,7,87.96,1.66,0.722
PLA Bioplastic,Medical Container,Healthcare,6,15.74,7,69.45,1.47,1.205
Mushroom Packaging,Food Tray,Food Packaging,6,16.21,9,68.31,2.76,0.542
PLA Bioplastic,Medical Container,Healthcare,7,17.49,8,66.81,2.13,1.177
Mushroom Packaging,Furniture Carton,Furniture,7,11.18,9,69.94,3.34,0.402
Kraft Paper,Assembly Kit Box,Furniture,5,9.17,9,86.33,0.76,0.599
Glass,Medical Container,Healthcare,9,33.03,1,95.51,2.26,1.72
Corrugated Cardboard,Assembly Kit Box,Furniture,7,30.45,7,80.67,0.53,0.727
PLA Bioplastic,Beverage Bottle,Food Packaging,8,19.72,6,66.36,2.65,1.261
Glass,Pizza Box,Food Packaging,10,36.09,2,99.61,4.1,1.747
Aluminum,Pizza Box,Food Packaging,8,20.98,2,95.35,4.83,3.48
Glass,Protective Box,Home Appliances,10,30.49,1,99.49,2.94,1.808
Glass,Appliance Carton,Home Appliances,9,28.9,2,98.99,3.38,1.78
Corrugated Cardboard,Cosmetic Tube,Cosmetics,6,32.73,9,85.29,0.55,0.838
Corrugated Cardboard,Cement Liner Bag,Construction,9,28.3,7,82.59,1.94,0.814
PLA Bioplastic,Appliance Carton,Home Appliances,7,17.85,6,65.68,2.34,1.198
Bagasse Fiber,Protective Cushioning Pack,Furniture,5,7.84,9,75.5,2.39,0.529
Corrugated Cardboard,Appliance Carton,Home Appliances,6,18.07,9,86.1,0.9,0.891
Glass,Takeaway Container,Food Packaging,9,31.75,1,97.86,4.45,1.875
Recycled PET,TV Carton,Electronics,9,23.82,3,88.26,3.2,2.036
Recycled PET,Syringe Pack,Healthcare,9,29.52,2,90.27,2.29,2.158
Aluminum,Furniture Carton,Furniture,9,22.92,1,98.36,5.04,3.43
Mushroom Packaging,TV Carton,Electronics,7,14.02,9,79.65,3.38,0.423
Aluminum,Mobile Box,Electronics,9,24.53,2,95.23,5.15,3.504
Bagasse Fiber,TV Carton,Electronics,6,10.6,8,71.65,2.06,0.468
Aluminum,Hardware Container,Construction,10,32.11,1,96.71,3.33,3.453
Kraft Paper,Action Figure Pack,Toys,4,8.9,10,94.38,0.64,0.639
PLA Bioplastic,Oil Container,Automotive,6,18.14,7,55.08,2.93,1.113
Mushroom Packaging,Toy Box,Toys,5,13.18,10,72.66,1.22,0.422
Aluminum,Furniture Carton,Furniture,8,28.27,2,98.49,4.65,3.42
Bagasse Fiber,Cream Jar,Cosmetics,6,13.21,10,73.28,2.0,0.495
Corrugated Cardboard,Tile Packaging,Construction,9,33.62,8,90.43,1.43,0.705
PLA Bioplastic,Electronic Blister Pack,Electronics,7,16.27,6,64.72,2.98,1.186
PLA Bioplastic,Spare Parts Box,Automotive,6,10.77,7,66.22,1.62,1.1
Recycled PET,Tablet Blister Pack,Healthcare,9,20.48,4,90.49,2.35,2.039
Glass,Mobile Box,Electronics,9,28.23,2,97.7,2.32,1.783
PLA Bioplastic,Furniture Carton,Furniture,8,15.16,7,60.85,1.89,1.206
Bagasse Fiber,Laptop Box,Electronics,5,13.77,8,70.33,1.24,0.498
Mushroom Packaging,Beverage Bottle,Food Packaging,5,14.7,10,76.34,1.99,0.358
Mushroom Packaging,Beverage Bottle,Food Packaging,7,13.14,10,60.22,3.12,0.457
Aluminum,Laptop Box,Electronics,8,30.06,1,98.77,5.31,3.481
Mushroom Packaging,Medical Container,Healthcare,6,16.57,9,78.2,1.63,0.396
Kraft Paper,Action Figure Pack,Toys,6,14.55,10,94.88,0.75,0.635
Bagasse Fiber,Tile Packaging,Construction,5,11.8,10,78.59,2.38,0.551
Recycled PET,Clothing Box,Textiles,8,19.97,2,90.06,1.65,2.14
Recycled PET,Garment Bag,Textiles,10,22.47,2,91.25,1.73,2.147
Aluminum,Tablet Blister Pack,Healthcare,10,34.58,2,96.02,2.99,3.525
PLA Bioplastic,Tile Packaging,Construction,6,19.29,6,64.23,2.19,1.215
Recycled PET,Spare Parts Box,Automotive,8,21.62,2,89.89,1.88,2.108
Aluminum,Assembly Kit Box,Furniture,9,22.94,2,95.49,5.4,3.499
Bagasse Fiber,Toy Box,Toys,7,8.32,10,72.95,1.56,0.491
Aluminum,Makeup Box,Cosmetics,9,31.74,2,96.88,4.0,3.451
Recycled PET,Laptop Box,Electronics,8,27.32,4,87.24,2.12,2.052
PLA Bioplastic,Takeaway Container,Food Packaging,6,8.76,6,60.62,1.94,1.146
Aluminum,Tablet Blister Pack,Healthcare,9,22.75,1,97.86,4.49,3.502
Kraft Paper,Protective Box,Home Appliances,7,7.36,9,85.29,1.2,0.693
Glass,Toy Box,Toys,10,33.74,2,96.16,5.02,1.772
Kraft Paper,Makeup Box,Cosmetics,5,5.62,10,91.94,0.99,0.587
PLA Bioplastic,Board Game Box,Toys,9,12.17,6,66.49,2.81,1.206
Kraft Paper,Tablet Blister Pack,Healthcare,6,13.45,8,94.75,1.28,0.553
Recycled PET,Makeup Box,Cosmetics,10,17.36,3,88.1,3.39,2.04
Recycled PET,Electronic Blister Pack,Electronics,9,22.34,2,89.44,1.64,2.091
PLA Bioplastic,Fabric Wrap,Textiles,9,11.7,6,60.68,1.01,1.193
Corrugated Cardboard,Mobile Box,Electronics,6,13.64,9,80.83,0.82,0.761
Bagasse Fiber,Action Figure Pack,Toys,7,10.56,10,81.43,1.93,0.577
Corrugated Cardboard,Furniture Carton,Furniture,7,10.94,9,84.54,1.12,0.83
Mushroom Packaging,Battery Packaging,Automotive,7,15.67,9,72.46,2.13,0.402
PLA Bioplastic,Cosmetic Tube,Cosmetics,6,12.49,8,67.29,2.77,1.327
Aluminum,Toy Box,Toys,10,30.28,1,98.55,5.19,3.446
Mushroom Packaging,Makeup Box,Cosmetics,7,10.99,9,63.89,3.29,0.314
Aluminum,Oil Container,Automotive,9,28.89,1,95.92,3.44,3.438
Mushroom Packaging,Protective Box,Home Appliances,5,8.75,9,63.59,2.79,0.38
PLA Bioplastic,Assembly Kit Box,Furniture,6,15.73,8,51.22,1.54,1.269
Mushroom Packaging,Hardware Container,Construction,7,10.63,9,73.97,1.64,0.416
Aluminum,Perfume Bottle,Cosmetics,10,20.25,1,98.42,3.05,3.563
Recycled PET,Furniture Carton,Furniture,10,25.24,4,93.69,2.36,2.056
Mushroom Packaging,Oil Container,Automotive,5,15.25,10,73.37,2.19,0.386
Glass,Protective Box,Home Appliances,9,27.76,2,99.46,5.32,1.865
Recycled PET,Action Figure Pack,Toys,10,25.12,4,90.26,1.8,2.06
Glass,Medical Container,Healthcare,9,30.03,1,95.59,4.94,1.779
Recycled PET,Garment Bag,Textiles,8,15.48,2,92.12,2.83,2.025
Recycled PET,Toy Box,Toys,8,27.48,4,90.2,2.22,2.115
Kraft Paper,Battery Packaging,Automotive,5,7.43,9,85.66,0.89,0.575
Mushroom Packaging,Spare Parts Box,Automotive,7,8.78,10,66.17,1.89,0.431
Bagasse Fiber,Pizza Box,Food Packaging,7,8.54,9,70.67,1.81,0.49
PLA Bioplastic,Toy Box,Toys,7,15.88,7,65.67,1.87,1.18
Bagasse Fiber,Laptop Box,Electronics,7,13.97,9,75.48,1.08,0.496
Aluminum,Toy Box,Toys,9,22.79,2,98.92,2.85,3.526
Corrugated Cardboard,Board Game Box,Toys,9,33.75,9,85.86,1.32,0.818
Bagasse Fiber,Oil Container,Automotive,5,14.91,9,74.33,2.33,0.486
Aluminum,Clothing Box,Textiles,8,32.3,2,96.07,3.53,3.401
Bagasse Fiber,Spare Parts Box,Automotive,7,10.19,9,79.83,2.05,0.464
Mushroom Packaging,Tablet Blister Pack,Healthcare,5,14.08,10,68.18,2.71,0.35
Glass,Board Game Box,Toys,9,22.22,1,97.14,5.73,1.767
Aluminum,Mobile Box,Electronics,8,29.54,2,99.87,4.96,3.44
Aluminum,Food Tray,Food Packaging,10,29.2,2,97.68,4.2,3.535
PLA Bioplastic,Medical Container,Healthcare,9,17.82,7,54.35,2.31,1.249
Bagasse Fiber,Mobile Box,Electronics,5,8.06,9,75.67,2.33,0.511
Mushroom Packaging,Food Tray,Food Packaging,5,14.99,9,62.26,2.12,0.431
Mushroom Packaging,Hardware Container,Construction,5,9.27,9,62.9,1.95,0.402
Kraft Paper,Tile Packaging,Construction,7,11.55,9,93.58,0.31,0.564
PLA Bioplastic,Oil Container,Automotive,8,11.39,7,57.72,2.65,1.167
Kraft Paper,Garment Bag,Textiles,4,9.29,9,85.58,1.26,0.605
PLA Bioplastic,Oil Container,Automotive,6,14.51,6,57.61,1.21,1.101
Corrugated Cardboard,Pizza Box,Food Packaging,9,24.85,7,88.72,1.37,0.779
PLA Bioplastic,Garment Bag,Textiles,9,19.31,6,69.35,1.93,1.212
Bagasse Fiber,Garment Bag,Textiles,5,6.56,10,70.32,1.0,0.544
Glass,Takeaway Container,Food Packaging,10,21.32,1,95.66,5.92,1.809
Corrugated Cardboard,Cement Liner Bag,Construction,6,34.49,7,84.04,0.82,0.687
Glass,Battery Packaging,Automotive,10,35.55,1,97.26,2.27,1.729
Corrugated Cardboard,Medical Container,Healthcare,6,33.21,9,87.17,1.39,0.806
Glass,Cosmetic Tube,Cosmetics,9,27.49,2,97.8,4.96,1.842
PLA Bioplastic,Garment Bag,Textiles,7,10.61,7,69.31,1.06,1.189
Corrugated Cardboard,Action Figure Pack,Toys,8,15.27,7,91.4,1.49,0.718
Recycled PET,Appliance Carton,Home Appliances,10,24.58,3,87.72,2.83,2.114
Kraft Paper,Battery Packaging,Automotive,4,13.67,8,94.89,0.42,0.757
Glass,Garment Bag,Textiles,9,21.33,1,97.85,2.69,1.783
Mushroom Packaging,Appliance Carton,Home Appliances,7,8.91,9,78.25,2.51,0.371
Recycled PET,Protective Box,Home Appliances,10,19.47,2,86.66,2.24,2.026
Mushroom Packaging,Oil Container,Automotive,5,11.32,9,69.86,3.36,0.425
Kraft Paper,Appliance Carton,Home Appliances,6,14.98,8,94.53,1.28,0.623
Corrugated Cardboard,Beverage Bottle,Food Packaging,6,29.42,9,87.3,1.98,0.785
Corrugated Cardboard,Laptop Box,Electronics,6,21.72,8,80.38,0.89,0.759
PLA Bioplastic,Protective Box,Home Appliances,9,12.17,6,53.34,2.94,1.162
Mushroom Packaging,Pizza Box,Food Packaging,7,8.78,9,76.82,2.19,0.405
Corrugated Cardboard,Food Tray,Food Packaging,7,27.69,9,89.69,1.02,0.789
PLA Bioplastic,Oil Container,Automotive,6,15.78,7,69.63,1.1,1.177
PLA Bioplastic,Takeaway Container,Food Packaging,7,19.5,7,61.21,1.11,1.219
Mushroom Packaging,Takeaway Container,Food Packaging,7,14.21,10,77.77,2.79,0.353
Glass,Fabric Wrap,Textiles,10,23.79,2,98.87,3.83,1.842
Aluminum,Cream Jar,Cosmetics,10,27.33,1,97.06,3.18,3.549
Kraft Paper,Cement Liner Bag,Construction,6,5.61,10,86.68,1.04,0.607
Aluminum,Tile Packaging,Construction,8,22.9,2,98.23,3.26,3.516
Recycled PET,TV Carton,Electronics,9,21.16,4,88.87,2.94,2.094
Bagasse Fiber,Food Tray,Food Packaging,6,9.14,8,84.43,1.41,0.53
Bagasse Fiber,Garment Bag,Textiles,7,10.54,8,71.27,2.2,0.583
PLA Bioplastic,Tablet Blister Pack,Healthcare,9,18.99,8,59.15,2.64,1.239
Corrugated Cardboard,Fabric Wrap,Textiles,8,20.07,9,88.59,1.22,0.811
Corrugated Cardboard,Protective Box,Home Appliances,7,14.1,8,81.96,1.03,0.787
Mushroom Packaging,Makeup Box,Cosmetics,5,8.7,10,77.99,2.03,0.481
Glass,Cement Liner Bag,Construction,10,29.53,1,96.73,5.22,1.834
Bagasse Fiber,Garment Bag,Textiles,6,10.55,8,80.91,1.36,0.403
Bagasse Fiber,Toy Box,Toys,7,10.36,8,83.12,1.16,0.504
Kraft Paper,Fabric Wrap,Textiles,4,10.84,9,93.66,0.4,0.614
PLA Bioplastic,Mobile Box,Electronics,8,18.44,6,52.32,1.93,1.265
Recycled PET,Toy Box,Toys,9,21.45,4,90.95,2.71,2.033
Corrugated Cardboard,Tablet Blister Pack,Healthcare,9,11.2,8,82.89,1.76,0.809
Recycled PET,Hardware Container,Construction,9,25.5,4,91.12,2.05,2.078
Recycled PET,Takeaway Container,Food Packaging,9,15.88,2,87.87,2.45,2.16
Kraft Paper,Food Tray,Food Packaging,7,11.7,10,92.98,1.27,0.628
Glass,Oil Container,Automotive,10,38.31,2,99.89,5.29,1.782
Kraft Paper,TV Carton,Electronics,5,12.96,8,93.44,0.76,0.58
PLA Bioplastic,Protective Cushioning Pack,Furniture,7,16.34,8,53.92,1.92,1.112
Aluminum,Perfume Bottle,Cosmetics,9,25.7,2,97.78,3.41,3.552
Recycled PET,Electronic Blister Pack,Electronics,9,23.68,2,86.05,3.83,2.088
PLA Bioplastic,Toy Box,Toys,8,13.41,7,65.08,1.24,1.228
Bagasse Fiber,TV Carton,Electronics,6,7.33,9,71.56,2.39,0.55
Mushroom Packaging,Perfume Bottle,Cosmetics,5,13.88,10,62.93,2.77,0.463
Bagasse Fiber,Beverage Bottle,Food Packaging,6,6.64,10,78.79,1.7,0.449
Aluminum,Assembly Kit Box,Furniture,10,26.15,1,99.9,2.6,3.407
PLA Bioplastic,Food Tray,Food Packaging,8,10.34,8,60.16,1.95,1.167
PLA Bioplastic,Makeup Box,Cosmetics,9,11.2,7,66.1,1.82,1.244
Kraft Paper,Tile Packaging,Construction,6,6.32,8,92.25,0.49,0.615
Bagasse Fiber,Syringe Pack,Healthcare,5,7.43,10,82.58,1.92,0.487
Glass,Cream Jar,Cosmetics,9,38.03,1,96.29,5.88,1.794
Corrugated Cardboard,Takeaway Container,Food Packaging,7,32.77,8,89.64,1.34,0.773
Corrugated Cardboard,Board Game Box,Toys,7,12.51,8,88.85,1.57,0.863
Bagasse Fiber,TV Carton,Electronics,5,10.96,10,75.93,0.92,0.49
Recycled PET,Garment Bag,Textiles,9,24.43,4,92.02,2.54,2.147
Recycled PET,Cement Liner Bag,Construction,8,23.5,2,93.76,1.79,2.13
Aluminum,Cream Jar,Cosmetics,8,26.48,2,97.53,4.34,3.542
Kraft Paper,TV Carton,Electronics,5,7.31,10,94.95,1.43,0.63
Aluminum,Foam Insert Package,Home Appliances,8,33.44,2,99.85,4.49,3.48
Recycled PET,Fabric Wrap,Textiles,9,15.51,3,91.4,1.69,2.131
Corrugated Cardboard,Toy Box,Toys,8,18.83,8,90.71,1.03,0.749
Kraft Paper,Assembly Kit Box,Furniture,6,14.56,9,91.01,0.96,0.635
Mushroom Packaging,Fabric Wrap,Textiles,7,14.53,10,66.67,2.13,0.406
Mushroom Packaging,Assembly Kit Box,Furniture,7,14.29,9,78.46,3.12,0.42
Corrugated Cardboard,Appliance Carton,Home Appliances,8,10.99,7,90.26,1.72,0.798
Kraft Paper,Garment Bag,Textiles,7,7.58,10,91.31,1.03,0.626
Kraft Paper,Cosmetic Tube,Cosmetics,6,8.64,8,92.92,0.75,0.671
Recycled PET,Foam Insert Package,Home Appliances,10,24.98,2,89.15,2.14,2.139
PLA Bioplastic,Takeaway Container,Food Packaging,9,9.83,8,50.84,1.21,1.197
Mushroom Packaging,Toy Box,Toys,7,13.96,10,71.73,2.02,0.306
Bagasse Fiber,Appliance Carton,Home Appliances,7,6.04,8,76.62,1.5,0.466
Mushroom Packaging,Foam Insert Package,Home Appliances,7,11.3,10,63.8,2.75,0.324
Recycled PET,Spare Parts Box,Automotive,9,19.32,4,87.41,3.15,2.143
Kraft Paper,Furniture Carton,Furniture,5,5.45,9,93.35,0.38,0.588
Bagasse Fiber,Assembly Kit Box,Furniture,7,14.1,10,77.53,1.47,0.531
Mushroom Packaging,Electronic Blister Pack,Electronics,5,8.66,9,69.84,1.62,0.359
Recycled PET,Pizza Box,Food Packaging,9,20.09,3,90.2,1.89,2.15
Bagasse Fiber,Mobile Box,Electronics,7,10.24,8,73.69,2.21,0.354
Recycled PET,Foam Insert Package,Home Appliances,10,22.72,3,93.15,1.6,2.066
Glass,Electronic Blister Pack,Electronics,9,23.09,1,97.82,3.68,1.794
Recycled PET,Cream Jar,Cosmetics,10,15.15,2,88.09,1.92,2.043
PLA Bioplastic,Tablet Blister Pack,Healthcare,8,14.97,7,59.33,2.76,1.147
PLA Bioplastic,Clothing Box,Textiles,6,9.93,8,56.9,2.11,1.222
Aluminum,Tablet Blister Pack,Healthcare,10,22.79,1,95.57,3.19,3.503
Corrugated Cardboard,Fabric Wrap,Textiles,6,14.33,7,88.77,1.25,0.792
PLA Bioplastic,Pizza Box,Food Packaging,8,16.2,7,61.68,2.46,1.21
Aluminum,Tile Packaging,Construction,9,34.24,1,98.75,5.37,3.525
Glass,Garment Bag,Textiles,10,20.59,2,95.56,2.88,1.758
Aluminum,Battery Packaging,Automotive,9,32.64,2,98.87,5.16,3.599
Kraft Paper,Fabric Wrap,Textiles,7,14.99,10,94.8,1.42,0.592
Aluminum,Toy Box,Toys,8,26.79,2,98.33,5.25,3.613
Glass,Medicine Box,Healthcare,10,31.94,2,98.42,4.54,1.844
Mushroom Packaging,Appliance Carton,Home Appliances,7,14.48,9,69.32,2.65,0.414
Mushroom Packaging,Board Game Box,Toys,5,12.67,9,74.61,2.13,0.395
Mushroom Packaging,Protective Box,Home Appliances,6,15.91,9,65.3,2.93,0.408
Corrugated Cardboard,Medical Container,Healthcare,9,19.57,7,90.43,1.3,0.749
Bagasse Fiber,Battery Packaging,Automotive,7,8.62,9,75.88,1.95,0.504
Bagasse Fiber,Garment Bag,Textiles,7,14.63,10,81.06,1.53,0.517
Glass,Garment Bag,Textiles,10,34.75,2,97.61,4.93,1.802
Recycled PET,Spare Parts Box,Automotive,9,19.26,4,92.57,3.56,2.049
Glass,Protective Cushioning Pack,Furniture,10,20.82,1,99.61,2.59,1.749
Kraft Paper,Toy Box,Toys,6,12.0,10,92.23,1.3,0.561
Corrugated Cardboard,Clothing Box,Textiles,8,13.96,7,86.53,1.31,0.772
Recycled PET,Furniture Carton,Furniture,10,25.71,2,94.65,3.61,2.054
Recycled PET,Battery Packaging,Automotive,8,29.71,3,86.51,2.58,2.1
Mushroom Packaging,Assembly Kit Box,Furniture,6,10.05,10,73.54,2.07,0.388
Corrugated Cardboard,Oil Container,Automotive,8,26.65,8,85.59,1.87,0.85
Mushroom Packaging,Cement Liner Bag,Construction,7,10.15,10,69.06,1.78,0.374
Mushroom Packaging,Oil Container,Automotive,5,17.0,9,78.69,3.14,0.401
Glass,Clothing Box,Textiles,9,32.46,1,96.61,3.94,1.856
Corrugated Cardboard,Medical Container,Healthcare,6,32.35,9,84.64,1.27,0.713
Corrugated Cardboard,Pizza Box,Food Packaging,9,24.97,7,87.52,0.96,0.863
Corrugated Cardboard,Cement Liner Bag,Construction,8,23.58,8,85.17,1.36,0.736
Recycled PET,Pizza Box,Food Packaging,8,20.29,4,90.41,2.31,2.157
Recycled PET,Medical Container,Healthcare,9,25.26,3,93.93,1.6,2.12
Corrugated Cardboard,Syringe Pack,Healthcare,6,22.59,7,80.02,0.91,0.874
Recycled PET,Takeaway Container,Food Packaging,9,15.41,3,88.32,1.52,2.239
PLA Bioplastic,Pizza Box,Food Packaging,7,9.28,8,57.8,2.96,1.249
Bagasse Fiber,Appliance Carton,Home Appliances,5,13.26,10,74.4,2.44,0.458
PLA Bioplastic,Board Game Box,Toys,7,10.61,8,64.06,1.79,1.239
Glass,Pizza Box,Food Packaging,10,27.15,1,99.91,4.91,1.792
Aluminum,Syringe Pack,Healthcare,8,20.09,1,96.77,3.54,3.472
Kraft Paper,Syringe Pack,Healthcare,4,5.44,10,85.08,1.11,0.588
Bagasse Fiber,Clothing Box,Textiles,7,11.86,10,71.97,2.17,0.482
PLA Bioplastic,Beverage Bottle,Food Packaging,7,14.71,7,50.4,2.89,1.242
Kraft Paper,Garment Bag,Textiles,7,9.45,8,92.69,0.78,0.678
Corrugated Cardboard,Laptop Box,Electronics,9,22.2,9,91.4,1.67,0.806
Aluminum,Battery Packaging,Automotive,8,32.15,1,99.4,3.3,3.467
Aluminum,Action Figure Pack,Toys,9,24.22,2,97.52,5.47,3.407
Mushroom Packaging,Cement Liner Bag,Construction,5,13.57,9,73.65,1.26,0.424
Aluminum,Mobile Box,Electronics,8,32.44,2,95.85,4.31,3.532
Corrugated Cardboard,Protective Cushioning Pack,Furniture,9,14.03,8,86.62,1.49,0.819
Recycled PET,Fabric Wrap,Textiles,8,18.12,4,89.91,3.22,2.068
Aluminum,Action Figure Pack,Toys,9,31.36,2,98.61,2.86,3.452
Bagasse Fiber,Electronic Blister Pack,Electronics,5,14.36,8,73.42,2.4,0.579
Bagasse Fiber,Assembly Kit Box,Furniture,6,7.55,8,70.75,1.11,0.451
Aluminum,Oil Container,Automotive,9,21.88,1,99.26,4.37,3.491
Aluminum,Spare Parts Box,Automotive,8,29.94,2,97.36,3.17,3.483
Recycled PET,Tablet Blister Pack,Healthcare,8,17.5,2,94.16,2.27,2.026
Bagasse Fiber,Beverage Bottle,Food Packaging,5,6.77,10,84.28,1.73,0.51
Mushroom Packaging,Garment Bag,Textiles,5,14.04,10,71.66,2.16,0.406
Kraft Paper,Tablet Blister Pack,Healthcare,5,5.78,9,90.16,0.49,0.604
Recycled PET,Medical Container,Healthcare,8,17.07,3,93.78,1.93,2.104
Kraft Paper,Food Tray,Food Packaging,7,8.65,10,89.44,0.8,0.65
Glass,Garment Bag,Textiles,9,28.9,1,96.44,5.03,1.855
Kraft Paper,Cosmetic Tube,Cosmetics,7,13.47,10,90.57,1.38,0.567
Aluminum,Appliance Carton,Home Appliances,9,30.4,2,98.41,2.75,3.507
Mushroom Packaging,Board Game Box,Toys,7,9.56,10,70.99,2.1,0.316
Bagasse Fiber,Takeaway Container,Food Packaging,6,12.8,8,84.29,0.97,0.411
Bagasse Fiber,Cream Jar,Cosmetics,6,10.61,10,74.2,0.83,0.489
Bagasse Fiber,Medical Container,Healthcare,6,8.42,9,70.99,1.92,0.491
Recycled PET,Garment Bag,Textiles,9,29.31,3,85.12,3.01,2.055
Bagasse Fiber,Cosmetic Tube,Cosmetics,5,8.88,10,84.42,1.08,0.565
Aluminum,Foam Insert Package,Home Appliances,8,33.95,1,98.78,3.2,3.43
Glass,Syringe Pack,Healthcare,9,32.4,1,97.48,2.09,1.809
Aluminum,Pizza Box,Food Packaging,8,24.65,2,95.83,5.0,3.517
Kraft Paper,Takeaway Container,Food Packaging,7,5.32,10,94.36,1.47,0.625
PLA Bioplastic,Furniture Carton,Furniture,9,13.6,6,59.5,1.27,1.215
Recycled PET,Medical Container,Healthcare,8,15.79,4,86.74,2.08,2.088
Recycled PET,Protective Cushioning Pack,Furniture,8,23.51,2,93.74,3.67,2.084
Glass,Cosmetic Tube,Cosmetics,9,21.62,1,97.4,5.71,1.773
Bagasse Fiber,Protective Cushioning Pack,Furniture,6,12.01,10,79.69,1.51,0.486
Bagasse Fiber,Mobile Box,Electronics,5,14.03,10,79.01,0.89,0.514
PLA Bioplastic,Action Figure Pack,Toys,9,10.28,8,69.1,1.08,1.154
Mushroom Packaging,Makeup Box,Cosmetics,5,14.68,9,78.98,2.52,0.461
Aluminum,Electronic Blister Pack,Electronics,8,21.22,1,98.34,3.68,3.505
Kraft Paper,Furniture Carton,Furniture,4,9.01,8,91.33,0.33,0.614
Kraft Paper,Action Figure Pack,Toys,5,13.83,10,86.32,1.0,0.622
Bagasse Fiber,Makeup Box,Cosmetics,6,13.17,10,77.24,0.82,0.574
Glass,Food Tray,Food Packaging,9,22.46,1,97.86,5.15,1.791
Aluminum,Electronic Blister Pack,Electronics,8,23.41,2,99.97,3.42,3.497
Kraft Paper,TV Carton,Electronics,6,13.42,8,89.73,0.35,0.607
Kraft Paper,Battery Packaging,Automotive,4,10.26,10,94.2,1.01,0.609
Recycled PET,Perfume Bottle,Cosmetics,9,15.11,4,91.33,2.49,2.097
Glass,Cement Liner Bag,Construction,10,32.94,2,96.58,5.9,1.72
Aluminum,Action Figure Pack,Toys,8,31.13,2,97.97,4.13,3.485
Bagasse Fiber,Foam Insert Package,Home Appliances,5,10.48,10,81.58,1.27,0.483
Bagasse Fiber,Perfume Bottle,Cosmetics,7,11.59,10,79.36,2.01,0.415
Glass,Pizza Box,Food Packaging,10,35.6,2,95.48,3.09,1.784
Recycled PET,Tablet Blister Pack,Healthcare,8,20.98,2,87.28,3.76,2.041
Kraft Paper,Appliance Carton,Home Appliances,6,7.83,10,91.73,0.75,0.611
Aluminum,Takeaway Container,Food Packaging,8,25.7,1,96.31,4.15,3.494
PLA Bioplastic,Tile Packaging,Construction,6,8.97,8,62.46,1.1,1.188
Bagasse Fiber,Appliance Carton,Home Appliances,5,11.84,8,83.34,1.52,0.489
Glass,Action Figure Pack,Toys,10,24.48,1,96.65,5.33,1.948
Corrugated Cardboard,Toy Box,Toys,7,10.15,7,88.4,1.71,0.825
Mushroom Packaging,Fabric Wrap,Textiles,6,10.37,9,78.92,1.72,0.381
Mushroom Packaging,Clothing Box,Textiles,6,11.34,10,63.42,1.72,0.458
Aluminum,Syringe Pack,Healthcare,8,21.85,1,99.35,4.95,3.518
Mushroom Packaging,Spare Parts Box,Automotive,5,17.06,10,74.12,3.34,0.346
PLA Bioplastic,Protective Box,Home Appliances,6,10.23,8,52.88,1.19,1.223
Kraft Paper,Furniture Carton,Furniture,7,5.65,8,92.12,0.84,0.619
Glass,Fabric Wrap,Textiles,9,21.67,2,98.9,3.35,1.656
Recycled PET,Cream Jar,Cosmetics,10,18.89,4,93.09,3.68,2.064
Mushroom Packaging,Cosmetic Tube,Cosmetics,5,10.89,10,66.88,1.39,0.364
Aluminum,Tablet Blister Pack,Healthcare,9,21.13,2,99.14,3.13,3.525
PLA Bioplastic,Assembly Kit Box,Furniture,6,9.21,8,64.26,2.5,1.16
Recycled PET,Electronic Blister Pack,Electronics,10,22.85,2,92.39,1.63,2.141
Bagasse Fiber,Assembly Kit Box,Furniture,6,11.8,9,74.94,1.64,0.516
Mushroom Packaging,Tile Packaging,Construction,5,17.86,10,78.76,2.22,0.384
Aluminum,Cement Liner Bag,Construction,8,30.47,2,96.32,3.5,3.486
Glass,Tile Packaging,Construction,9,33.03,2,97.81,3.58,1.851
Bagasse Fiber,Tile Packaging,Construction,6,12.34,9,75.48,1.7,0.526
Bagasse Fiber,Assembly Kit Box,Furniture,6,9.77,9,83.42,1.07,0.496
Glass,Toy Box,Toys,10,35.45,2,99.58,4.29,1.739
Kraft Paper,Protective Cushioning Pack,Furniture,7,8.37,8,88.88,1.27,0.569
Bagasse Fiber,Perfume Bottle,Cosmetics,5,9.75,9,80.22,2.09,0.439
Corrugated Cardboard,Takeaway Container,Food Packaging,6,27.79,7,84.19,0.73,0.848
Glass,Fabric Wrap,Textiles,10,20.51,2,99.27,2.6,1.882
Aluminum,Battery Packaging,Automotive,8,20.01,2,96.68,3.3,3.536
Glass,Tablet Blister Pack,Healthcare,9,39.45,1,97.5,3.44,1.794
PLA Bioplastic,Fabric Wrap,Textiles,8,11.04,8,50.41,1.82,1.342
PLA Bioplastic,Foam Insert Package,Home Appliances,6,17.44,6,59.73,2.36,1.199
Corrugated Cardboard,Spare Parts Box,Automotive,9,25.19,8,86.76,0.59,0.845
Corrugated Cardboard,Syringe Pack,Healthcare,6,13.7,8,88.1,0.55,0.742
Bagasse Fiber,Appliance Carton,Home Appliances,7,11.4,8,72.97,1.47,0.474
Bagasse Fiber,Tile Packaging,Construction,6,11.54,9,76.51,1.99,0.355
Mushroom Packaging,Syringe Pack,Healthcare,5,9.29,10,66.69,1.64,0.46
Corrugated Cardboard,Electronic Blister Pack,Electronics,6,16.89,9,81.96,1.46,0.779
Recycled PET,Hardware Container,Construction,8,15.94,4,85.46,2.15,2.057
Glass,Protective Cushioning Pack,Furniture,9,35.35,2,95.93,5.54,1.753
PLA Bioplastic,Tablet Blister Pack,Healthcare,7,12.68,7,57.66,2.79,1.232
Glass,Battery Packaging,Automotive,9,20.41,1,95.61,3.19,1.815
Glass,Cream Jar,Cosmetics,9,37.22,2,97.91,2.92,1.789
PLA Bioplastic,Clothing Box,Textiles,6,15.64,8,63.81,1.82,1.313
Mushroom Packaging,Foam Insert Package,Home Appliances,7,9.56,10,65.51,1.75,0.416
Aluminum,Clothing Box,Textiles,9,28.29,2,96.65,4.52,3.453
Corrugated Cardboard,Electronic Blister Pack,Electronics,8,21.17,9,88.06,1.74,0.746
Corrugated Cardboard,Cosmetic Tube,Cosmetics,8,30.32,7,83.96,1.51,0.742
Corrugated Cardboard,Protective Cushioning Pack,Furniture,9,21.11,7,91.49,1.74,0.742
PLA Bioplastic,Protective Box,Home Appliances,6,12.31,7,51.31,1.79,1.185
Glass,Tablet Blister Pack,Healthcare,10,22.02,1,96.55,2.63,1.774
Mushroom Packaging,Foam Insert Package,Home Appliances,5,8.17,9,68.15,2.9,0.37
Mushroom Packaging,TV Carton,Electronics,7,14.64,10,68.99,2.03,0.387
Recycled PET,Protective Cushioning Pack,Furniture,8,19.19,2,94.47,3.18,2.087
Corrugated Cardboard,Protective Box,Home Appliances,6,12.15,9,83.09,0.91,0.773
Kraft Paper,Oil Container,Automotive,6,14.65,10,86.26,0.4,0.551
Glass,Garment Bag,Textiles,9,24.61,2,97.37,5.97,1.797
Mushroom Packaging,Appliance Carton,Home Appliances,5,9.47,9,74.81,1.56,0.495
Bagasse Fiber,Action Figure Pack,Toys,5,8.97,9,78.14,2.48,0.528
Aluminum,Cement Liner Bag,Construction,9,25.08,1,98.21,5.43,3.48
Bagasse Fiber,Makeup Box,Cosmetics,7,14.46,10,78.25,2.15,0.418
PLA Bioplastic,Foam Insert Package,Home Appliances,7,19.66,8,57.71,2.32,1.119
Mushroom Packaging,Tablet Blister Pack,Healthcare,7,9.67,10,65.1,2.53,0.412
Kraft Paper,Cream Jar,Cosmetics,6,9.82,8,89.76,1.34,0.556
Bagasse Fiber,Garment Bag,Textiles,5,6.28,9,82.32,1.29,0.527
Bagasse Fiber,Takeaway Container,Food Packaging,7,6.44,8,72.28,1.6,0.508
Aluminum,Protective Box,Home Appliances,10,22.28,1,98.28,4.36,3.499
Aluminum,Garment Bag,Textiles,9,32.83,1,98.37,3.73,3.522
Aluminum,Makeup Box,Cosmetics,10,29.06,1,95.08,3.78,3.501
PLA Bioplastic,Toy Box,Toys,8,14.39,7,69.86,1.66,1.199
Glass,Mobile Box,Electronics,10,38.4,2,95.81,4.26,1.802
Recycled PET,Protective Box,Home Appliances,9,21.24,3,93.59,3.63,2.057
Mushroom Packaging,Cream Jar,Cosmetics,5,13.71,9,70.65,1.66,0.447
PLA Bioplastic,Perfume Bottle,Cosmetics,6,17.57,7,65.37,2.87,1.08
PLA Bioplastic,Cosmetic Tube,Cosmetics,9,19.55,8,53.01,2.38,1.11
Kraft Paper,Protective Cushioning Pack,Furniture,7,6.2,10,91.11,1.29,0.589
Recycled PET,Medicine Box,Healthcare,10,18.74,2,86.81,2.89,2.068
Mushroom Packaging,Garment Bag,Textiles,6,11.35,10,67.41,2.99,0.417
Corrugated Cardboard,Cream Jar,Cosmetics,7,25.08,9,91.01,0.52,0.838
Recycled PET,Toy Box,Toys,9,27.75,4,88.48,3.55,2.089
Recycled PET,Medical Container,Healthcare,9,25.73,4,93.81,1.6,2.138
PLA Bioplastic,Medicine Box,Healthcare,7,12.93,6,64.28,2.78,1.104
Kraft Paper,Syringe Pack,Healthcare,4,13.62,8,93.24,1.49,0.656
Kraft Paper,Action Figure Pack,Toys,6,13.22,10,88.66,0.65,0.6
Mushroom Packaging,Clothing Box,Textiles,7,11.47,9,72.4,1.68,0.456
Bagasse Fiber,Spare Parts Box,Automotive,6,13.25,9,73.37,2.1,0.435
Bagasse Fiber,Pizza Box,Food Packaging,6,8.02,8,78.89,1.23,0.534
PLA Bioplastic,Cement Liner Bag,Construction,6,16.95,7,57.88,2.73,1.235
Kraft Paper,Perfume Bottle,Cosmetics,5,12.56,10,93.64,0.42,0.577
PLA Bioplastic,Tile Packaging,Construction,6,8.05,8,54.41,1.25,1.232
Bagasse Fiber,Board Game Box,Toys,5,8.49,10,80.14,2.46,0.607
Kraft Paper,Medical Container,Healthcare,5,8.96,9,90.6,1.11,0.575
Glass,Oil Container,Automotive,9,30.29,2,98.66,5.39,1.738
Recycled PET,Pizza Box,Food Packaging,8,18.81,4,90.42,2.31,2.095
Corrugated Cardboard,Garment Bag,Textiles,6,21.0,8,90.22,1.51,0.717
Recycled PET,Perfume Bottle,Cosmetics,8,28.51,4,89.23,2.99,2.157
Glass,Battery Packaging,Automotive,10,37.46,2,96.16,4.41,1.782
Glass,TV Carton,Electronics,9,36.53,1,97.44,4.73,1.816
Glass,Hardware Container,Construction,9,25.92,1,96.47,4.3,1.826
Corrugated Cardboard,Fabric Wrap,Textiles,8,30.35,8,80.39,1.14,0.768
Glass,TV Carton,Electronics,10,22.1,2,95.73,3.1,1.71
Glass,Oil Container,Automotive,10,36.96,2,99.19,5.07,1.776
PLA Bioplastic,Takeaway Container,Food Packaging,6,9.88,7,64.15,1.45,1.24
Recycled PET,Takeaway Container,Food Packaging,10,23.9,3,89.69,3.23,2.016
Corrugated Cardboard,Cream Jar,Cosmetics,8,13.12,8,89.11,0.85,0.817
Kraft Paper,TV Carton,Electronics,7,8.25,8,91.08,1.05,0.552
Mushroom Packaging,Spare Parts Box,Automotive,5,14.21,9,73.28,2.92,0.384
Bagasse Fiber,Assembly Kit Box,Furniture,7,14.84,8,81.03,1.17,0.527
PLA Bioplastic,Makeup Box,Cosmetics,8,13.47,8,61.67,1.12,1.216
Recycled PET,Cream Jar,Cosmetics,10,19.77,4,91.31,1.83,2.089
Aluminum,Assembly Kit Box,Furniture,10,33.25,1,98.62,4.32,3.54
Kraft Paper,Tile Packaging,Construction,5,14.18,8,89.2,1.32,0.626
Aluminum,Spare Parts Box,Automotive,8,34.97,1,95.08,2.63,3.493
Glass,Medical Container,Healthcare,9,20.9,1,99.82,4.94,1.739
Mushroom Packaging,Hardware Container,Construction,5,15.34,9,79.77,1.99,0.378
Mushroom Packaging,Oil Container,Automotive,7,11.55,10,79.16,2.3,0.414
Aluminum,Appliance Carton,Home Appliances,9,31.32,1,97.21,5.29,3.479
Kraft Paper,Action Figure Pack,Toys,4,5.81,8,85.15,0.7,0.669
Bagasse Fiber,Action Figure Pack,Toys,6,6.3,9,82.61,1.59,0.478
Bagasse Fiber,Tablet Blister Pack,Healthcare,7,12.11,8,82.38,0.82,0.525
Aluminum,Spare Parts Box,Automotive,10,27.61,1,95.13,2.74,3.479
Mushroom Packaging,Appliance Carton,Home Appliances,5,11.42,9,77.81,1.79,0.293
PLA Bioplastic,Mobile Box,Electronics,6,17.09,8,59.27,1.06,1.162
Bagasse Fiber,Fabric Wrap,Textiles,5,8.3,9,72.03,1.87,0.422
Corrugated Cardboard,Medical Container,Healthcare,7,25.68,8,82.98,1.14,0.755
Bagasse Fiber,TV Carton,Electronics,5,9.89,8,73.29,1.73,0.471
Corrugated Cardboard,Beverage Bottle,Food Packaging,6,34.47,9,81.67,0.76,0.763
Kraft Paper,Furniture Carton,Furniture,7,12.75,10,94.52,0.66,0.618
Mushroom Packaging,Fabric Wrap,Textiles,5,14.24,9,68.05,2.73,0.421
PLA Bioplastic,Medicine Box,Healthcare,6,19.17,7,57.65,2.93,1.22
Recycled PET,Electronic Blister Pack,Electronics,9,28.38,3,88.38,1.63,2.109
Glass,Takeaway Container,Food Packaging,9,36.2,2,95.84,5.56,1.945
Aluminum,Appliance Carton,Home Appliances,8,24.26,2,97.55,4.23,3.529
PLA Bioplastic,Laptop Box,Electronics,9,10.76,7,63.56,2.13,1.128
Mushroom Packaging,Makeup Box,Cosmetics,6,14.13,10,65.61,2.35,0.481
Aluminum,TV Carton,Electronics,9,32.65,1,95.37,2.71,3.577
PLA Bioplastic,Protective Cushioning Pack,Furniture,6,11.44,7,57.17,1.18,1.172
Bagasse Fiber,Toy Box,Toys,5,11.2,8,81.55,1.82,0.539
Corrugated Cardboard,Cement Liner Bag,Construction,9,18.33,7,82.67,1.01,0.808
Aluminum,Laptop Box,Electronics,10,29.69,2,98.66,5.25,3.425
Kraft Paper,Syringe Pack,Healthcare,6,7.81,8,87.37,0.79,0.604
Recycled PET,Furniture Carton,Furniture,10,23.89,2,91.49,1.86,2.036
Corrugated Cardboard,Cement Liner Bag,Construction,7,11.53,7,82.72,1.57,0.799
PLA Bioplastic,Cement Liner Bag,Construction,7,12.97,8,55.3,1.59,1.098
Aluminum,Spare Parts Box,Automotive,8,26.55,1,95.08,4.08,3.483
Kraft Paper,Tile Packaging,Construction,7,10.8,9,92.09,1.14,0.669
Glass,Cement Liner Bag,Construction,9,28.56,2,98.0,5.6,1.777
Aluminum,Furniture Carton,Furniture,10,24.09,1,98.74,4.88,3.535
Corrugated Cardboard,Mobile Box,Electronics,8,28.3,8,83.53,1.51,0.82
Recycled PET,Tile Packaging,Construction,8,28.5,3,90.13,3.2,2.059
Recycled PET,Garment Bag,Textiles,9,20.23,2,93.22,3.86,2.061
Recycled PET,Cement Liner Bag,Construction,10,21.71,2,85.75,2.24,2.048
Mushroom Packaging,Protective Box,Home Appliances,6,12.99,10,72.77,1.2,0.322
Glass,Fabric Wrap,Textiles,10,31.52,2,99.47,3.09,1.772
Corrugated Cardboard,Makeup Box,Cosmetics,7,11.47,8,86.85,0.83,0.786
PLA Bioplastic,Cream Jar,Cosmetics,7,18.54,7,60.35,2.32,1.205
Glass,Electronic Blister Pack,Electronics,10,38.67,2,95.19,4.53,1.783
Aluminum,Cream Jar,Cosmetics,10,26.16,1,95.22,4.28,3.495
Corrugated Cardboard,Appliance Carton,Home Appliances,9,13.18,8,87.86,0.52,0.73
Aluminum,Furniture Carton,Furniture,9,25.87,2,96.7,4.69,3.525
Corrugated Cardboard,Garment Bag,Textiles,8,27.6,7,81.85,0.99,0.818
Aluminum,Cement Liner Bag,Construction,10,21.42,2,95.31,4.5,3.486
PLA Bioplastic,Perfume Bottle,Cosmetics,9,13.84,7,53.59,2.11,1.31
Mushroom Packaging,Tile Packaging,Construction,5,14.65,10,66.64,1.99,0.428
Kraft Paper,TV Carton,Electronics,4,6.65,8,87.96,0.46,0.585
Mushroom Packaging,Laptop Box,Electronics,5,13.63,10,66.17,1.42,0.355
PLA Bioplastic,Pizza Box,Food Packaging,7,10.72,7,55.03,2.66,1.121
Kraft Paper,Cement Liner Bag,Construction,5,14.88,9,91.02,1.4,0.56
Recycled PET,Electronic Blister Pack,Electronics,8,29.96,2,90.93,3.12,2.117
Bagasse Fiber,Protective Cushioning Pack,Furniture,7,8.72,9,82.91,0.98,0.442
Recycled PET,Furniture Carton,Furniture,8,25.41,3,87.3,2.51,2.052
Recycled PET,Laptop Box,Electronics,8,20.55,2,86.64,3.32,2.086
Corrugated Cardboard,Takeaway Container,Food Packaging,7,20.22,9,82.5,1.67,0.779
Glass,Spare Parts Box,Automotive,9,23.92,2,99.01,2.47,1.853
Bagasse Fiber,TV Carton,Electronics,7,13.37,10,71.81,0.8,0.574
Recycled PET,Tablet Blister Pack,Healthcare,8,23.3,3,90.03,3.28,2.06
Recycled PET,Battery Packaging,Automotive,8,20.78,3,93.5,2.39,2.006
Mushroom Packaging,Furniture Carton,Furniture,6,14.39,10,63.74,1.79,0.371
PLA Bioplastic,Garment Bag,Textiles,6,15.45,6,69.58,1.03,1.104
PLA Bioplastic,Spare Parts Box,Automotive,9,12.58,8,64.73,2.08,1.164
Mushroom Packaging,Protective Box,Home Appliances,5,9.08,10,60.5,3.16,0.437
Corrugated Cardboard,Furniture Carton,Furniture,8,26.79,8,86.78,1.94,0.917
Aluminum,Makeup Box,Cosmetics,8,26.52,1,95.53,4.2,3.55
Recycled PET,Fabric Wrap,Textiles,8,23.68,4,93.61,2.79,2.174
Corrugated Cardboard,Foam Insert Package,Home Appliances,8,20.65,8,82.89,0.63,0.819
Recycled PET,Assembly Kit Box,Furniture,9,24.24,2,89.48,2.87,2.025
Mushroom Packaging,Battery Packaging,Automotive,6,12.08,10,77.01,2.07,0.379
Recycled PET,Board Game Box,Toys,10,24.12,2,87.19,3.02,2.109
Bagasse Fiber,Laptop Box,Electronics,5,14.31,10,76.12,1.46,0.471
PLA Bioplastic,Oil Container,Automotive,8,9.4,6,68.68,1.48,1.133
Mushroom Packaging,Protective Cushioning Pack,Furniture,5,8.88,9,74.27,1.42,0.385
Corrugated Cardboard,Toy Box,Toys,7,12.77,7,83.1,0.97,0.799
Glass,Action Figure Pack,Toys,10,39.98,1,96.45,2.39,1.804
Aluminum,Garment Bag,Textiles,9,25.36,2,96.14,3.03,3.513
Bagasse Fiber,Assembly Kit Box,Furniture,7,7.32,9,72.56,2.48,0.521
Recycled PET,Oil Container,Automotive,8,23.93,4,85.47,2.61,2.038
Glass,Mobile Box,Electronics,10,27.64,2,97.41,4.13,1.796
Mushroom Packaging,Toy Box,Toys,7,12.92,10,68.22,3.21,0.474
Corrugated Cardboard,Electronic Blister Pack,Electronics,6,12.09,7,82.58,1.99,0.764
Bagasse Fiber,Cement Liner Bag,Construction,6,11.34,8,75.71,1.79,0.556
Glass,Garment Bag,Textiles,10,22.96,1,96.42,5.25,1.783
Corrugated Cardboard,Syringe Pack,Healthcare,7,25.07,9,90.94,0.99,0.811
Recycled PET,Cream Jar,Cosmetics,10,20.77,4,89.69,2.26,2.051
Kraft Paper,Fabric Wrap,Textiles,6,9.99,8,87.3,0.78,0.632
Glass,Foam Insert Package,Home Appliances,9,31.5,2,97.57,4.69,1.791
Recycled PET,Perfume Bottle,Cosmetics,8,26.54,2,85.41,3.21,2.039
PLA Bioplastic,Cosmetic Tube,Cosmetics,6,10.21,8,67.36,1.63,1.237
Corrugated Cardboard,Beverage Bottle,Food Packaging,6,27.17,9,85.17,0.7,0.78
PLA Bioplastic,Garment Bag,Textiles,9,18.45,6,58.29,2.26,1.231
Bagasse Fiber,Appliance Carton,Home Appliances,6,6.28,10,78.1,1.02,0.505
Glass,Food Tray,Food Packaging,9,29.16,2,95.78,4.31,1.76
Mushroom Packaging,Perfume Bottle,Cosmetics,7,13.81,9,78.03,2.79,0.446
Aluminum,Toy Box,Toys,10,30.03,1,98.64,4.6,3.528
Bagasse Fiber,Protective Box,Home Appliances,6,9.78,10,75.67,2.08,0.435
Mushroom Packaging,Tablet Blister Pack,Healthcare,7,16.29,10,73.48,3.21,0.394
Aluminum,Oil Container,Automotive,9,20.59,1,98.37,4.0,3.538
Glass,Food Tray,Food Packaging,9,24.87,2,97.88,4.92,1.776
Glass,Tile Packaging,Construction,10,36.67,1,97.44,4.48,1.761
Aluminum,Appliance Carton,Home Appliances,9,22.3,1,95.72,3.06,3.435
Corrugated Cardboard,Protective Box,Home Appliances,6,33.55,9,85.99,0.54,0.81
Bagasse Fiber,Toy Box,Toys,6,14.61,8,82.38,1.28,0.388
Mushroom Packaging,Tablet Blister Pack,Healthcare,7,13.83,9,77.77,2.22,0.329
Corrugated Cardboard,Action Figure Pack,Toys,8,27.62,8,83.65,1.43,0.794
Mushroom Packaging,Battery Packaging,Automotive,7,14.62,10,69.5,3.15,0.353
Corrugated Cardboard,Tile Packaging,Construction,6,22.43,8,87.92,0.79,0.891
Glass,Board Game Box,Toys,9,35.28,1,95.73,2.5,1.807
Corrugated Cardboard,Fabric Wrap,Textiles,6,26.64,9,86.82,1.95,0.794
Mushroom Packaging,Hardware Container,Construction,6,16.49,10,71.57,1.45,0.469
Corrugated Cardboard,Furniture Carton,Furniture,7,11.29,7,87.4,1.22,0.792
Glass,Protective Box,Home Appliances,10,21.1,2,95.0,4.34,1.762
Aluminum,Laptop Box,Electronics,9,28.67,2,96.55,4.12,3.531
Aluminum,Makeup Box,Cosmetics,10,34.06,1,98.09,2.76,3.542
PLA Bioplastic,Garment Bag,Textiles,6,10.68,7,68.35,1.11,1.279
Recycled PET,Mobile Box,Electronics,9,18.93,4,92.11,1.76,1.959
Kraft Paper,Food Tray,Food Packaging,7,9.66,8,85.57,1.0,0.655
Kraft Paper,Beverage Bottle,Food Packaging,6,14.71,9,91.33,0.95,0.69
Kraft Paper,Spare Parts Box,Automotive,4,12.28,8,85.92,0.58,0.574
Kraft Paper,Beverage Bottle,Food Packaging,5,10.25,8,91.31,1.07,0.546
Aluminum,Oil Container,Automotive,8,28.52,2,96.31,4.96,3.575
Recycled PET,Protective Cushioning Pack,Furniture,10,16.38,3,94.57,1.6,2.094
Corrugated Cardboard,Battery Packaging,Automotive,6,29.31,7,86.96,1.25,0.826
Recycled PET,Action Figure Pack,Toys,10,20.25,2,93.48,3.22,2.077
Bagasse Fiber,Protective Box,Home Appliances,5,7.1,8,82.32,1.23,0.536
Kraft Paper,Electronic Blister Pack,Electronics,5,12.03,9,89.9,0.67,0.542
Kraft Paper,Appliance Carton,Home Appliances,7,12.65,10,93.3,1.04,0.55
Bagasse Fiber,Foam Insert Package,Home Appliances,7,13.87,8,79.13,2.33,0.572
Glass,Protective Box,Home Appliances,10,20.75,1,98.48,5.24,1.826
Kraft Paper,Garment Bag,Textiles,6,9.18,9,94.15,1.0,0.605
Glass,Perfume Bottle,Cosmetics,10,21.31,1,99.64,4.92,1.709
PLA Bioplastic,Toy Box,Toys,6,12.77,7,57.85,1.73,1.263
Corrugated Cardboard,Cream Jar,Cosmetics,7,29.3,8,81.48,1.46,0.83
Aluminum,Action Figure Pack,Toys,10,20.66,2,96.77,3.9,3.568
Corrugated Cardboard,Fabric Wrap,Textiles,8,17.39,7,87.97,0.78,0.746
Aluminum,Cosmetic Tube,Cosmetics,9,23.59,1,98.86,4.61,3.474
Kraft Paper,Battery Packaging,Automotive,5,13.04,9,88.9,0.97,0.59
Kraft Paper,Medicine Box,Healthcare,5,13.25,9,91.5,0.73,0.659
Aluminum,Battery Packaging,Automotive,8,26.39,2,95.09,5.23,3.583
Aluminum,Foam Insert Package,Home Appliances,8,28.97,2,99.98,2.56,3.404
Glass,Food Tray,Food Packaging,10,28.3,1,95.39,3.26,1.799
Aluminum,Laptop Box,Electronics,9,23.41,1,98.42,2.67,3.466
Aluminum,Appliance Carton,Home Appliances,9,28.31,2,96.96,4.8,3.6
PLA Bioplastic,Cosmetic Tube,Cosmetics,8,13.65,6,61.14,2.4,1.296
Corrugated Cardboard,Fabric Wrap,Textiles,6,12.78,8,84.82,1.0,0.846
Mushroom Packaging,Protective Box,Home Appliances,7,10.72,10,61.35,2.75,0.382
Kraft Paper,TV Carton,Electronics,4,12.06,9,85.23,0.78,0.622
PLA Bioplastic,Cosmetic Tube,Cosmetics,9,9.02,8,61.78,2.51,1.227
Corrugated Cardboard,Cement Liner Bag,Construction,6,21.19,8,81.61,1.18,0.765
Kraft Paper,Beverage Bottle,Food Packaging,6,11.81,8,87.1,0.79,0.628
Recycled PET,Cement Liner Bag,Construction,9,22.53,3,85.31,3.84,2.19
Corrugated Cardboard,Spare Parts Box,Automotive,6,24.14,8,87.53,0.88,0.779
Mushroom Packaging,Cosmetic Tube,Cosmetics,7,11.52,9,77.79,1.48,0.421
PLA Bioplastic,Hardware Container,Construction,7,19.76,8,69.3,2.17,1.252
Aluminum,Mobile Box,Electronics,9,20.33,1,99.7,5.41,3.552
Kraft Paper,Oil Container,Automotive,4,13.46,10,85.14,0.75,0.641
Aluminum,Food Tray,Food Packaging,10,33.68,1,98.66,2.69,3.561
Recycled PET,Beverage Bottle,Food Packaging,9,22.2,2,88.55,2.35,2.102
Recycled PET,Takeaway Container,Food Packaging,10,23.11,2,90.08,2.76,2.13
Recycled PET,Mobile Box,Electronics,10,26.25,3,91.3,1.9,2.109
Recycled PET,Takeaway Container,Food Packaging,8,19.33,4,94.3,3.15,2.085
PLA Bioplastic,Mobile Box,Electronics,6,18.87,8,51.33,3.0,1.253
Mushroom Packaging,Makeup Box,Cosmetics,6,9.06,10,64.34,2.24,0.416
Corrugated Cardboard,Garment Bag,Textiles,8,13.87,9,86.43,1.03,0.753
Corrugated Cardboard,Beverage Bottle,Food Packaging,8,21.34,7,84.73,1.1,0.765
Glass,Toy Box,Toys,10,21.05,1,98.98,2.46,1.838
Corrugated Cardboard,Oil Container,Automotive,9,21.58,7,86.06,1.82,0.769
Aluminum,Foam Insert Package,Home Appliances,10,34.24,2,97.8,3.74,3.59
PLA Bioplastic,Garment Bag,Textiles,8,13.89,6,54.42,1.77,1.196
Kraft Paper,Syringe Pack,Healthcare,6,5.29,9,92.81,1.09,0.573
Recycled PET,Furniture Carton,Furniture,10,17.09,3,87.58,2.61,2.088
Glass,Board Game Box,Toys,9,35.64,1,98.64,4.59,1.806
Recycled PET,Furniture Carton,Furniture,9,19.12,4,94.82,1.65,2.124
Kraft Paper,Tile Packaging,Construction,5,7.32,9,91.55,1.28,0.669
Mushroom Packaging,Beverage Bottle,Food Packaging,7,11.17,10,78.65,3.36,0.4
Corrugated Cardboard,Board Game Box,Toys,9,30.77,7,84.8,1.47,0.75
Glass,Garment Bag,Textiles,10,31.31,2,96.42,5.82,1.83
Corrugated Cardboard,Appliance Carton,Home Appliances,7,30.66,7,91.12,0.73,0.758
Recycled PET,Mobile Box,Electronics,8,22.01,3,87.86,2.69,2.066
Recycled PET,Protective Box,Home Appliances,8,27.62,4,85.55,3.0,2.054
Glass,Furniture Carton,Furniture,9,27.28,2,95.35,4.33,1.822
Corrugated Cardboard,Medical Container,Healthcare,8,19.89,7,88.19,1.1,0.791
Bagasse Fiber,Clothing Box,Textiles,7,8.75,10,80.07,1.37,0.483
Bagasse Fiber,Furniture Carton,Furniture,6,7.5,9,84.25,1.02,0.54
Recycled PET,Syringe Pack,Healthcare,9,23.68,3,89.31,2.48,2.156
PLA Bioplastic,Tablet Blister Pack,Healthcare,7,11.33,8,55.98,1.33,1.247
Mushroom Packaging,Fabric Wrap,Textiles,7,10.01,10,64.4,2.89,0.394
Glass,Action Figure Pack,Toys,9,23.55,1,95.29,2.84,1.762
PLA Bioplastic,Fabric Wrap,Textiles,7,8.14,6,56.07,1.12,1.282
Corrugated Cardboard,Laptop Box,Electronics,7,13.95,8,81.93,1.33,0.872
Corrugated Cardboard,Toy Box,Toys,7,34.14,8,85.44,1.39,0.791
PLA Bioplastic,Appliance Carton,Home Appliances,7,8.52,8,67.29,2.74,1.258
Recycled PET,Furniture Carton,Furniture,8,16.25,4,88.23,2.94,2.102
Aluminum,Protective Cushioning Pack,Furniture,10,21.95,2,98.9,3.54,3.489
Recycled PET,Tablet Blister Pack,Healthcare,8,18.55,3,93.37,3.51,2.046
Glass,Furniture Carton,Furniture,10,28.68,1,95.6,4.16,1.747
Aluminum,TV Carton,Electronics,10,22.57,1,95.55,2.74,3.414
Kraft Paper,Protective Cushioning Pack,Furniture,5,11.44,8,88.16,0.98,0.581
Corrugated Cardboard,Beverage Bottle,Food Packaging,9,29.43,8,91.83,1.86,0.792
Bagasse Fiber,Electronic Blister Pack,Electronics,5,14.52,9,71.2,1.47,0.548
PLA Bioplastic,Action Figure Pack,Toys,7,13.58,7,55.57,1.59,1.212
Recycled PET,Fabric Wrap,Textiles,8,29.8,3,94.54,1.86,2.114
Bagasse Fiber,Toy Box,Toys,5,14.44,10,79.82,1.06,0.46
Recycled PET,Foam Insert Package,Home Appliances,9,19.13,4,87.11,2.58,2.072
Mushroom Packaging,Protective Box,Home Appliances,6,12.86,9,69.77,2.57,0.284
Glass,Action Figure Pack,Toys,10,22.27,2,95.78,2.32,1.868
Glass,Spare Parts Box,Automotive,9,31.94,2,99.73,5.76,1.8
Kraft Paper,Hardware Container,Construction,4,12.24,8,88.66,1.21,0.565
Glass,Spare Parts Box,Automotive,10,32.1,2,96.68,4.35,1.765
Aluminum,Fabric Wrap,Textiles,9,28.0,1,96.95,4.99,3.45
Mushroom Packaging,Tile Packaging,Construction,5,15.49,10,61.18,1.38,0.306
Corrugated Cardboard,TV Carton,Electronics,9,13.65,9,89.83,1.22,0.763
Recycled PET,Board Game Box,Toys,10,26.06,2,92.26,3.08,2.08
Bagasse Fiber,Board Game Box,Toys,6,9.64,10,75.09,2.21,0.514
Aluminum,Cream Jar,Cosmetics,10,21.31,1,98.28,4.85,3.524
Mushroom Packaging,Electronic Blister Pack,Electronics,7,17.22,9,79.12,1.84,0.381
Bagasse Fiber,Medical Container,Healthcare,7,6.92,9,82.55,2.4,0.497
Corrugated Cardboard,Hardware Container,Construction,9,19.68,8,88.99,0.69,0.833
Corrugated Cardboard,Hardware Container,Construction,7,24.15,8,81.63,1.81,0.813
Corrugated Cardboard,Cosmetic Tube,Cosmetics,6,19.46,9,86.87,1.96,0.797
Mushroom Packaging,Clothing Box,Textiles,5,15.83,9,76.97,1.61,0.392
Aluminum,Perfume Bottle,Cosmetics,10,23.05,2,96.6,4.67,3.507
Kraft Paper,Beverage Bottle,Food Packaging,4,5.89,9,91.34,0.35,0.539
PLA Bioplastic,Cement Liner Bag,Construction,8,15.8,8,50.35,1.81,1.172
Kraft Paper,Clothing Box,Textiles,4,13.05,8,93.7,0.92,0.656
Mushroom Packaging,Clothing Box,Textiles,6,17.84,10,78.05,2.54,0.324
Corrugated Cardboard,Appliance Carton,Home Appliances,6,14.92,7,91.34,1.9,0.885
Recycled PET,Beverage Bottle,Food Packaging,8,16.41,2,90.13,3.18,2.101
Aluminum,Syringe Pack,Healthcare,10,24.77,2,98.96,3.94,3.574
Bagasse Fiber,Garment Bag,Textiles,5,13.39,8,80.15,2.18,0.516
PLA Bioplastic,Oil Container,Automotive,9,10.47,8,68.44,2.9,1.161
Recycled PET,Protective Box,Home Appliances,10,15.5,2,86.11,1.56,2.137
Glass,Takeaway Container,Food Packaging,10,25.8,1,97.9,5.93,1.83
Corrugated Cardboard,Assembly Kit Box,Furniture,9,25.28,8,83.17,0.63,0.784
Aluminum,Hardware Container,Construction,9,22.75,2,99.86,4.94,3.523
Mushroom Packaging,Protective Box,Home Appliances,7,8.13,9,67.49,1.84,0.472
Aluminum,Medical Container,Healthcare,8,28.98,2,96.69,2.9,3.573
Mushroom Packaging,Furniture Carton,Furniture,5,10.65,10,66.92,2.21,0.421
Kraft Paper,Protective Cushioning Pack,Furniture,4,10.92,8,86.34,1.07,0.531
Glass,Foam Insert Package,Home Appliances,10,28.75,1,99.77,3.52,1.824
PLA Bioplastic,Cosmetic Tube,Cosmetics,9,19.23,6,64.4,1.11,1.134
Aluminum,Clothing Box,Textiles,10,20.92,1,95.15,4.3,3.625
Recycled PET,Syringe Pack,Healthcare,9,23.38,3,88.2,3.76,1.99
Recycled PET,Toy Box,Toys,9,15.07,2,90.27,2.46,2.115
Glass,Foam Insert Package,Home Appliances,9,20.73,1,96.94,2.87,1.775
Mushroom Packaging,Cement Liner Bag,Construction,5,9.54,10,68.4,2.22,0.517
Recycled PET,Clothing Box,Textiles,8,15.33,4,87.2,1.62,2.118
PLA Bioplastic,Laptop Box,Electronics,6,14.84,6,60.18,2.64,1.166
Recycled PET,Cement Liner Bag,Construction,9,24.44,3,93.64,3.57,2.029
Aluminum,TV Carton,Electronics,8,24.57,1,99.0,4.26,3.565
PLA Bioplastic,TV Carton,Electronics,7,19.5,8,54.5,1.71,1.183
PLA Bioplastic,Beverage Bottle,Food Packaging,8,16.4,7,51.92,2.6,1.101
Recycled PET,Protective Box,Home Appliances,10,22.73,2,92.92,2.89,2.091
PLA Bioplastic,Medical Container,Healthcare,7,12.31,8,62.93,2.65,1.195
Aluminum,Medical Container,Healthcare,10,28.54,1,95.73,4.39,3.384
Aluminum,Pizza Box,Food Packaging,8,22.14,1,95.79,4.85,3.541
Bagasse Fiber,Foam Insert Package,Home Appliances,6,8.17,10,75.66,1.82,0.508
Aluminum,Foam Insert Package,Home Appliances,10,31.35,1,95.05,3.74,3.562
PLA Bioplastic,Fabric Wrap,Textiles,8,9.89,6,51.26,2.92,1.076
Corrugated Cardboard,Action Figure Pack,Toys,7,11.45,8,83.68,1.31,0.775
PLA Bioplastic,Beverage Bottle,Food Packaging,6,11.66,7,57.5,2.21,1.248
Aluminum,Makeup Box,Cosmetics,8,29.64,1,96.23,3.16,3.491
Mushroom Packaging,Protective Cushioning Pack,Furniture,5,14.85,10,78.33,2.64,0.361
PLA Bioplastic,Foam Insert Package,Home Appliances,8,13.02,8,65.73,2.14,1.152
Corrugated Cardboard,Spare Parts Box,Automotive,7,32.52,7,80.35,0.78,0.735
Aluminum,Protective Box,Home Appliances,8,21.65,1,96.55,2.68,3.414
Corrugated Cardboard,Assembly Kit Box,Furniture,7,25.95,8,82.29,1.41,0.843
Corrugated Cardboard,Foam Insert Package,Home Appliances,7,14.28,7,90.81,1.65,0.841
Aluminum,Makeup Box,Cosmetics,9,34.99,2,98.17,4.07,3.473
Glass,Protective Box,Home Appliances,9,33.83,2,97.02,2.91,1.915
Kraft Paper,Foam Insert Package,Home Appliances,4,10.9,10,85.39,1.1,0.627
PLA Bioplastic,Makeup Box,Cosmetics,7,10.34,8,54.56,1.16,1.144
Recycled PET,Clothing Box,Textiles,8,25.5,3,89.44,2.6,2.051
Corrugated Cardboard,Foam Insert Package,Home Appliances,7,24.24,9,85.33,0.75,0.804
Aluminum,Clothing Box,Textiles,9,25.39,1,97.64,3.05,3.489
Bagasse Fiber,Assembly Kit Box,Furniture,7,14.36,9,76.17,1.14,0.612
Recycled PET,Hardware Container,Construction,9,26.56,2,89.96,2.47,2.093
Aluminum,Board Game Box,Toys,9,20.95,1,96.17,2.65,3.513
Recycled PET,Medicine Box,Healthcare,9,28.91,4,93.21,2.49,2.1
PLA Bioplastic,Protective Box,Home Appliances,6,15.79,7,58.7,2.02,1.181
PLA Bioplastic,Spare Parts Box,Automotive,6,19.89,7,65.25,1.97,1.293
Mushroom Packaging,Foam Insert Package,Home Appliances,6,9.98,10,71.73,2.08,0.404
Kraft Paper,Protective Box,Home Appliances,6,12.01,10,86.33,1.31,0.584
PLA Bioplastic,Oil Container,Automotive,8,12.74,7,55.88,1.29,1.153
Kraft Paper,Oil Container,Automotive,6,12.69,8,93.71,0.91,0.575
PLA Bioplastic,Spare Parts Box,Automotive,6,17.27,7,62.98,1.12,1.208
Aluminum,Appliance Carton,Home Appliances,8,22.35,1,99.38,2.71,3.48
Aluminum,Cosmetic Tube,Cosmetics,8,33.88,1,97.3,4.22,3.49
PLA Bioplastic,Garment Bag,Textiles,8,16.62,8,52.3,2.13,1.183
Corrugated Cardboard,Board Game Box,Toys,7,19.5,7,88.47,1.82,0.788
PLA Bioplastic,Toy Box,Toys,7,8.26,7,64.2,2.12,1.234
Glass,Fabric Wrap,Textiles,10,29.55,1,97.15,5.84,1.766
Mushroom Packaging,Protective Cushioning Pack,Furniture,5,16.27,10,63.31,1.31,0.408
Bagasse Fiber,Furniture Carton,Furniture,6,11.53,9,83.2,0.97,0.452
Glass,Medicine Box,Healthcare,10,22.17,2,95.54,2.18,1.809
Aluminum,Hardware Container,Construction,10,21.66,1,95.84,3.06,3.5
Mushroom Packaging,Appliance Carton,Home Appliances,7,12.09,10,65.46,2.44,0.401
Recycled PET,Appliance Carton,Home Appliances,10,19.29,2,91.46,3.11,2.078
PLA Bioplastic,Clothing Box,Textiles,8,11.38,8,52.09,1.09,1.147
Mushroom Packaging,Board Game Box,Toys,6,14.34,9,61.31,3.38,0.343
Kraft Paper,Cream Jar,Cosmetics,4,5.68,10,86.06,1.31,0.675
Mushroom Packaging,Cement Liner Bag,Construction,5,17.1,10,72.47,1.88,0.46
Aluminum,Protective Cushioning Pack,Furniture,9,29.49,1,98.73,2.73,3.405
Mushroom Packaging,Toy Box,Toys,7,15.94,10,64.32,1.59,0.415
Recycled PET,Pizza Box,Food Packaging,10,28.95,3,87.49,1.82,2.097
Aluminum,Cream Jar,Cosmetics,9,23.34,2,99.56,2.87,3.547
Corrugated Cardboard,Board Game Box,Toys,6,31.5,8,88.49,1.28,0.77
Recycled PET,Garment Bag,Textiles,9,29.43,2,89.97,2.11,2.054
Recycled PET,Protective Cushioning Pack,Furniture,9,16.8,4,88.3,2.4,2.147
Corrugated Cardboard,Board Game Box,Toys,6,16.79,8,88.64,1.98,0.802
Mushroom Packaging,Syringe Pack,Healthcare,5,12.71,9,71.34,2.77,0.438
Kraft Paper,Tile Packaging,Construction,6,14.22,9,93.61,1.44,0.584
Mushroom Packaging,Assembly Kit Box,Furniture,5,14.28,10,79.04,1.53,0.437
Aluminum,Syringe Pack,Healthcare,9,26.06,2,97.29,3.65,3.563
PLA Bioplastic,Tile Packaging,Construction,6,10.5,7,67.15,2.11,1.213
PLA Bioplastic,Appliance Carton,Home Appliances,9,11.39,8,68.69,1.15,1.172
Kraft Paper,Clothing Box,Textiles,5,6.48,10,89.75,0.31,0.631
Mushroom Packaging,Clothing Box,Textiles,7,11.81,10,73.95,2.74,0.472
Recycled PET,Pizza Box,Food Packaging,8,28.75,4,90.24,3.1,2.043
Aluminum,Fabric Wrap,Textiles,8,24.22,1,96.62,3.73,3.469
Aluminum,Board Game Box,Toys,9,33.46,2,95.05,3.97,3.537
Recycled PET,TV Carton,Electronics,8,28.33,4,85.23,2.54,2.134
PLA Bioplastic,Appliance Carton,Home Appliances,7,14.4,6,50.2,1.05,1.199
Glass,Cosmetic Tube,Cosmetics,9,23.34,1,95.4,3.34,1.866
Kraft Paper,Protective Box,Home Appliances,6,5.05,9,91.03,0.51,0.588
Glass,Medical Container,Healthcare,10,25.14,2,99.11,2.39,1.724
Glass,Makeup Box,Cosmetics,10,30.42,1,95.92,5.83,1.813
PLA Bioplastic,Assembly Kit Box,Furniture,7,14.13,6,63.83,2.2,1.253
Kraft Paper,TV Carton,Electronics,5,12.12,9,87.29,1.17,0.602
Mushroom Packaging,TV Carton,Electronics,7,16.5,10,77.9,1.93,0.385
Glass,Cement Liner Bag,Construction,9,21.35,2,95.57,3.57,1.811
Mushroom Packaging,Perfume Bottle,Cosmetics,6,13.44,10,79.85,1.74,0.383
PLA Bioplastic,Protective Cushioning Pack,Furniture,9,15.45,6,62.41,1.19,1.203
Bagasse Fiber,Fabric Wrap,Textiles,6,6.27,9,83.71,1.1,0.464
Aluminum,Laptop Box,Electronics,9,24.02,1,98.51,4.89,3.522
Kraft Paper,Tablet Blister Pack,Healthcare,5,6.69,9,90.06,1.11,0.493
Mushroom Packaging,Action Figure Pack,Toys,5,9.23,9,63.58,2.46,0.384
Glass,Spare Parts Box,Automotive,9,28.17,1,96.64,3.9,1.803
PLA Bioplastic,Hardware Container,Construction,9,15.35,7,58.53,2.84,1.22
Mushroom Packaging,Protective Box,Home Appliances,5,17.15,10,79.07,1.37,0.357
Recycled PET,Food Tray,Food Packaging,8,16.73,4,89.86,2.2,2.143
Aluminum,Makeup Box,Cosmetics,10,33.85,1,99.01,3.55,3.5
Bagasse Fiber,Clothing Box,Textiles,5,6.26,8,83.43,2.13,0.443
Mushroom Packaging,Clothing Box,Textiles,5,15.16,9,76.83,3.48,0.437
Kraft Paper,Protective Box,Home Appliances,4,14.92,10,94.03,0.59,0.543
Glass,Clothing Box,Textiles,9,28.16,1,96.68,5.5,1.814
Aluminum,Toy Box,Toys,10,27.79,2,95.92,4.99,3.458
Corrugated Cardboard,Fabric Wrap,Textiles,9,31.31,7,90.56,0.84,0.946
Recycled PET,Laptop Box,Electronics,10,16.71,3,89.57,2.5,2.078
Bagasse Fiber,Medicine Box,Healthcare,6,13.92,9,77.67,1.5,0.498
PLA Bioplastic,Battery Packaging,Automotive,6,9.69,6,55.35,2.96,1.199
Bagasse Fiber,Garment Bag,Textiles,7,14.27,8,79.46,1.11,0.574
Glass,Board Game Box,Toys,10,24.19,2,99.19,5.2,1.887
Glass,Assembly Kit Box,Furniture,10,36.41,1,99.33,3.34,1.769
Glass,Cosmetic Tube,Cosmetics,9,26.71,2,96.09,4.92,1.864
Corrugated Cardboard,Board Game Box,Toys,7,23.39,7,82.58,1.13,0.747
Glass,Spare Parts Box,Automotive,10,26.71,1,95.58,4.31,1.793
Recycled PET,Furniture Carton,Furniture,10,17.98,3,87.91,3.58,2.082
Recycled PET,Syringe Pack,Healthcare,10,18.63,3,86.95,3.51,1.993
Kraft Paper,Appliance Carton,Home Appliances,6,11.2,9,86.08,1.34,0.524
Kraft Paper,TV Carton,Electronics,7,9.9,9,88.72,0.37,0.538
PLA Bioplastic,Garment Bag,Textiles,8,10.75,8,55.54,2.38,1.246
Kraft Paper,Hardware Container,Construction,7,7.41,9,91.29,0.47,0.516
Kraft Paper,Laptop Box,Electronics,4,11.84,8,92.46,0.8,0.58
Recycled PET,Cement Liner Bag,Construction,10,15.4,3,92.84,2.87,2.163
PLA Bioplastic,Food Tray,Food Packaging,6,12.54,7,64.63,1.81,1.272
Corrugated Cardboard,Cosmetic Tube,Cosmetics,6,29.38,8,85.56,1.28,0.835
PLA Bioplastic,Furniture Carton,Furniture,7,9.25,7,67.61,2.99,1.206
Kraft Paper,Appliance Carton,Home Appliances,7,10.88,9,92.99,0.46,0.594
Bagasse Fiber,Cream Jar,Cosmetics,5,7.01,9,83.8,1.95,0.434
Glass,Mobile Box,Electronics,10,25.27,1,95.95,3.58,1.894
Aluminum,Electronic Blister Pack,Electronics,9,23.51,2,96.02,2.9,3.525
PLA Bioplastic,Cement Liner Bag,Construction,6,9.9,8,55.69,1.32,1.178
Bagasse Fiber,Cosmetic Tube,Cosmetics,6,12.98,9,70.93,2.41,0.335
PLA Bioplastic,Battery Packaging,Automotive,6,9.99,7,56.65,2.76,1.258
Kraft Paper,Pizza Box,Food Packaging,7,14.79,8,89.55,1.39,0.58
Glass,Perfume Bottle,Cosmetics,10,33.42,1,98.45,5.97,1.768
Bagasse Fiber,Foam Insert Package,Home Appliances,5,8.05,10,77.31,1.15,0.502
Corrugated Cardboard,Action Figure Pack,Toys,8,23.9,7,84.53,1.03,0.811
PLA Bioplastic,Takeaway Container,Food Packaging,7,8.01,6,60.26,2.34,1.261
Mushroom Packaging,TV Carton,Electronics,7,10.78,9,62.23,2.31,0.445
Corrugated Cardboard,Food Tray,Food Packaging,9,26.07,7,83.49,1.13,0.76
Recycled PET,Fabric Wrap,Textiles,9,20.1,4,91.45,2.39,2.077
Corrugated Cardboard,Assembly Kit Box,Furniture,9,24.66,8,83.08,1.39,0.76
PLA Bioplastic,Protective Cushioning Pack,Furniture,7,18.21,7,52.07,2.15,1.226
Recycled PET,Tile Packaging,Construction,10,19.93,2,91.42,1.9,2.123
Bagasse Fiber,Cosmetic Tube,Cosmetics,5,10.42,8,75.66,1.6,0.547
Bagasse Fiber,Furniture Carton,Furniture,6,7.77,8,83.85,1.74,0.542
Bagasse Fiber,Pizza Box,Food Packaging,5,10.22,9,71.3,1.77,0.448
Glass,Pizza Box,Food Packaging,9,24.36,1,96.75,2.84,1.763
Corrugated Cardboard,Takeaway Container,Food Packaging,9,14.92,8,89.13,1.61,0.766
Recycled PET,Beverage Bottle,Food Packaging,9,21.97,2,93.33,1.56,2.046
Recycled PET,Electronic Blister Pack,Electronics,8,28.51,3,89.1,2.39,2.113
PLA Bioplastic,Hardware Container,Construction,9,13.06,7,51.25,2.56,1.259
Bagasse Fiber,Takeaway Container,Food Packaging,5,8.02,9,72.3,1.76,0.391
PLA Bioplastic,Clothing Box,Textiles,7,19.01,8,68.94,1.52,1.178
PLA Bioplastic,Garment Bag,Textiles,7,12.82,8,57.77,2.39,1.164
Aluminum,Clothing Box,Textiles,9,23.58,1,95.2,4.2,3.435
Corrugated Cardboard,Food Tray,Food Packaging,6,15.14,9,91.91,1.69,0.698
Glass,Syringe Pack,Healthcare,9,30.54,1,99.04,4.94,1.794
Aluminum,Electronic Blister Pack,Electronics,9,27.63,2,97.0,4.33,3.472
Kraft Paper,Battery Packaging,Automotive,7,10.03,10,85.92,0.89,0.562
Bagasse Fiber,Beverage Bottle,Food Packaging,5,13.28,8,77.17,1.03,0.587
Mushroom Packaging,Cream Jar,Cosmetics,6,16.1,10,72.04,1.8,0.396
Mushroom Packaging,Oil Container,Automotive,7,14.52,9,78.52,2.16,0.547
Corrugated Cardboard,Hardware Container,Construction,9,25.41,8,83.74,1.4,0.773
Aluminum,Beverage Bottle,Food Packaging,10,32.31,2,99.16,4.04,3.53
Glass,Action Figure Pack,Toys,9,33.0,1,98.24,3.15,1.745
Mushroom Packaging,Action Figure Pack,Toys,6,11.07,9,70.45,1.21,0.523
Mushroom Packaging,Takeaway Container,Food Packaging,5,10.49,9,77.3,2.34,0.411
Kraft Paper,Cement Liner Bag,Construction,6,12.59,8,88.45,0.64,0.576
Corrugated Cardboard,Spare Parts Box,Automotive,9,24.14,9,86.51,1.6,0.777
Glass,Takeaway Container,Food Packaging,10,23.2,2,96.85,2.1,1.804
PLA Bioplastic,Assembly Kit Box,Furniture,9,13.77,8,65.22,2.17,1.197
Corrugated Cardboard,Beverage Bottle,Food Packaging,7,19.57,7,91.13,1.91,0.826
Recycled PET,Battery Packaging,Automotive,8,18.7,2,93.39,1.94,2.148
Glass,Takeaway Container,Food Packaging,10,25.68,2,97.65,3.89,1.816
Aluminum,Hardware Container,Construction,8,20.81,1,98.93,2.77,3.526
PLA Bioplastic,Cement Liner Bag,Construction,7,15.47,6,60.52,2.25,1.212
Corrugated Cardboard,Assembly Kit Box,Furniture,9,22.05,8,82.42,1.33,0.821
Kraft Paper,Foam Insert Package,Home Appliances,4,7.18,10,94.86,0.79,0.596
Recycled PET,Takeaway Container,Food Packaging,9,15.54,3,86.76,2.8,2.066
Bagasse Fiber,Furniture Carton,Furniture,5,7.39,9,76.65,2.32,0.506
Bagasse Fiber,Laptop Box,Electronics,7,7.91,10,76.47,1.13,0.504
Mushroom Packaging,Cosmetic Tube,Cosmetics,7,16.29,10,60.67,1.25,0.366
Corrugated Cardboard,Clothing Box,Textiles,8,15.14,8,85.52,1.79,0.746
Bagasse Fiber,Action Figure Pack,Toys,5,7.98,8,80.25,1.78,0.512
Kraft Paper,Electronic Blister Pack,Electronics,5,12.06,10,94.35,1.37,0.617
Corrugated Cardboard,Clothing Box,Textiles,7,30.17,9,89.61,1.4,0.804
Recycled PET,Medicine Box,Healthcare,9,18.93,4,88.52,3.53,2.081
Glass,Protective Cushioning Pack,Furniture,10,36.56,2,96.75,3.72,1.777
Recycled PET,Furniture Carton,Furniture,8,24.31,4,86.63,3.37,2.033
Kraft Paper,Food Tray,Food Packaging,7,10.28,10,89.06,1.4,0.681
Glass,Perfume Bottle,Cosmetics,9,29.88,2,97.23,4.29,1.804
Kraft Paper,Oil Container,Automotive,6,9.16,10,85.64,0.52,0.624
Aluminum,Beverage Bottle,Food Packaging,10,28.48,1,96.28,3.31,3.471
PLA Bioplastic,Pizza Box,Food Packaging,9,10.73,6,54.69,1.4,1.184
Recycled PET,Protective Box,Home Appliances,9,29.34,2,87.24,2.12,1.983
Bagasse Fiber,Mobile Box,Electronics,5,9.21,8,74.79,1.32,0.501
Aluminum,Food Tray,Food Packaging,8,23.32,2,96.92,4.17,3.534
Corrugated Cardboard,Toy Box,Toys,8,32.63,9,82.61,1.38,0.72
Mushroom Packaging,Tablet Blister Pack,Healthcare,6,17.74,10,60.46,2.18,0.364
Bagasse Fiber,Furniture Carton,Furniture,5,11.76,9,75.16,1.85,0.522
Recycled PET,Appliance Carton,Home Appliances,10,20.41,4,92.67,1.7,2.116
Aluminum,Beverage Bottle,Food Packaging,10,20.67,2,97.13,2.76,3.428
Corrugated Cardboard,Board Game Box,Toys,7,17.05,9,88.51,0.76,0.787
Aluminum,Action Figure Pack,Toys,8,23.53,2,99.75,4.05,3.507
Bagasse Fiber,Cream Jar,Cosmetics,5,11.54,8,79.86,1.16,0.492
Recycled PET,Mobile Box,Electronics,10,21.39,2,87.52,2.21,2.095
Aluminum,Medicine Box,Healthcare,10,34.17,2,97.18,3.7,3.537
Recycled PET,Furniture Carton,Furniture,9,28.43,4,86.68,3.53,1.998
Recycled PET,Tile Packaging,Construction,8,19.41,3,86.65,1.53,2.071
PLA Bioplastic,Assembly Kit Box,Furniture,9,10.36,8,67.62,2.3,1.252
Glass,Laptop Box,Electronics,9,30.98,1,99.4,4.68,1.878
Kraft Paper,Toy Box,Toys,7,14.86,10,88.03,1.26,0.638
Aluminum,Medicine Box,Healthcare,9,32.5,1,98.95,5.3,3.508
Mushroom Packaging,Furniture Carton,Furniture,7,11.84,9,77.06,1.25,0.421
Mushroom Packaging,Fabric Wrap,Textiles,6,14.14,10,63.9,1.55,0.436
Recycled PET,Mobile Box,Electronics,8,22.49,2,94.33,3.72,2.075
Aluminum,Foam Insert Package,Home Appliances,8,32.34,1,97.12,3.88,3.463
Glass,Tile Packaging,Construction,9,33.05,2,98.55,4.26,1.941
Aluminum,Syringe Pack,Healthcare,10,28.57,2,99.1,4.49,3.516
PLA Bioplastic,Perfume Bottle,Cosmetics,7,10.8,8,65.13,2.36,1.244
Corrugated Cardboard,Appliance Carton,Home Appliances,7,29.75,7,87.49,1.9,0.801
Glass,Cement Liner Bag,Construction,10,32.95,1,99.78,5.99,1.799
Recycled PET,Beverage Bottle,Food Packaging,9,24.49,3,85.7,3.3,2.103
Mushroom Packaging,Foam Insert Package,Home Appliances,5,9.19,9,69.35,1.86,0.344
Recycled PET,Toy Box,Toys,8,15.12,2,88.53,3.7,2.084
Mushroom Packaging,Protective Cushioning Pack,Furniture,7,11.87,9,79.24,1.31,0.448
Glass,Battery Packaging,Automotive,10,32.15,1,95.64,2.92,1.837
Aluminum,TV Carton,Electronics,9,29.51,1,95.94,5.19,3.471
Bagasse Fiber,Action Figure Pack,Toys,5,10.42,10,80.2,1.24,0.538
Mushroom Packaging,Fabric Wrap,Textiles,7,14.35,9,79.32,1.71,0.303
Kraft Paper,Food Tray,Food Packaging,5,6.41,8,88.94,0.47,0.497
Bagasse Fiber,Clothing Box,Textiles,5,11.32,8,73.17,2.26,0.497
Kraft Paper,Takeaway Container,Food Packaging,6,10.39,10,93.61,0.9,0.697
PLA Bioplastic,Cream Jar,Cosmetics,6,19.7,7,58.53,2.35,1.182
Aluminum,Appliance Carton,Home Appliances,9,25.12,1,95.16,3.22,3.516
Glass,Food Tray,Food Packaging,9,27.39,2,98.99,5.03,1.818
PLA Bioplastic,Action Figure Pack,Toys,6,10.96,8,53.0,2.52,1.19
Kraft Paper,Medicine Box,Healthcare,7,6.44,10,88.5,0.68,0.669
Aluminum,Laptop Box,Electronics,10,32.64,2,99.33,3.73,3.522
Aluminum,Electronic Blister Pack,Electronics,9,21.77,2,99.56,3.13,3.482
PLA Bioplastic,Appliance Carton,Home Appliances,6,14.24,8,52.85,2.95,1.179
Bagasse Fiber,Battery Packaging,Automotive,7,8.96,8,82.19,1.9,0.545
Kraft Paper,Cement Liner Bag,Construction,4,14.32,8,88.14,1.42,0.582
PLA Bioplastic,Cement Liner Bag,Construction,9,17.4,6,63.79,1.61,1.226
Glass,Electronic Blister Pack,Electronics,9,32.14,2,95.13,5.13,1.794
PLA Bioplastic,Perfume Bottle,Cosmetics,6,16.09,6,55.86,2.53,1.172
Aluminum,Oil Container,Automotive,9,24.86,1,95.1,4.57,3.542
Kraft Paper,Takeaway Container,Food Packaging,5,14.39,10,93.89,1.46,0.624
Kraft Paper,Food Tray,Food Packaging,5,6.63,9,91.61,0.77,0.608
PLA Bioplastic,Action Figure Pack,Toys,6,12.65,8,63.21,1.26,1.208
Mushroom Packaging,Cement Liner Bag,Construction,7,15.17,9,67.18,2.74,0.359
Kraft Paper,Medical Container,Healthcare,7,10.89,9,89.19,1.18,0.515
Bagasse Fiber,Fabric Wrap,Textiles,5,8.62,9,82.54,1.78,0.497
Mushroom Packaging,Cement Liner Bag,Construction,5,13.61,10,61.8,1.68,0.369
Corrugated Cardboard,Foam Insert Package,Home Appliances,8,26.69,9,90.52,1.26,0.85
Kraft Paper,Electronic Blister Pack,Electronics,4,7.25,8,93.43,0.67,0.605
Glass,Cement Liner Bag,Construction,10,36.18,1,95.27,3.71,1.745
Recycled PET,Foam Insert Package,Home Appliances,10,25.03,4,91.76,3.11,2.105
Corrugated Cardboard,Medical Container,Healthcare,7,15.69,7,81.76,1.62,0.77
Recycled PET,Medicine Box,Healthcare,10,25.6,3,90.29,2.08,2.153
Corrugated Cardboard,Pizza Box,Food Packaging,9,32.52,9,88.27,1.11,0.709
Kraft Paper,Medicine Box,Healthcare,4,9.33,9,89.21,0.62,0.618
Corrugated Cardboard,Garment Bag,Textiles,9,28.57,7,85.46,0.8,0.778
Mushroom Packaging,Tablet Blister Pack,Healthcare,6,10.09,9,77.1,3.0,0.323
PLA Bioplastic,Cosmetic Tube,Cosmetics,7,12.95,6,50.53,2.82,1.211
Bagasse Fiber,Cement Liner Bag,Construction,5,14.61,8,80.7,1.43,0.486
Bagasse Fiber,Medicine Box,Healthcare,6,7.54,8,72.25,2.08,0.5
Recycled PET,Tile Packaging,Construction,9,24.25,2,92.44,3.74,2.029
Bagasse Fiber,Medical Container,Healthcare,5,14.17,9,77.21,2.24,0.475
Glass,TV Carton,Electronics,10,24.43,1,97.63,2.73,1.798
Corrugated Cardboard,Laptop Box,Electronics,7,34.51,8,85.92,1.93,0.768
Mushroom Packaging,Cement Liner Bag,Construction,7,11.92,9,71.36,2.07,0.447
Recycled PET,Tile Packaging,Construction,9,25.11,3,94.37,2.35,2.044
PLA Bioplastic,Hardware Container,Construction,7,9.05,8,62.2,1.12,1.263
Corrugated Cardboard,Syringe Pack,Healthcare,9,19.78,9,90.32,1.23,0.825
Mushroom Packaging,Board Game Box,Toys,5,10.72,10,60.2,1.45,0.376
Glass,Foam Insert Package,Home Appliances,10,26.56,1,97.76,2.99,1.688
Glass,Beverage Bottle,Food Packaging,9,33.28,1,97.54,3.27,1.794
Glass,Takeaway Container,Food Packaging,9,27.31,1,95.16,5.24,1.838
Aluminum,Furniture Carton,Furniture,10,28.13,2,98.8,5.13,3.571
Mushroom Packaging,Cosmetic Tube,Cosmetics,5,14.06,10,68.58,1.9,0.38
Glass,Cream Jar,Cosmetics,9,28.84,2,95.95,5.43,1.88
Glass,Spare Parts Box,Automotive,10,36.8,2,98.0,5.43,1.813
Mushroom Packaging,Garment Bag,Textiles,6,15.57,10,70.02,2.96,0.367
Kraft Paper,Clothing Box,Textiles,5,11.68,10,94.44,0.48,0.603
Bagasse Fiber,Medicine Box,Healthcare,7,13.58,8,76.41,1.97,0.564
Aluminum,Spare Parts Box,Automotive,8,28.96,2,96.93,5.34,3.478
Kraft Paper,Cosmetic Tube,Cosmetics,4,14.66,8,93.61,1.12,0.606
Corrugated Cardboard,Takeaway Container,Food Packaging,9,28.55,8,88.59,1.0,0.695
Mushroom Packaging,Beverage Bottle,Food Packaging,5,14.78,9,66.32,2.35,0.397
Mushroom Packaging,Cosmetic Tube,Cosmetics,5,8.53,9,61.3,2.69,0.419
Kraft Paper,Protective Box,Home Appliances,6,14.79,9,94.06,0.91,0.471
Corrugated Cardboard,Food Tray,Food Packaging,8,14.17,8,84.19,0.68,0.796
Kraft Paper,Toy Box,Toys,7,10.72,10,93.4,0.67,0.6
Recycled PET,Assembly Kit Box,Furniture,8,28.62,3,93.74,3.51,2.2
Mushroom Packaging,Garment Bag,Textiles,5,17.76,9,76.24,3.18,0.509
Aluminum,Makeup Box,Cosmetics,9,27.75,2,96.59,2.91,3.51
Glass,Protective Box,Home Appliances,9,28.45,2,97.13,5.81,1.753
PLA Bioplastic,Battery Packaging,Automotive,9,17.39,8,55.56,1.66,1.293
Mushroom Packaging,Syringe Pack,Healthcare,5,8.14,10,77.69,2.72,0.323
Aluminum,Protective Box,Home Appliances,8,30.43,2,95.21,4.76,3.436
Bagasse Fiber,Food Tray,Food Packaging,6,8.28,9,70.37,2.18,0.494
Recycled PET,Tile Packaging,Construction,10,20.16,4,93.24,3.86,2.196
Glass,Action Figure Pack,Toys,10,21.19,1,96.07,3.25,1.874
Mushroom Packaging,Assembly Kit Box,Furniture,5,8.53,9,63.31,3.17,0.401
Bagasse Fiber,Spare Parts Box,Automotive,6,8.88,10,74.96,1.02,0.418
Kraft Paper,Action Figure Pack,Toys,6,6.69,9,89.66,1.15,0.671
Corrugated Cardboard,Cream Jar,Cosmetics,8,21.87,7,83.39,1.61,0.755
Corrugated Cardboard,Furniture Carton,Furniture,8,32.01,8,91.29,1.52,0.772
PLA Bioplastic,Spare Parts Box,Automotive,8,13.65,7,63.18,1.5,1.162
PLA Bioplastic,Syringe Pack,Healthcare,6,10.53,6,68.76,2.75,1.202
PLA Bioplastic,Clothing Box,Textiles,8,16.92,6,62.87,1.34,1.218
Mushroom Packaging,Action Figure Pack,Toys,5,15.6,9,77.94,1.32,0.435
Recycled PET,Syringe Pack,Healthcare,9,19.31,2,93.58,3.29,2.158
Aluminum,Action Figure Pack,Toys,10,27.61,1,95.63,3.93,3.525
Aluminum,Battery Packaging,Automotive,10,31.53,1,96.39,5.05,3.431
Bagasse Fiber,Hardware Container,Construction,7,8.39,8,75.46,1.45,0.485
PLA Bioplastic,Assembly Kit Box,Furniture,7,14.25,8,62.44,1.34,1.157
Bagasse Fiber,Battery Packaging,Automotive,5,11.3,10,75.47,2.22,0.451
Recycled PET,Action Figure Pack,Toys,9,17.12,2,88.66,2.87,2.035
Bagasse Fiber,Spare Parts Box,Automotive,6,14.7,10,72.4,1.12,0.562
Corrugated Cardboard,Cosmetic Tube,Cosmetics,9,25.66,9,81.73,1.58,0.879
Mushroom Packaging,Foam Insert Package,Home Appliances,6,10.6,10,75.11,2.38,0.45
Kraft Paper,Makeup Box,Cosmetics,7,9.51,9,91.42,1.03,0.561
Glass,Garment Bag,Textiles,10,30.71,1,96.65,3.84,1.75
PLA Bioplastic,Tile Packaging,Construction,6,12.32,6,54.0,2.66,1.266
Recycled PET,Furniture Carton,Furniture,8,23.58,2,92.0,3.57,2.088
Mushroom Packaging,Appliance Carton,Home Appliances,5,15.73,10,72.78,2.83,0.436
Aluminum,Battery Packaging,Automotive,10,32.41,1,99.54,2.82,3.441
Recycled PET,Fabric Wrap,Textiles,8,26.12,2,87.58,3.6,2.122
Kraft Paper,Tablet Blister Pack,Healthcare,4,8.89,10,92.99,1.11,0.591
Glass,Cosmetic Tube,Cosmetics,10,38.81,2,96.32,4.79,1.789
Glass,Action Figure Pack,Toys,10,32.52,2,96.34,3.45,1.837
PLA Bioplastic,Oil Container,Automotive,6,14.08,6,54.51,2.76,1.174
Mushroom Packaging,Food Tray,Food Packaging,7,13.89,10,61.54,2.87,0.483
Recycled PET,Mobile Box,Electronics,10,25.47,3,91.74,1.78,2.189
PLA Bioplastic,Syringe Pack,Healthcare,8,14.0,7,62.41,1.82,1.23
Recycled PET,Clothing Box,Textiles,10,21.03,2,89.63,3.72,2.085
PLA Bioplastic,Beverage Bottle,Food Packaging,7,11.93,7,66.78,1.09,1.168
Corrugated Cardboard,Takeaway Container,Food Packaging,6,31.65,7,89.12,1.94,0.821
Recycled PET,Furniture Carton,Furniture,10,25.72,3,85.16,3.2,2.129
Aluminum,Protective Cushioning Pack,Furniture,10,34.92,1,98.76,4.39,3.531
Mushroom Packaging,Mobile Box,Electronics,6,12.87,10,73.34,1.82,0.396
Glass,Hardware Container,Construction,10,23.54,2,98.08,3.0,1.753
PLA Bioplastic,Toy Box,Toys,6,12.67,8,58.29,2.88,1.147
Bagasse Fiber,Battery Packaging,Automotive,7,6.03,10,81.62,1.31,0.459
Mushroom Packaging,Furniture Carton,Furniture,5,10.64,9,68.63,2.98,0.427
Mushroom Packaging,Cement Liner Bag,Construction,7,16.08,9,67.48,2.1,0.404
Bagasse Fiber,Foam Insert Package,Home Appliances,5,11.2,10,79.23,1.04,0.425
Recycled PET,Protective Box,Home Appliances,9,15.6,2,91.21,1.53,2.108
Corrugated Cardboard,Food Tray,Food Packaging,6,14.04,7,91.41,1.32,0.718
Glass,Perfume Bottle,Cosmetics,10,36.03,1,98.34,5.9,1.825
Kraft Paper,Electronic Blister Pack,Electronics,4,10.04,9,93.52,0.74,0.557
Mushroom Packaging,Syringe Pack,Healthcare,7,17.5,10,66.3,2.02,0.342
Recycled PET,Battery Packaging,Automotive,9,19.36,3,86.84,2.36,2.168
Bagasse Fiber,Foam Insert Package,Home Appliances,7,8.14,10,74.71,1.68,0.445
Kraft Paper,Pizza Box,Food Packaging,4,8.93,8,87.78,0.83,0.619
Aluminum,Spare Parts Box,Automotive,9,26.36,2,96.99,5.14,3.394
Aluminum,Cement Liner Bag,Construction,8,33.65,1,98.4,4.02,3.519
Bagasse Fiber,Assembly Kit Box,Furniture,5,6.67,10,75.98,1.66,0.526
Aluminum,Toy Box,Toys,9,25.04,1,95.59,2.92,3.435
PLA Bioplastic,Cream Jar,Cosmetics,8,8.81,7,68.29,2.97,1.119
Bagasse Fiber,Mobile Box,Electronics,5,7.14,9,73.49,1.22,0.484
Bagasse Fiber,Board Game Box,Toys,5,6.96,8,73.84,0.92,0.478
Bagasse Fiber,Toy Box,Toys,7,7.18,10,84.66,1.93,0.543
PLA Bioplastic,Perfume Bottle,Cosmetics,7,12.27,8,64.69,2.19,1.303
Kraft Paper,Medicine Box,Healthcare,4,6.42,9,87.55,0.8,0.625
Corrugated Cardboard,Toy Box,Toys,9,29.68,8,88.32,1.13,0.799
PLA Bioplastic,Action Figure Pack,Toys,9,8.92,7,62.98,2.57,1.209
Mushroom Packaging,Beverage Bottle,Food Packaging,6,16.27,9,72.05,1.65,0.444
Aluminum,Assembly Kit Box,Furniture,9,23.43,1,99.09,4.96,3.551
PLA Bioplastic,TV Carton,Electronics,6,13.88,6,61.42,2.3,1.207
PLA Bioplastic,Protective Cushioning Pack,Furniture,7,17.49,7,50.25,1.84,1.236
Glass,Cream Jar,Cosmetics,9,23.4,2,96.96,3.83,1.74
Glass,Spare Parts Box,Automotive,10,29.14,1,99.43,3.03,1.84
Aluminum,Oil Container,Automotive,8,32.53,2,97.62,4.76,3.49
Corrugated Cardboard,Food Tray,Food Packaging,9,14.35,9,80.77,1.27,0.798
PLA Bioplastic,Cream Jar,Cosmetics,8,17.71,7,59.27,1.64,1.237
Corrugated Cardboard,Cream Jar,Cosmetics,8,27.39,7,80.98,1.39,0.771
Mushroom Packaging,Cosmetic Tube,Cosmetics,5,11.05,9,65.81,3.49,0.408
Glass,Tablet Blister Pack,Healthcare,10,24.33,2,95.37,3.74,1.778
Glass,Protective Box,Home Appliances,9,38.61,1,98.4,5.68,1.868
Aluminum,TV Carton,Electronics,10,26.92,1,98.04,3.54,3.466
PLA Bioplastic,Takeaway Container,Food Packaging,9,13.59,7,66.56,1.11,1.224
PLA Bioplastic,Spare Parts Box,Automotive,6,14.62,6,62.76,1.41,1.126
Glass,Toy Box,Toys,9,24.38,2,97.73,3.67,1.77
PLA Bioplastic,Laptop Box,Electronics,8,16.24,7,63.71,1.44,1.275
Corrugated Cardboard,Board Game Box,Toys,7,30.5,9,91.27,0.5,0.84
Corrugated Cardboard,Board Game Box,Toys,6,33.78,9,83.13,1.87,0.875
Aluminum,Protective Box,Home Appliances,10,31.6,1,96.38,5.03,3.553
Bagasse Fiber,Action Figure Pack,Toys,7,14.74,10,72.59,2.06,0.453
Bagasse Fiber,Garment Bag,Textiles,5,6.75,9,81.51,1.09,0.477
PLA Bioplastic,Clothing Box,Textiles,9,9.96,6,57.3,1.24,1.24
Kraft Paper,TV Carton,Electronics,6,14.9,8,92.28,0.38,0.608
Kraft Paper,Protective Box,Home Appliances,7,10.79,9,86.2,1.17,0.595
Mushroom Packaging,Action Figure Pack,Toys,7,10.75,9,68.25,3.34,0.401
Aluminum,Assembly Kit Box,Furniture,8,21.95,2,96.61,3.79,3.494
Corrugated Cardboard,Hardware Container,Construction,8,17.89,7,89.65,0.68,0.862
Glass,Appliance Carton,Home Appliances,9,36.61,2,99.51,4.05,1.829
Bagasse Fiber,Protective Box,Home Appliances,6,12.16,9,78.2,1.39,0.574
Corrugated Cardboard,Hardware Container,Construction,9,24.45,7,82.25,1.06,0.735
Recycled PET,Battery Packaging,Automotive,9,18.54,3,94.73,3.05,2.154
Glass,Cement Liner Bag,Construction,10,22.01,2,95.41,4.87,1.829
Kraft Paper,Fabric Wrap,Textiles,7,6.96,10,89.19,0.43,0.55
Glass,Tablet Blister Pack,Healthcare,10,26.59,2,98.99,2.14,1.756
Mushroom Packaging,Cosmetic Tube,Cosmetics,5,14.68,10,62.49,3.49,0.396
Recycled PET,Spare Parts Box,Automotive,8,28.34,4,94.04,2.08,2.123
Aluminum,Pizza Box,Food Packaging,8,32.99,1,97.22,2.66,3.487
Corrugated Cardboard,Oil Container,Automotive,6,30.76,8,86.28,0.78,0.792
Mushroom Packaging,Action Figure Pack,Toys,6,11.49,10,75.88,1.29,0.405
Glass,Toy Box,Toys,10,24.54,2,97.14,3.57,1.828
PLA Bioplastic,Perfume Bottle,Cosmetics,6,12.98,7,67.81,2.6,1.149
Recycled PET,Beverage Bottle,Food Packaging,10,20.32,3,90.62,2.35,2.154
Recycled PET,Cement Liner Bag,Construction,8,17.62,4,86.8,2.61,2.04
Aluminum,Assembly Kit Box,Furniture,8,30.15,1,96.81,4.53,3.528
Aluminum,Fabric Wrap,Textiles,8,34.51,1,99.06,4.03,3.567
Glass,Clothing Box,Textiles,9,26.99,2,99.52,5.45,1.793
Recycled PET,Medical Container,Healthcare,10,15.59,2,85.6,3.67,2.142
Aluminum,Hardware Container,Construction,10,32.37,2,96.16,2.53,3.484
Corrugated Cardboard,Tablet Blister Pack,Healthcare,6,30.55,8,82.95,1.67,0.74
Corrugated Cardboard,Fabric Wrap,Textiles,8,18.19,9,90.2,1.19,0.698
Corrugated Cardboard,Oil Container,Automotive,7,11.16,7,80.7,1.98,0.791
Aluminum,Takeaway Container,Food Packaging,10,23.68,1,96.37,3.95,3.507
Bagasse Fiber,Protective Box,Home Appliances,6,10.34,10,83.02,2.48,0.481
Kraft Paper,Medicine Box,Healthcare,5,13.82,10,90.65,1.21,0.699
Glass,Oil Container,Automotive,10,27.73,1,98.05,2.99,1.817
Mushroom Packaging,Assembly Kit Box,Furniture,5,12.63,9,64.68,2.44,0.493
Glass,Assembly Kit Box,Furniture,10,25.2,2,95.53,5.97,1.759
Recycled PET,Cosmetic Tube,Cosmetics,10,15.47,4,85.76,3.64,2.075
Glass,Oil Container,Automotive,9,28.87,1,95.76,2.39,1.835
Kraft Paper,Furniture Carton,Furniture,7,9.93,8,86.67,1.15,0.533
Aluminum,Hardware Container,Construction,10,26.04,2,97.95,3.54,3.417
PLA Bioplastic,Laptop Box,Electronics,7,18.2,6,65.76,1.01,1.165
Aluminum,Protective Cushioning Pack,Furniture,8,34.98,1,97.6,3.71,3.447
Kraft Paper,Pizza Box,Food Packaging,7,7.8,10,90.26,0.58,0.58
Glass,Oil Container,Automotive,10,29.34,2,99.97,5.28,1.805
Recycled PET,Action Figure Pack,Toys,9,26.67,2,94.16,2.34,2.091
Mushroom Packaging,Food Tray,Food Packaging,5,17.48,10,66.53,3.1,0.475
Mushroom Packaging,TV Carton,Electronics,6,11.11,10,64.63,1.2,0.413
Recycled PET,Medical Container,Healthcare,10,28.85,4,88.16,2.27,2.104
Corrugated Cardboard,Garment Bag,Textiles,8,22.68,8,81.71,0.86,0.861
Kraft Paper,Protective Cushioning Pack,Furniture,7,13.94,9,86.15,0.58,0.654
Recycled PET,Action Figure Pack,Toys,9,15.48,4,86.07,1.67,2.081
Corrugated Cardboard,Hardware Container,Construction,7,29.25,7,90.09,0.78,0.747
Recycled PET,Board Game Box,Toys,10,22.89,2,88.77,2.89,2.111
Corrugated Cardboard,Tablet Blister Pack,Healthcare,9,12.98,8,90.69,0.94,0.86
Glass,Makeup Box,Cosmetics,10,25.84,2,99.73,3.67,1.831
Corrugated Cardboard,Action Figure Pack,Toys,8,26.79,9,87.08,1.07,0.811
Aluminum,Tile Packaging,Construction,9,32.32,2,98.0,5.13,3.466
Kraft Paper,Medicine Box,Healthcare,4,12.94,8,85.53,1.39,0.564
Aluminum,Hardware Container,Construction,8,31.87,1,99.0,3.98,3.548
Kraft Paper,Makeup Box,Cosmetics,4,14.63,9,89.86,0.7,0.628
Recycled PET,Perfume Bottle,Cosmetics,10,22.38,2,85.48,1.77,2.134
Recycled PET,TV Carton,Electronics,9,28.83,4,88.26,3.88,2.066
Glass,Assembly Kit Box,Furniture,10,34.4,1,99.08,2.24,1.885
Kraft Paper,Foam Insert Package,Home Appliances,4,9.39,9,88.66,0.66,0.659
Mushroom Packaging,Protective Box,Home Appliances,6,16.02,9,62.99,1.89,0.341
PLA Bioplastic,Oil Container,Automotive,9,14.33,6,52.0,1.64,1.214
Corrugated Cardboard,Medicine Box,Healthcare,8,23.63,9,81.3,0.75,0.874
Aluminum,Garment Bag,Textiles,9,27.52,2,95.46,4.85,3.383
PLA Bioplastic,TV Carton,Electronics,7,13.59,8,53.37,1.24,1.204
Mushroom Packaging,Takeaway Container,Food Packaging,6,12.23,10,63.25,2.66,0.412
Aluminum,Appliance Carton,Home Appliances,10,31.59,2,98.68,2.87,3.562
Corrugated Cardboard,Tile Packaging,Construction,6,18.81,9,81.79,0.61,0.789
PLA Bioplastic,Hardware Container,Construction,8,16.74,7,61.62,2.82,1.154
PLA Bioplastic,TV Carton,Electronics,6,12.29,7,51.54,1.38,1.166
Aluminum,Action Figure Pack,Toys,10,25.13,1,96.88,4.96,3.432
Aluminum,Protective Cushioning Pack,Furniture,8,23.79,1,96.35,4.13,3.448
Mushroom Packaging,Toy Box,Toys,6,12.85,10,64.24,1.38,0.503
Aluminum,Oil Container,Automotive,9,24.94,2,98.4,5.37,3.461
Bagasse Fiber,Electronic Blister Pack,Electronics,5,9.07,9,84.89,1.22,0.497
Kraft Paper,Board Game Box,Toys,5,9.97,10,89.66,1.33,0.634
Corrugated Cardboard,Fabric Wrap,Textiles,8,11.46,8,82.41,0.75,0.79
Kraft Paper,Foam Insert Package,Home Appliances,6,9.11,10,90.92,1.32,0.659
PLA Bioplastic,Cement Liner Bag,Construction,7,9.06,7,65.66,1.03,1.203
PLA Bioplastic,Laptop Box,Electronics,8,17.77,8,57.33,2.02,1.165
Corrugated Cardboard,Clothing Box,Textiles,8,25.06,9,89.64,1.65,0.79
Bagasse Fiber,Clothing Box,Textiles,5,8.39,8,82.16,2.39,0.546
Aluminum,Hardware Container,Construction,10,32.4,1,97.43,5.23,3.49
PLA Bioplastic,Mobile Box,Electronics,8,13.62,6,62.74,2.64,1.252
Mushroom Packaging,Pizza Box,Food Packaging,7,12.25,10,70.11,3.24,0.45
PLA Bioplastic,Cream Jar,Cosmetics,8,18.13,8,55.35,1.4,1.238
PLA Bioplastic,Protective Cushioning Pack,Furniture,7,17.43,7,60.24,1.57,1.205
Bagasse Fiber,Foam Insert Package,Home Appliances,6,13.18,8,80.5,1.29,0.432
Bagasse Fiber,Takeaway Container,Food Packaging,7,8.55,8,73.27,1.44,0.581
Glass,Protective Box,Home Appliances,10,21.51,2,95.44,3.57,1.86
Kraft Paper,Garment Bag,Textiles,6,7.94,10,86.67,0.95,0.514
Recycled PET,Electronic Blister Pack,Electronics,9,19.11,2,85.9,1.9,2.16
Corrugated Cardboard,Assembly Kit Box,Furniture,6,27.02,9,83.03,1.54,0.788
Bagasse Fiber,Makeup Box,Cosmetics,5,11.18,10,83.22,1.08,0.487
PLA Bioplastic,Takeaway Container,Food Packaging,8,19.31,7,57.36,1.62,1.067
PLA Bioplastic,Syringe Pack,Healthcare,8,19.52,6,52.96,2.01,1.232
Kraft Paper,Appliance Carton,Home Appliances,5,12.08,10,93.47,1.26,0.624
PLA Bioplastic,Beverage Bottle,Food Packaging,6,16.93,6,69.78,2.48,1.221
PLA Bioplastic,Garment Bag,Textiles,7,17.68,7,69.55,2.29,1.165
Kraft Paper,Mobile Box,Electronics,7,10.59,8,92.73,0.49,0.631
Aluminum,Electronic Blister Pack,Electronics,8,30.09,2,96.23,4.14,3.576
Kraft Paper,Tablet Blister Pack,Healthcare,6,10.33,9,90.24,0.4,0.607
Glass,Medical Container,Healthcare,9,23.39,2,95.39,3.51,1.725
Aluminum,Makeup Box,Cosmetics,10,24.04,1,98.65,3.74,3.513
Recycled PET,Assembly Kit Box,Furniture,9,24.01,4,85.05,1.6,2.12
Corrugated Cardboard,Cement Liner Bag,Construction,9,27.09,8,81.07,0.91,0.708
Glass,Toy Box,Toys,9,21.8,2,99.57,5.82,1.815
Mushroom Packaging,Cosmetic Tube,Cosmetics,7,11.99,9,79.11,3.39,0.54
Corrugated Cardboard,Protective Box,Home Appliances,6,12.44,9,82.89,1.03,0.792
Glass,Assembly Kit Box,Furniture,10,33.68,2,96.84,2.17,1.831
Aluminum,Assembly Kit Box,Furniture,9,28.14,1,98.47,3.04,3.56
PLA Bioplastic,Hardware Container,Construction,6,10.2,6,67.84,1.78,1.134
Bagasse Fiber,Cosmetic Tube,Cosmetics,5,12.6,8,72.67,2.41,0.528
Corrugated Cardboard,Tile Packaging,Construction,7,14.08,7,89.42,0.71,0.786
Corrugated Cardboard,Laptop Box,Electronics,6,14.03,9,91.2,1.65,0.794
Kraft Paper,Syringe Pack,Healthcare,4,5.12,9,92.3,0.43,0.534
Corrugated Cardboard,Spare Parts Box,Automotive,6,13.66,8,84.04,1.97,0.81
Mushroom Packaging,Laptop Box,Electronics,7,14.66,9,71.95,2.08,0.462
PLA Bioplastic,Clothing Box,Textiles,6,10.34,7,61.23,2.55,1.201
Corrugated Cardboard,Action Figure Pack,Toys,8,12.66,9,83.73,1.01,0.833
PLA Bioplastic,Tile Packaging,Construction,8,12.91,6,58.14,2.26,1.22
PLA Bioplastic,Foam Insert Package,Home Appliances,9,9.24,8,52.34,1.38,1.167
Glass,Pizza Box,Food Packaging,10,20.0,1,96.17,2.58,1.802
Kraft Paper,Fabric Wrap,Textiles,6,5.43,9,86.64,1.43,0.473
Corrugated Cardboard,Makeup Box,Cosmetics,9,11.66,9,89.01,1.88,0.787
Kraft Paper,Toy Box,Toys,6,6.94,8,88.42,1.36,0.605
Kraft Paper,Toy Box,Toys,7,5.01,8,92.66,1.05,0.62
Aluminum,Pizza Box,Food Packaging,10,32.48,2,95.48,4.92,3.488
Bagasse Fiber,Fabric Wrap,Textiles,6,13.8,9,84.98,0.92,0.487
PLA Bioplastic,Toy Box,Toys,6,14.51,6,67.53,1.67,1.182
Corrugated Cardboard,Fabric Wrap,Textiles,7,13.11,9,80.78,0.97,0.806
Mushroom Packaging,Beverage Bottle,Food Packaging,6,9.03,9,64.19,2.66,0.46
Corrugated Cardboard,Tile Packaging,Construction,7,32.35,8,89.57,1.03,0.907
Aluminum,Fabric Wrap,Textiles,10,26.18,2,96.92,2.95,3.545
Bagasse Fiber,Board Game Box,Toys,5,11.31,10,79.86,1.81,0.538
Mushroom Packaging,Appliance Carton,Home Appliances,5,15.06,9,72.32,3.07,0.44
Mushroom Packaging,TV Carton,Electronics,5,13.47,9,60.03,2.08,0.391
PLA Bioplastic,Furniture Carton,Furniture,9,8.72,7,55.56,1.26,1.095
Kraft Paper,Board Game Box,Toys,4,8.85,10,94.41,0.54,0.53
Bagasse Fiber,Takeaway Container,Food Packaging,5,11.83,9,72.93,1.2,0.519
PLA Bioplastic,Perfume Bottle,Cosmetics,6,17.95,7,54.02,1.6,1.186
Aluminum,Medical Container,Healthcare,9,21.05,2,95.73,4.43,3.524
Bagasse Fiber,Tile Packaging,Construction,6,8.36,9,72.15,1.82,0.49
Bagasse Fiber,Hardware Container,Construction,7,9.29,9,84.53,1.98,0.506
Aluminum,Toy Box,Toys,10,23.95,2,98.37,3.59,3.505
Kraft Paper,Takeaway Container,Food Packaging,5,9.12,9,87.48,1.29,0.651
Recycled PET,Cream Jar,Cosmetics,9,28.38,4,88.78,2.01,2.138
Bagasse Fiber,Tile Packaging,Construction,5,6.08,10,71.13,1.6,0.501
Aluminum,Cement Liner Bag,Construction,8,33.55,1,97.52,4.9,3.418
PLA Bioplastic,Garment Bag,Textiles,6,15.27,7,52.63,1.36,1.15
Bagasse Fiber,Spare Parts Box,Automotive,6,11.12,8,83.7,0.99,0.565
Bagasse Fiber,Cream Jar,Cosmetics,7,11.18,8,83.54,2.3,0.428
Kraft Paper,Perfume Bottle,Cosmetics,7,9.03,9,92.27,0.71,0.595
Bagasse Fiber,Garment Bag,Textiles,5,9.96,9,73.47,1.96,0.449
Corrugated Cardboard,Tablet Blister Pack,Healthcare,7,14.93,9,89.25,0.54,0.733
Bagasse Fiber,Makeup Box,Cosmetics,7,9.14,10,71.17,1.97,0.463
Kraft Paper,Beverage Bottle,Food Packaging,6,11.8,9,91.1,0.68,0.534
Bagasse Fiber,Assembly Kit Box,Furniture,5,12.3,10,82.51,0.89,0.489
Corrugated Cardboard,Spare Parts Box,Automotive,6,19.38,9,88.7,1.41,0.814
Mushroom Packaging,Oil Container,Automotive,6,17.73,9,71.98,1.75,0.472
Mushroom Packaging,Tablet Blister Pack,Healthcare,6,16.16,10,75.35,2.09,0.335
PLA Bioplastic,Spare Parts Box,Automotive,8,16.84,8,55.71,1.16,1.21
Aluminum,Assembly Kit Box,Furniture,8,20.96,2,96.47,2.94,3.399
Kraft Paper,Laptop Box,Electronics,4,8.45,10,87.09,0.66,0.611
PLA Bioplastic,Garment Bag,Textiles,7,19.14,7,52.71,1.18,1.209
Aluminum,Cosmetic Tube,Cosmetics,9,28.88,1,99.18,5.23,3.422
Corrugated Cardboard,Action Figure Pack,Toys,7,15.6,7,91.43,0.51,0.711
Glass,Spare Parts Box,Automotive,10,33.79,2,98.06,3.94,1.804
Bagasse Fiber,Protective Box,Home Appliances,7,14.18,8,76.19,1.01,0.587
Bagasse Fiber,Medicine Box,Healthcare,7,6.85,9,77.43,1.32,0.533
Recycled PET,Tablet Blister Pack,Healthcare,8,17.43,3,85.3,3.82,2.115
PLA Bioplastic,Medical Container,Healthcare,8,13.68,8,51.32,1.32,1.162
Mushroom Packaging,Mobile Box,Electronics,7,17.3,9,77.68,3.42,0.434
Glass,Action Figure Pack,Toys,9,33.25,1,95.21,2.82,1.738
Kraft Paper,Fabric Wrap,Textiles,7,14.11,9,86.81,1.19,0.561
Mushroom Packaging,Makeup Box,Cosmetics,7,15.68,10,76.22,2.46,0.388
Kraft Paper,Garment Bag,Textiles,4,7.43,8,93.36,1.36,0.573
Aluminum,Beverage Bottle,Food Packaging,10,25.7,2,96.86,4.16,3.571
Bagasse Fiber,Medical Container,Healthcare,7,7.52,8,74.0,1.71,0.521
Recycled PET,Food Tray,Food Packaging,9,29.24,2,94.5,1.99,2.118
Aluminum,Protective Box,Home Appliances,8,26.74,1,96.06,3.0,3.465
Glass,Medical Container,Healthcare,9,21.23,1,96.95,5.67,1.975
Glass,Laptop Box,Electronics,10,26.55,1,96.12,3.31,1.842
Corrugated Cardboard,Laptop Box,Electronics,8,34.97,8,91.24,1.06,0.79
Bagasse Fiber,Appliance Carton,Home Appliances,5,11.42,10,78.07,2.09,0.55
Bagasse Fiber,Protective Cushioning Pack,Furniture,6,6.83,8,82.29,1.38,0.447
Kraft Paper,Tile Packaging,Construction,6,6.71,9,85.34,1.44,0.63
Glass,Oil Container,Automotive,10,28.42,2,99.77,4.95,1.848
Aluminum,Hardware Container,Construction,10,29.93,1,98.46,4.29,3.52
Bagasse Fiber,Foam Insert Package,Home Appliances,7,7.91,10,71.48,2.3,0.457
Aluminum,Assembly Kit Box,Furniture,8,25.19,1,99.36,2.65,3.545
Aluminum,Battery Packaging,Automotive,9,22.07,1,98.12,3.27,3.477
Corrugated Cardboard,Action Figure Pack,Toys,7,29.31,9,86.51,1.2,0.73
Mushroom Packaging,Clothing Box,Textiles,7,8.06,10,60.59,1.72,0.38
Recycled PET,Medical Container,Healthcare,8,23.12,4,88.72,3.36,2.163
Bagasse Fiber,Cosmetic Tube,Cosmetics,5,12.94,8,77.39,2.36,0.524
Bagasse Fiber,Garment Bag,Textiles,7,10.23,8,81.21,1.52,0.46
Kraft Paper,Battery Packaging,Automotive,4,13.41,9,93.55,0.71,0.617
Bagasse Fiber,Clothing Box,Textiles,5,9.76,9,72.24,2.43,0.51
Bagasse Fiber,Garment Bag,Textiles,5,8.0,8,73.79,1.56,0.569
Corrugated Cardboard,Furniture Carton,Furniture,7,27.46,8,82.1,1.23,0.851
Mushroom Packaging,Medical Container,Healthcare,5,15.24,10,63.69,2.01,0.427
Mushroom Packaging,Tablet Blister Pack,Healthcare,7,11.0,10,76.95,3.29,0.45
Aluminum,Protective Cushioning Pack,Furniture,9,25.24,2,99.91,4.21,3.5
Kraft Paper,Action Figure Pack,Toys,5,7.63,9,90.57,1.21,0.534
Aluminum,Oil Container,Automotive,10,20.64,1,99.49,4.94,3.54
Recycled PET,Makeup Box,Cosmetics,9,29.68,2,86.06,2.35,2.06
Kraft Paper,Beverage Bottle,Food Packaging,4,13.21,10,86.37,0.82,0.653
Corrugated Cardboard,Foam Insert Package,Home Appliances,9,27.43,8,80.14,1.77,0.8
Mushroom Packaging,Fabric Wrap,Textiles,6,15.27,9,72.31,2.04,0.419
Corrugated Cardboard,Action Figure Pack,Toys,6,19.5,9,86.05,1.69,0.84
Aluminum,Spare Parts Box,Automotive,8,26.74,1,95.11,5.32,3.487
PLA Bioplastic,Tablet Blister Pack,Healthcare,9,13.98,7,59.39,2.25,1.15
Glass,Laptop Box,Electronics,9,37.52,1,97.39,4.97,1.729
PLA Bioplastic,Oil Container,Automotive,8,12.44,6,52.75,2.61,1.151
Mushroom Packaging,Foam Insert Package,Home Appliances,5,16.47,10,61.86,3.14,0.481
Recycled PET,Mobile Box,Electronics,8,15.22,2,88.96,2.49,2.19
Kraft Paper,Medicine Box,Healthcare,4,10.23,8,94.44,0.36,0.615
Corrugated Cardboard,Cream Jar,Cosmetics,8,26.15,7,88.06,1.1,0.837
Mushroom Packaging,Tablet Blister Pack,Healthcare,7,12.4,10,60.52,2.75,0.351
PLA Bioplastic,Pizza Box,Food Packaging,9,17.09,8,60.39,1.9,1.147
Glass,Hardware Container,Construction,9,25.34,2,98.96,5.0,1.814
Aluminum,Tile Packaging,Construction,8,34.77,1,97.33,3.57,3.441
Glass,Mobile Box,Electronics,10,39.15,2,97.38,4.54,1.797
Corrugated Cardboard,Mobile Box,Electronics,8,31.26,8,84.29,0.78,0.852
PLA Bioplastic,Clothing Box,Textiles,9,15.67,6,50.42,2.5,1.187
Glass,Oil Container,Automotive,9,29.28,2,98.18,4.18,1.875
Kraft Paper,Makeup Box,Cosmetics,6,13.61,9,93.89,0.54,0.65
Corrugated Cardboard,Toy Box,Toys,8,14.08,7,87.22,0.94,0.82
Glass,Furniture Carton,Furniture,10,36.32,1,98.95,4.99,1.892
Aluminum,Medical Container,Healthcare,10,26.09,2,99.6,3.95,3.368
Aluminum,Oil Container,Automotive,9,22.27,1,97.71,3.15,3.387
Corrugated Cardboard,Fabric Wrap,Textiles,8,26.31,8,91.23,1.95,0.799
Kraft Paper,Furniture Carton,Furniture,5,6.52,10,88.0,1.16,0.615
Aluminum,Action Figure Pack,Toys,9,23.54,1,99.76,5.37,3.497
Aluminum,Laptop Box,Electronics,9,28.36,2,97.08,3.78,3.521
Mushroom Packaging,Oil Container,Automotive,6,10.97,9,76.02,2.29,0.419
Corrugated Cardboard,Clothing Box,Textiles,8,27.93,7,87.63,1.85,0.844
Kraft Paper,Makeup Box,Cosmetics,7,12.34,8,88.03,0.93,0.688
PLA Bioplastic,Board Game Box,Toys,7,18.07,7,68.26,2.41,1.224
PLA Bioplastic,Makeup Box,Cosmetics,8,12.88,7,61.67,1.5,1.17
Bagasse Fiber,Furniture Carton,Furniture,7,12.83,8,79.06,1.56,0.496
PLA Bioplastic,Fabric Wrap,Textiles,9,19.03,6,50.09,1.25,1.285
Recycled PET,Battery Packaging,Automotive,8,29.24,2,90.12,2.01,2.043
Glass,Action Figure Pack,Toys,10,22.6,1,96.63,2.0,1.785
Glass,Medicine Box,Healthcare,10,23.88,2,95.94,2.16,1.833
Recycled PET,Garment Bag,Textiles,9,29.72,3,92.25,3.94,2.103
Aluminum,Beverage Bottle,Food Packaging,8,20.26,1,98.74,3.23,3.448
Recycled PET,Garment Bag,Textiles,9,15.0,4,88.9,3.16,2.122
PLA Bioplastic,Toy Box,Toys,9,14.43,8,54.48,2.68,1.216
Bagasse Fiber,Clothing Box,Textiles,6,9.65,9,84.56,1.74,0.382
Glass,TV Carton,Electronics,10,24.93,1,95.83,2.61,1.814
Corrugated Cardboard,Hardware Container,Construction,6,13.65,7,91.84,1.59,0.709
Aluminum,Food Tray,Food Packaging,10,24.75,2,95.51,4.3,3.488
Mushroom Packaging,Oil Container,Automotive,7,8.73,9,65.35,2.88,0.511
Aluminum,Beverage Bottle,Food Packaging,10,32.78,1,95.17,4.81,3.56
Glass,Cement Liner Bag,Construction,10,26.79,2,98.84,5.9,1.833
PLA Bioplastic,Hardware Container,Construction,8,15.37,8,63.62,2.15,1.243
PLA Bioplastic,Electronic Blister Pack,Electronics,9,9.45,6,55.78,1.68,1.22
Kraft Paper,Spare Parts Box,Automotive,4,14.55,8,86.77,1.08,0.57
Mushroom Packaging,Oil Container,Automotive,7,16.3,9,79.95,1.36,0.467
Aluminum,Garment Bag,Textiles,10,27.25,2,99.58,5.19,3.5
Aluminum,Pizza Box,Food Packaging,8,21.53,2,96.95,2.86,3.449
Glass,Protective Box,Home Appliances,9,30.9,1,97.03,3.31,1.746
PLA Bioplastic,Hardware Container,Construction,8,19.01,8,64.74,2.63,1.221
Aluminum,Cement Liner Bag,Construction,9,30.63,1,96.12,4.29,3.488
Glass,Makeup Box,Cosmetics,9,23.58,2,98.69,3.57,1.855
Corrugated Cardboard,Clothing Box,Textiles,9,28.41,7,87.68,1.21,0.689
Aluminum,Appliance Carton,Home Appliances,9,23.58,1,99.94,5.06,3.475
Glass,Hardware Container,Construction,10,30.65,1,98.65,3.36,1.807
Recycled PET,Medicine Box,Healthcare,8,28.92,2,93.84,3.67,2.052
Kraft Paper,Cement Liner Bag,Construction,5,6.03,10,91.05,0.41,0.596
Recycled PET,Protective Cushioning Pack,Furniture,9,20.5,3,86.02,3.44,2.152
Corrugated Cardboard,Garment Bag,Textiles,6,14.58,8,90.69,1.77,0.759
PLA Bioplastic,Mobile Box,Electronics,6,11.16,7,65.55,1.36,1.266
Kraft Paper,Oil Container,Automotive,4,8.17,8,85.68,0.82,0.556
Aluminum,TV Carton,Electronics,8,29.78,1,95.09,3.0,3.466
Glass,Hardware Container,Construction,9,27.91,1,99.9,4.83,1.713
Corrugated Cardboard,Protective Box,Home Appliances,6,12.97,7,81.56,1.3,0.8
Bagasse Fiber,Spare Parts Box,Automotive,5,7.95,8,73.6,1.88,0.477
Mushroom Packaging,Oil Container,Automotive,5,8.7,10,69.0,1.65,0.353
Corrugated Cardboard,Electronic Blister Pack,Electronics,6,22.09,9,81.62,0.82,0.803
Kraft Paper,Spare Parts Box,Automotive,5,7.3,8,86.07,0.35,0.609
Glass,TV Carton,Electronics,9,20.56,1,97.74,3.29,1.814
Bagasse Fiber,Foam Insert Package,Home Appliances,7,8.87,8,72.53,1.75,0.483
Bagasse Fiber,Assembly Kit Box,Furniture,6,14.53,8,80.27,2.26,0.385
Corrugated Cardboard,Assembly Kit Box,Furniture,9,15.58,8,88.33,1.5,0.818
Corrugated Cardboard,Garment Bag,Textiles,8,26.01,8,84.62,1.15,0.759
Mushroom Packaging,Food Tray,Food Packaging,6,16.92,10,77.49,3.39,0.429
Kraft Paper,Cement Liner Bag,Construction,7,11.04,10,85.99,1.16,0.574
Mushroom Packaging,Medicine Box,Healthcare,7,8.06,10,75.46,3.34,0.404
Glass,Tile Packaging,Construction,9,33.29,1,98.66,4.11,1.76
Mushroom Packaging,Medical Container,Healthcare,7,17.77,10,78.87,1.8,0.418
Corrugated Cardboard,Cement Liner Bag,Construction,6,20.08,9,83.71,0.58,0.806
Recycled PET,Furniture Carton,Furniture,9,23.51,4,89.61,3.32,2.078
PLA Bioplastic,Battery Packaging,Automotive,8,13.33,7,67.25,1.24,1.222
Aluminum,Tablet Blister Pack,Healthcare,8,31.63,2,97.39,3.41,3.58
Aluminum,Beverage Bottle,Food Packaging,8,34.94,1,95.51,4.1,3.489
Bagasse Fiber,Foam Insert Package,Home Appliances,5,6.09,8,82.83,1.76,0.51
Aluminum,Medicine Box,Healthcare,10,27.28,1,99.08,4.3,3.459
Mushroom Packaging,Beverage Bottle,Food Packaging,7,16.27,10,71.8,1.58,0.472
Corrugated Cardboard,Food Tray,Food Packaging,9,20.72,9,83.44,1.07,0.747
PLA Bioplastic,Protective Cushioning Pack,Furniture,6,12.23,7,68.09,2.23,1.233
PLA Bioplastic,Tile Packaging,Construction,8,16.47,6,64.03,2.94,1.169
Glass,Electronic Blister Pack,Electronics,10,32.86,2,96.54,4.91,1.875
PLA Bioplastic,Makeup Box,Cosmetics,8,15.6,6,52.19,2.85,1.241
Kraft Paper,Protective Box,Home Appliances,7,5.53,9,87.65,1.21,0.569
Aluminum,Protective Cushioning Pack,Furniture,9,34.55,2,96.57,4.28,3.515
Aluminum,Spare Parts Box,Automotive,9,27.78,1,97.06,3.08,3.533
Glass,Cosmetic Tube,Cosmetics,10,34.21,1,98.64,4.67,1.854
Kraft Paper,Electronic Blister Pack,Electronics,5,6.88,10,89.35,1.05,0.536
Glass,Protective Cushioning Pack,Furniture,9,31.77,2,98.75,4.41,1.839
Mushroom Packaging,Fabric Wrap,Textiles,6,16.39,9,76.37,2.33,0.401
PLA Bioplastic,Cosmetic Tube,Cosmetics,9,11.27,8,54.72,2.06,1.165
Corrugated Cardboard,Toy Box,Toys,7,19.46,9,80.86,1.0,0.843
PLA Bioplastic,Pizza Box,Food Packaging,6,10.28,7,57.6,2.04,1.189
Aluminum,Garment Bag,Textiles,10,29.05,1,98.41,3.09,3.55
Mushroom Packaging,Medical Container,Healthcare,6,15.97,10,72.74,3.05,0.506
Glass,Toy Box,Toys,9,21.72,2,98.23,2.74,1.813
Corrugated Cardboard,Hardware Container,Construction,6,11.44,7,83.56,0.63,0.742
Corrugated Cardboard,Takeaway Container,Food Packaging,8,21.77,7,82.11,1.15,0.871
Recycled PET,Cream Jar,Cosmetics,9,18.45,4,85.33,3.15,2.163
PLA Bioplastic,Beverage Bottle,Food Packaging,7,13.87,8,64.13,1.88,1.243
Glass,Fabric Wrap,Textiles,9,32.36,2,96.4,3.11,1.821
Glass,Oil Container,Automotive,10,27.22,2,97.34,4.23,1.807
Recycled PET,Furniture Carton,Furniture,10,25.43,3,87.79,2.37,2.052
Aluminum,Medical Container,Healthcare,9,32.74,2,98.49,5.3,3.468
Aluminum,Laptop Box,Electronics,8,34.57,2,97.27,5.27,3.529
Bagasse Fiber,Pizza Box,Food Packaging,6,10.12,9,73.14,1.65,0.477
Bagasse Fiber,Board Game Box,Toys,7,12.83,8,83.97,1.36,0.487
Corrugated Cardboard,Assembly Kit Box,Furniture,6,12.36,7,90.46,1.61,0.743
Kraft Paper,Furniture Carton,Furniture,7,12.21,9,85.0,0.34,0.678
Bagasse Fiber,Fabric Wrap,Textiles,7,9.5,8,83.82,1.61,0.461
Glass,Pizza Box,Food Packaging,10,27.27,2,99.32,3.35,1.685
Glass,Spare Parts Box,Automotive,9,20.2,2,99.6,5.68,1.845
Recycled PET,Fabric Wrap,Textiles,10,17.98,3,94.66,1.53,2.07
Aluminum,Pizza Box,Food Packaging,8,20.89,1,95.61,4.16,3.555
Recycled PET,Appliance Carton,Home Appliances,9,16.31,3,94.27,3.35,2.094
Aluminum,Protective Cushioning Pack,Furniture,9,30.47,2,96.64,3.96,3.501
Bagasse Fiber,Furniture Carton,Furniture,5,8.08,9,75.84,0.95,0.472
Kraft Paper,Assembly Kit Box,Furniture,7,11.19,8,91.07,1.47,0.591
Recycled PET,Protective Cushioning Pack,Furniture,8,22.13,2,85.01,2.8,2.088
Mushroom Packaging,Medical Container,Healthcare,7,14.98,9,76.85,2.61,0.452
Corrugated Cardboard,Spare Parts Box,Automotive,7,34.08,8,88.86,0.85,0.754
Aluminum,Oil Container,Automotive,10,27.44,2,99.99,3.95,3.563
Recycled PET,Furniture Carton,Furniture,8,24.18,4,85.13,2.57,2.122
Corrugated Cardboard,Makeup Box,Cosmetics,6,25.52,7,80.69,0.61,0.766
Kraft Paper,Cream Jar,Cosmetics,6,7.05,10,86.79,0.43,0.567
Aluminum,Foam Insert Package,Home Appliances,8,20.81,2,99.97,5.01,3.487
Bagasse Fiber,Oil Container,Automotive,5,8.55,10,73.66,1.21,0.59
Kraft Paper,Pizza Box,Food Packaging,4,9.51,9,91.17,0.53,0.641
Mushroom Packaging,Tablet Blister Pack,Healthcare,5,11.14,9,73.79,2.36,0.474
PLA Bioplastic,TV Carton,Electronics,8,16.55,8,53.52,2.54,1.214
Mushroom Packaging,Takeaway Container,Food Packaging,6,9.34,10,60.48,1.34,0.356
Glass,Board Game Box,Toys,10,30.49,1,98.11,4.31,1.777
Glass,Tile Packaging,Construction,9,24.57,2,99.35,2.48,1.744
Glass,Medicine Box,Healthcare,9,38.22,2,98.61,2.15,1.826
Aluminum,Protective Cushioning Pack,Furniture,9,22.84,2,98.61,2.66,3.467
Kraft Paper,Makeup Box,Cosmetics,7,11.86,10,94.08,1.3,0.5
PLA Bioplastic,Cement Liner Bag,Construction,7,17.2,8,60.33,1.24,1.215
Mushroom Packaging,Tile Packaging,Construction,6,15.42,9,66.94,1.3,0.432
Glass,Assembly Kit Box,Furniture,9,29.88,2,99.41,3.75,1.883
PLA Bioplastic,Clothing Box,Textiles,6,19.76,7,58.48,2.69,1.201
Mushroom Packaging,Makeup Box,Cosmetics,5,13.09,10,77.26,1.8,0.363
PLA Bioplastic,Battery Packaging,Automotive,6,10.01,6,56.69,1.84,1.221
Corrugated Cardboard,Cream Jar,Cosmetics,8,27.09,7,91.38,0.56,0.799
Mushroom Packaging,Fabric Wrap,Textiles,6,14.68,10,60.51,2.23,0.374
Corrugated Cardboard,Oil Container,Automotive,9,28.55,7,81.36,1.37,0.829
Glass,Pizza Box,Food Packaging,9,32.02,2,98.44,4.28,1.739
Kraft Paper,Spare Parts Box,Automotive,6,10.38,8,94.7,0.7,0.54
Mushroom Packaging,Medical Container,Healthcare,6,15.3,10,65.4,1.93,0.487
Aluminum,Perfume Bottle,Cosmetics,10,29.55,1,98.44,2.82,3.449
Recycled PET,Hardware Container,Construction,10,19.67,4,86.69,2.42,2.188
Mushroom Packaging,Cream Jar,Cosmetics,5,14.02,9,73.32,1.43,0.465
Kraft Paper,Clothing Box,Textiles,6,14.16,8,93.19,1.22,0.537
Bagasse Fiber,Assembly Kit Box,Furniture,6,13.24,10,84.22,2.44,0.467
Recycled PET,Cream Jar,Cosmetics,8,18.42,3,92.95,3.93,2.006
Bagasse Fiber,Tile Packaging,Construction,7,6.29,9,76.22,2.27,0.557
Mushroom Packaging,Mobile Box,Electronics,6,16.54,10,68.25,2.58,0.3
Mushroom Packaging,Appliance Carton,Home Appliances,6,8.07,9,63.38,2.81,0.383
Bagasse Fiber,Oil Container,Automotive,6,6.21,10,71.09,1.28,0.527
Glass,Syringe Pack,Healthcare,9,37.83,2,96.07,4.52,1.961
Mushroom Packaging,Makeup Box,Cosmetics,6,12.56,10,60.24,2.25,0.391
Bagasse Fiber,Tile Packaging,Construction,5,6.57,10,74.67,1.62,0.604
Recycled PET,Garment Bag,Textiles,9,28.64,2,91.63,3.39,2.085
Glass,Tile Packaging,Construction,9,32.56,1,95.92,3.13,1.797
PLA Bioplastic,Action Figure Pack,Toys,9,18.53,7,65.22,1.64,1.214
Kraft Paper,Mobile Box,Electronics,7,10.89,8,89.1,1.41,0.581
PLA Bioplastic,Hardware Container,Construction,7,9.08,6,68.21,1.11,1.192
Mushroom Packaging,Tile Packaging,Construction,6,15.7,9,73.65,2.32,0.381
Recycled PET,Perfume Bottle,Cosmetics,10,17.76,4,90.12,3.78,2.106
Aluminum,Mobile Box,Electronics,9,20.22,2,96.78,4.33,3.504
Bagasse Fiber,Garment Bag,Textiles,7,14.89,10,80.59,1.73,0.387
Bagasse Fiber,Battery Packaging,Automotive,7,14.74,9,70.28,1.22,0.464
Corrugated Cardboard,Board Game Box,Toys,9,11.5,8,80.23,1.01,0.77
Corrugated Cardboard,Tile Packaging,Construction,6,32.51,7,87.81,1.78,0.866
Kraft Paper,Pizza Box,Food Packaging,4,14.06,8,85.15,0.97,0.51
Mushroom Packaging,Fabric Wrap,Textiles,5,16.67,10,63.95,2.38,0.411
Glass,Hardware Container,Construction,9,33.95,2,96.99,2.4,1.755
Glass,Oil Container,Automotive,10,37.28,2,99.7,2.06,1.829
Mushroom Packaging,Cement Liner Bag,Construction,7,14.75,10,66.91,3.42,0.363
Corrugated Cardboard,Cement Liner Bag,Construction,7,17.22,7,80.39,1.07,0.78
Bagasse Fiber,Medicine Box,Healthcare,5,6.39,8,76.9,1.83,0.476
Mushroom Packaging,Toy Box,Toys,6,8.54,9,60.45,1.38,0.372
Kraft Paper,Protective Cushioning Pack,Furniture,7,11.9,9,87.85,1.12,0.626
Bagasse Fiber,Food Tray,Food Packaging,7,10.69,10,78.75,2.39,0.519
Recycled PET,Action Figure Pack,Toys,10,18.68,3,89.66,2.94,2.133
PLA Bioplastic,Oil Container,Automotive,8,18.93,7,58.51,1.25,1.207
Corrugated Cardboard,Assembly Kit Box,Furniture,6,24.82,9,84.04,1.37,0.761
PLA Bioplastic,Pizza Box,Food Packaging,7,10.59,8,69.61,2.53,1.127
Glass,Electronic Blister Pack,Electronics,10,38.65,1,95.95,3.63,1.793
Kraft Paper,Cream Jar,Cosmetics,5,12.53,10,90.6,1.36,0.616
Kraft Paper,Battery Packaging,Automotive,4,9.22,9,86.5,1.08,0.603
Glass,Battery Packaging,Automotive,9,27.23,2,97.49,5.6,1.828
Recycled PET,Food Tray,Food Packaging,8,20.97,2,94.72,3.06,2.123
Recycled PET,Garment Bag,Textiles,9,19.44,3,86.24,1.83,2.127
Recycled PET,Tablet Blister Pack,Healthcare,8,23.56,2,88.33,2.27,2.098
Kraft Paper,Spare Parts Box,Automotive,5,9.94,10,91.93,0.54,0.609
Recycled PET,Fabric Wrap,Textiles,8,25.5,4,94.46,3.77,2.131
Recycled PET,Tile Packaging,Construction,9,27.23,3,93.53,3.4,2.071
PLA Bioplastic,Action Figure Pack,Toys,8,17.97,6,68.28,2.35,1.131
Aluminum,Board Game Box,Toys,10,33.15,1,96.84,3.4,3.491
Recycled PET,Assembly Kit Box,Furniture,9,16.31,4,86.02,1.96,2.124
Bagasse Fiber,Medical Container,Healthcare,7,13.82,8,76.73,2.09,0.52
Recycled PET,Medical Container,Healthcare,8,24.99,4,94.79,2.69,2.045
Corrugated Cardboard,Furniture Carton,Furniture,9,20.89,7,81.27,0.84,0.786
Kraft Paper,Foam Insert Package,Home Appliances,4,12.48,9,92.54,1.04,0.479
Kraft Paper,Oil Container,Automotive,5,8.87,9,88.0,0.35,0.622
PLA Bioplastic,Tile Packaging,Construction,6,8.08,6,54.64,1.65,1.166
Mushroom Packaging,Clothing Box,Textiles,5,11.79,10,75.85,2.28,0.432
Mushroom Packaging,Hardware Container,Construction,5,10.98,10,71.14,1.54,0.461
Recycled PET,Clothing Box,Textiles,9,20.2,2,90.83,3.96,2.057
Bagasse Fiber,Fabric Wrap,Textiles,6,8.45,9,72.34,1.16,0.464
PLA Bioplastic,Garment Bag,Textiles,8,9.64,7,50.0,1.26,1.179
Glass,Medical Container,Healthcare,10,23.42,2,97.95,2.81,1.717
Corrugated Cardboard,Tile Packaging,Construction,9,22.62,7,83.2,1.65,0.787
Kraft Paper,Protective Box,Home Appliances,6,11.98,8,85.65,0.81,0.565
Recycled PET,Food Tray,Food Packaging,8,22.79,4,86.79,2.91,2.115
Mushroom Packaging,Cement Liner Bag,Construction,6,8.64,9,76.1,1.25,0.422
Recycled PET,TV Carton,Electronics,8,21.51,4,91.54,1.59,2.092
Aluminum,Cement Liner Bag,Construction,9,22.02,2,98.16,3.84,3.507
Mushroom Packaging,Furniture Carton,Furniture,5,13.48,10,74.96,3.08,0.466
Kraft Paper,Pizza Box,Food Packaging,7,9.62,9,86.62,1.36,0.581
Corrugated Cardboard,Fabric Wrap,Textiles,6,15.35,9,90.34,0.63,0.763
Glass,Cream Jar,Cosmetics,10,31.47,2,99.29,4.15,1.798
Kraft Paper,Appliance Carton,Home Appliances,5,6.58,9,94.78,1.4,0.588
Recycled PET,Makeup Box,Cosmetics,10,15.19,2,88.34,2.47,2.132
Glass,Furniture Carton,Furniture,9,34.0,1,98.71,5.32,1.743
Recycled PET,Protective Cushioning Pack,Furniture,9,16.74,3,85.94,1.83,2.056
Recycled PET,Protective Box,Home Appliances,8,21.78,2,88.26,3.84,2.171
Kraft Paper,Takeaway Container,Food Packaging,5,7.55,10,89.4,1.2,0.606
Kraft Paper,Protective Cushioning Pack,Furniture,4,10.91,8,89.21,1.43,0.619
Kraft Paper,Battery Packaging,Automotive,7,9.6,9,93.23,1.11,0.666
Corrugated Cardboard,Medicine Box,Healthcare,7,29.6,9,91.86,1.05,0.826
Kraft Paper,Clothing Box,Textiles,6,13.18,9,94.63,1.43,0.631
Corrugated Cardboard,Electronic Blister Pack,Electronics,6,19.57,8,89.28,0.91,0.796
PLA Bioplastic,TV Carton,Electronics,7,18.28,8,68.68,1.66,1.221
Mushroom Packaging,Beverage Bottle,Food Packaging,5,13.64,10,64.33,2.81,0.473
Corrugated Cardboard,Protective Cushioning Pack,Furniture,8,24.44,9,88.59,1.65,0.821
Kraft Paper,Toy Box,Toys,5,13.62,10,91.07,1.42,0.688
Mushroom Packaging,Furniture Carton,Furniture,7,9.81,10,75.16,1.67,0.338
Kraft Paper,Appliance Carton,Home Appliances,7,5.28,8,87.08,1.26,0.594
Recycled PET,Battery Packaging,Automotive,8,18.42,4,91.45,3.35,2.096
Kraft Paper,Protective Cushioning Pack,Furniture,5,12.84,8,89.53,0.38,0.61
Glass,Protective Box,Home Appliances,10,32.3,2,99.76,3.55,1.817
Bagasse Fiber,Cosmetic Tube,Cosmetics,7,7.84,8,79.73,1.28,0.459
Corrugated Cardboard,Tile Packaging,Construction,7,18.38,8,86.17,0.96,0.788
Glass,Mobile Box,Electronics,9,34.56,2,97.83,5.93,1.759
Bagasse Fiber,Toy Box,Toys,7,14.22,9,72.16,1.89,0.571
Mushroom Packaging,Pizza Box,Food Packaging,7,9.35,9,66.87,2.85,0.322
Mushroom Packaging,Perfume Bottle,Cosmetics,7,11.16,9,72.31,3.45,0.371
Kraft Paper,Protective Cushioning Pack,Furniture,6,11.69,10,89.97,0.75,0.605
Kraft Paper,Appliance Carton,Home Appliances,4,14.46,10,89.12,1.26,0.525
Aluminum,Battery Packaging,Automotive,9,27.16,1,95.52,3.8,3.538
Bagasse Fiber,Protective Box,Home Appliances,5,7.18,8,84.12,2.28,0.567
Bagasse Fiber,Syringe Pack,Healthcare,6,6.47,8,81.3,1.11,0.548
Glass,Takeaway Container,Food Packaging,9,25.27,2,95.1,5.79,1.796
Recycled PET,Assembly Kit Box,Furniture,10,23.29,2,89.71,2.05,2.092
Recycled PET,Board Game Box,Toys,9,29.33,3,90.33,2.32,2.103
Corrugated Cardboard,Board Game Box,Toys,7,34.96,9,91.94,1.63,0.822
Glass,Syringe Pack,Healthcare,9,22.46,2,99.6,3.58,1.808
Bagasse Fiber,Perfume Bottle,Cosmetics,6,11.02,9,71.37,1.83,0.488
PLA Bioplastic,Laptop Box,Electronics,8,18.46,6,66.32,1.89,1.126
PLA Bioplastic,Fabric Wrap,Textiles,8,8.89,7,58.11,2.48,1.201
Kraft Paper,TV Carton,Electronics,5,12.73,10,90.09,0.57,0.604
Bagasse Fiber,Battery Packaging,Automotive,5,6.76,9,73.9,0.9,0.63
Corrugated Cardboard,Tablet Blister Pack,Healthcare,7,25.29,7,83.91,0.95,0.841
Kraft Paper,Appliance Carton,Home Appliances,5,8.57,9,89.95,0.87,0.605
Aluminum,Food Tray,Food Packaging,8,32.51,2,95.62,3.0,3.423
Kraft Paper,Protective Cushioning Pack,Furniture,5,8.48,8,90.91,0.73,0.619
PLA Bioplastic,Board Game Box,Toys,9,14.3,6,60.85,1.8,1.151
Kraft Paper,Perfume Bottle,Cosmetics,6,6.55,10,89.81,0.37,0.595
Bagasse Fiber,Foam Insert Package,Home Appliances,7,12.81,10,79.37,1.79,0.546
Recycled PET,Appliance Carton,Home Appliances,8,19.68,3,90.75,3.71,2.138
Aluminum,Foam Insert Package,Home Appliances,9,22.14,1,95.03,2.96,3.544
Corrugated Cardboard,Tablet Blister Pack,Healthcare,6,32.35,9,90.37,1.4,0.804
Aluminum,Beverage Bottle,Food Packaging,9,30.54,2,95.91,4.49,3.517
Mushroom Packaging,Cream Jar,Cosmetics,5,8.7,9,64.4,2.16,0.391
PLA Bioplastic,Fabric Wrap,Textiles,6,15.12,7,53.43,2.4,1.18
Kraft Paper,Clothing Box,Textiles,5,9.48,9,90.4,0.79,0.679
Kraft Paper,Electronic Blister Pack,Electronics,5,10.4,10,86.83,0.91,0.638
PLA Bioplastic,Appliance Carton,Home Appliances,8,13.14,6,57.49,1.01,1.159
Corrugated Cardboard,Mobile Box,Electronics,8,15.9,8,87.0,1.54,0.757
Corrugated Cardboard,Pizza Box,Food Packaging,7,34.71,7,88.46,1.49,0.757
Bagasse Fiber,Hardware Container,Construction,5,14.26,10,71.48,0.87,0.54
PLA Bioplastic,TV Carton,Electronics,9,12.82,6,64.35,1.74,1.192
Recycled PET,Food Tray,Food Packaging,8,26.16,4,91.21,3.95,2.106
Kraft Paper,Board Game Box,Toys,4,10.84,8,91.98,0.8,0.551
Kraft Paper,Makeup Box,Cosmetics,7,7.6,9,86.43,0.9,0.579
Glass,Cream Jar,Cosmetics,10,31.69,2,95.76,5.64,1.805
Bagasse Fiber,Tile Packaging,Construction,7,9.76,8,81.28,2.02,0.578
Mushroom Packaging,Takeaway Container,Food Packaging,6,16.38,9,76.68,2.54,0.367
Aluminum,Hardware Container,Construction,9,21.53,1,96.56,4.89,3.478
PLA Bioplastic,Laptop Box,Electronics,9,8.65,7,60.91,2.73,1.139
Glass,Food Tray,Food Packaging,10,30.26,2,96.58,3.83,1.904
Kraft Paper,Action Figure Pack,Toys,4,8.06,10,92.9,0.87,0.661
Bagasse Fiber,Oil Container,Automotive,6,10.29,9,74.62,1.46,0.47
PLA Bioplastic,Protective Box,Home Appliances,6,16.79,8,56.58,2.93,1.158
Glass,TV Carton,Electronics,9,33.66,2,97.29,4.79,1.808
Bagasse Fiber,Takeaway Container,Food Packaging,6,12.16,10,70.95,0.94,0.497
Corrugated Cardboard,Mobile Box,Electronics,9,10.31,8,90.14,1.79,0.813
Kraft Paper,Furniture Carton,Furniture,6,7.58,8,87.73,0.88,0.648
Bagasse Fiber,Fabric Wrap,Textiles,7,9.16,9,71.32,0.92,0.474
Recycled PET,Tile Packaging,Construction,10,18.88,4,93.03,2.87,2.075
Mushroom Packaging,Toy Box,Toys,6,17.91,10,66.3,2.16,0.361
Aluminum,Furniture Carton,Furniture,10,20.35,2,96.29,5.13,3.527
Corrugated Cardboard,Protective Cushioning Pack,Furniture,7,20.39,8,91.66,0.81,0.761
Mushroom Packaging,Hardware Container,Construction,6,14.6,10,78.67,3.1,0.406
PLA Bioplastic,Tablet Blister Pack,Healthcare,9,11.62,7,60.49,2.12,1.199
Aluminum,Tablet Blister Pack,Healthcare,8,31.5,1,96.38,2.66,3.507
Bagasse Fiber,Garment Bag,Textiles,5,10.35,9,82.97,2.45,0.467
Mushroom Packaging,Clothing Box,Textiles,5,17.38,9,67.5,2.38,0.423
Kraft Paper,Board Game Box,Toys,7,9.24,9,85.82,0.65,0.614
Kraft Paper,Hardware Container,Construction,5,11.17,9,90.38,0.86,0.573
Mushroom Packaging,Mobile Box,Electronics,6,16.84,9,66.81,3.17,0.402
Bagasse Fiber,Cream Jar,Cosmetics,7,13.72,8,78.39,1.32,0.442
Bagasse Fiber,Assembly Kit Box,Furniture,6,10.17,8,72.5,1.13,0.564
Mushroom Packaging,Perfume Bottle,Cosmetics,6,12.1,9,77.3,1.5,0.287
Kraft Paper,Takeaway Container,Food Packaging,7,5.99,9,88.94,0.66,0.574
Recycled PET,Board Game Box,Toys,10,22.86,2,87.0,3.45,2.044
PLA Bioplastic,Oil Container,Automotive,6,18.05,7,50.18,1.94,1.125
Corrugated Cardboard,Board Game Box,Toys,7,17.19,9,90.86,0.84,0.746
Aluminum,TV Carton,Electronics,8,25.49,1,98.5,3.0,3.532
Mushroom Packaging,Protective Box,Home Appliances,7,13.42,9,73.91,1.97,0.462
Aluminum,Clothing Box,Textiles,9,24.76,1,95.98,5.32,3.528
Recycled PET,Protective Box,Home Appliances,8,29.88,2,87.22,2.36,2.145
Corrugated Cardboard,Foam Insert Package,Home Appliances,7,12.63,7,88.39,1.98,0.802
Recycled PET,Assembly Kit Box,Furniture,10,19.81,2,92.09,2.71,2.121
Glass,Battery Packaging,Automotive,10,24.92,2,96.22,2.72,1.763
Glass,Spare Parts Box,Automotive,9,35.75,1,95.96,5.56,1.771
Corrugated Cardboard,Clothing Box,Textiles,6,23.11,7,86.13,1.19,0.763
Bagasse Fiber,Beverage Bottle,Food Packaging,6,8.65,8,81.09,2.01,0.521
Mushroom Packaging,Foam Insert Package,Home Appliances,7,11.84,10,77.77,3.46,0.465
Recycled PET,Foam Insert Package,Home Appliances,8,16.92,3,93.08,1.63,2.027
Glass,TV Carton,Electronics,9,31.73,1,96.55,2.39,1.791
Mushroom Packaging,Garment Bag,Textiles,7,8.81,10,73.48,2.86,0.426
Recycled PET,Mobile Box,Electronics,8,22.8,3,85.38,2.2,2.113
Glass,Medical Container,Healthcare,9,28.55,1,95.71,2.74,1.753
PLA Bioplastic,Clothing Box,Textiles,7,19.74,7,57.2,1.08,1.174
Kraft Paper,TV Carton,Electronics,6,13.51,10,88.61,0.33,0.513
Recycled PET,Furniture Carton,Furniture,10,21.14,4,90.33,3.44,2.099
PLA Bioplastic,Cream Jar,Cosmetics,7,15.11,6,55.51,1.27,1.216
Mushroom Packaging,Perfume Bottle,Cosmetics,5,17.87,10,66.8,2.28,0.424
Mushroom Packaging,Food Tray,Food Packaging,7,17.05,10,73.53,2.59,0.425
Bagasse Fiber,TV Carton,Electronics,7,7.73,9,80.47,1.53,0.526
PLA Bioplastic,Cosmetic Tube,Cosmetics,8,17.65,7,53.03,1.05,1.296
Bagasse Fiber,Laptop Box,Electronics,6,8.78,9,78.13,2.13,0.501
Bagasse Fiber,Protective Cushioning Pack,Furniture,6,9.94,8,73.02,0.82,0.485
PLA Bioplastic,Garment Bag,Textiles,7,12.08,7,67.95,2.52,1.208
Bagasse Fiber,Beverage Bottle,Food Packaging,5,13.79,9,70.43,2.32,0.448
Kraft Paper,Tile Packaging,Construction,5,10.16,8,92.51,0.82,0.621
Mushroom Packaging,Beverage Bottle,Food Packaging,7,9.98,9,72.55,2.43,0.373
Corrugated Cardboard,Oil Container,Automotive,6,23.01,9,90.85,1.22,0.76
PLA Bioplastic,Action Figure Pack,Toys,8,11.77,7,50.64,1.78,1.222
Aluminum,Laptop Box,Electronics,10,22.43,1,95.92,5.16,3.518
Corrugated Cardboard,Tile Packaging,Construction,8,14.96,8,81.54,1.84,0.829
Mushroom Packaging,Cosmetic Tube,Cosmetics,6,14.94,9,78.18,1.97,0.439
Bagasse Fiber,Tile Packaging,Construction,6,13.52,10,76.59,1.85,0.453
Glass,Cement Liner Bag,Construction,10,24.84,2,95.09,5.71,1.717
Mushroom Packaging,Tile Packaging,Construction,7,17.63,9,73.49,3.41,0.456
Aluminum,Hardware Container,Construction,9,31.02,1,97.32,4.03,3.568
Corrugated Cardboard,Appliance Carton,Home Appliances,6,17.25,7,91.95,1.18,0.808
Mushroom Packaging,Foam Insert Package,Home Appliances,6,13.14,9,68.46,1.84,0.347
Recycled PET,Food Tray,Food Packaging,8,24.54,2,87.45,3.9,2.062
PLA Bioplastic,Cosmetic Tube,Cosmetics,8,12.27,6,53.41,1.29,1.165
PLA Bioplastic,Perfume Bottle,Cosmetics,9,19.88,8,69.64,2.16,1.157
Bagasse Fiber,Laptop Box,Electronics,6,15.0,10,72.16,1.28,0.478
Kraft Paper,Furniture Carton,Furniture,4,12.9,9,92.29,0.63,0.657
Bagasse Fiber,Battery Packaging,Automotive,6,14.83,10,74.4,1.49,0.564
Aluminum,Toy Box,Toys,9,32.04,2,99.11,5.5,3.32
Kraft Paper,Makeup Box,Cosmetics,7,13.77,10,94.35,0.37,0.527
Glass,Laptop Box,Electronics,10,32.94,1,97.22,4.31,1.801
Corrugated Cardboard,Protective Box,Home Appliances,7,28.31,9,89.15,0.62,0.739
Corrugated Cardboard,Assembly Kit Box,Furniture,8,21.9,9,83.2,0.73,0.887
Recycled PET,Assembly Kit Box,Furniture,8,16.42,4,91.57,2.6,2.164
Glass,Foam Insert Package,Home Appliances,9,23.18,2,96.93,4.04,1.82
Corrugated Cardboard,Toy Box,Toys,7,26.2,7,86.52,0.89,0.77
Bagasse Fiber,Action Figure Pack,Toys,7,8.35,9,75.57,1.34,0.626
Aluminum,Cream Jar,Cosmetics,9,25.0,1,97.84,2.76,3.468
Kraft Paper,Hardware Container,Construction,5,7.15,10,86.38,0.66,0.651
Glass,Board Game Box,Toys,10,33.88,2,99.29,5.87,1.844
Bagasse Fiber,Takeaway Container,Food Packaging,6,14.0,9,70.93,2.41,0.388
Recycled PET,Hardware Container,Construction,9,18.61,4,86.95,2.34,2.15
Corrugated Cardboard,Protective Box,Home Appliances,7,30.74,9,88.84,1.36,0.773
Mushroom Packaging,Board Game Box,Toys,6,13.89,10,78.9,3.29,0.403
PLA Bioplastic,Spare Parts Box,Automotive,9,14.54,8,59.32,1.01,1.193
PLA Bioplastic,Cosmetic Tube,Cosmetics,9,16.04,8,67.46,2.62,1.225
Corrugated Cardboard,Mobile Box,Electronics,7,18.3,9,86.89,1.92,0.758
Recycled PET,Tablet Blister Pack,Healthcare,10,20.91,4,94.61,1.73,2.109
Recycled PET,Garment Bag,Textiles,9,18.96,4,90.65,1.9,2.116
Glass,Action Figure Pack,Toys,10,21.75,1,99.58,5.84,1.789
Corrugated Cardboard,Board Game Box,Toys,7,30.11,7,85.39,1.31,0.835
Aluminum,Tablet Blister Pack,Healthcare,10,24.34,2,96.31,2.54,3.457
Glass,Perfume Bottle,Cosmetics,9,22.3,1,95.82,3.03,1.879
Bagasse Fiber,Tablet Blister Pack,Healthcare,7,7.96,10,70.02,1.56,0.48
Glass,Pizza Box,Food Packaging,10,23.02,2,98.64,4.77,1.87
Bagasse Fiber,Protective Cushioning Pack,Furniture,5,7.21,9,71.82,2.05,0.484
Bagasse Fiber,Garment Bag,Textiles,5,13.9,9,70.43,2.49,0.483
Recycled PET,Electronic Blister Pack,Electronics,8,15.85,2,86.0,2.22,2.132
Kraft Paper,Tile Packaging,Construction,7,12.09,10,86.43,0.95,0.6
Recycled PET,Mobile Box,Electronics,9,26.77,3,86.01,2.83,2.11
Mushroom Packaging,Clothing Box,Textiles,7,10.34,9,62.49,2.13,0.389
Glass,Electronic Blister Pack,Electronics,9,38.17,2,95.99,2.68,1.813
Mushroom Packaging,Cosmetic Tube,Cosmetics,7,15.69,10,70.97,3.45,0.402
Bagasse Fiber,Oil Container,Automotive,7,14.25,10,83.18,2.25,0.483
Kraft Paper,Battery Packaging,Automotive,4,6.49,8,87.83,0.9,0.582
Aluminum,Battery Packaging,Automotive,10,25.69,2,99.01,4.31,3.53
Corrugated Cardboard,Medical Container,Healthcare,8,14.15,8,90.97,0.84,0.763
PLA Bioplastic,Furniture Carton,Furniture,9,8.04,6,52.14,2.09,1.215
Bagasse Fiber,Makeup Box,Cosmetics,7,13.13,9,80.68,1.98,0.506
Recycled PET,Assembly Kit Box,Furniture,8,28.81,2,86.1,2.79,2.123
Kraft Paper,Spare Parts Box,Automotive,7,12.89,9,92.28,1.49,0.673
Corrugated Cardboard,Makeup Box,Cosmetics,9,16.23,8,85.96,1.42,0.744
Glass,Tile Packaging,Construction,10,28.25,2,97.72,3.48,1.784
Mushroom Packaging,Foam Insert Package,Home Appliances,7,15.57,10,62.07,2.98,0.418
Recycled PET,Board Game Box,Toys,10,22.53,4,86.5,1.93,2.193
PLA Bioplastic,Garment Bag,Textiles,8,10.4,7,61.87,1.77,1.184
PLA Bioplastic,Foam Insert Package,Home Appliances,9,9.23,7,61.86,1.69,1.078
PLA Bioplastic,Garment Bag,Textiles,9,17.81,6,69.26,1.86,1.295
Recycled PET,Assembly Kit Box,Furniture,8,28.46,4,91.87,3.45,2.103
Kraft Paper,Fabric Wrap,Textiles,7,7.25,8,89.3,0.88,0.585
PLA Bioplastic,Board Game Box,Toys,7,9.16,7,65.9,2.59,1.151
PLA Bioplastic,Tile Packaging,Construction,6,14.65,8,58.4,2.15,1.178
Corrugated Cardboard,Protective Box,Home Appliances,7,10.0,8,87.62,1.01,0.776
Kraft Paper,Cement Liner Bag,Construction,6,11.65,9,86.47,1.27,0.627
PLA Bioplastic,Fabric Wrap,Textiles,6,16.75,6,68.46,1.48,1.134
Glass,Tablet Blister Pack,Healthcare,10,31.45,2,96.27,2.9,1.851
Kraft Paper,Tile Packaging,Construction,5,5.72,10,92.51,0.91,0.546
Corrugated Cardboard,Electronic Blister Pack,Electronics,6,27.34,9,90.35,0.89,0.741
Bagasse Fiber,Medicine Box,Healthcare,7,12.9,10,77.33,0.82,0.554
Recycled PET,Fabric Wrap,Textiles,10,29.95,3,90.01,3.12,2.107
PLA Bioplastic,Spare Parts Box,Automotive,7,8.98,8,58.53,2.02,1.217
Recycled PET,Garment Bag,Textiles,8,21.85,4,88.85,2.61,2.155
Corrugated Cardboard,Laptop Box,Electronics,7,27.34,7,83.29,1.95,0.816
Mushroom Packaging,Spare Parts Box,Automotive,5,17.01,10,60.27,2.51,0.434
Bagasse Fiber,Hardware Container,Construction,6,11.03,10,77.87,2.27,0.387
PLA Bioplastic,Spare Parts Box,Automotive,6,17.54,7,50.51,1.28,1.199
Corrugated Cardboard,Garment Bag,Textiles,6,20.12,7,91.12,1.35,0.742
Recycled PET,Tile Packaging,Construction,8,28.72,3,88.37,3.67,2.102
Kraft Paper,Foam Insert Package,Home Appliances,6,14.76,8,93.4,1.0,0.593
Aluminum,Fabric Wrap,Textiles,10,28.07,2,96.71,4.65,3.479
Mushroom Packaging,Tile Packaging,Construction,7,12.11,10,63.25,2.06,0.359
Bagasse Fiber,Laptop Box,Electronics,6,8.52,9,73.52,0.96,0.502
Bagasse Fiber,Battery Packaging,Automotive,6,6.18,8,73.94,1.58,0.444
Recycled PET,Tablet Blister Pack,Healthcare,8,27.48,2,91.48,2.49,2.027
Glass,TV Carton,Electronics,10,21.71,1,97.93,5.47,1.796
Aluminum,Clothing Box,Textiles,9,20.48,1,99.13,3.23,3.549
PLA Bioplastic,Spare Parts Box,Automotive,8,12.37,7,66.2,2.93,1.135
Mushroom Packaging,Cosmetic Tube,Cosmetics,6,14.36,9,60.73,3.4,0.377
Recycled PET,Pizza Box,Food Packaging,9,20.5,3,89.92,2.12,2.14
Corrugated Cardboard,Oil Container,Automotive,9,12.15,7,81.78,1.02,0.792
PLA Bioplastic,Fabric Wrap,Textiles,8,9.46,6,56.27,2.79,1.136
Corrugated Cardboard,Spare Parts Box,Automotive,8,10.03,8,84.77,1.95,0.749
Bagasse Fiber,Hardware Container,Construction,6,11.38,10,83.6,1.55,0.541
Kraft Paper,Cosmetic Tube,Cosmetics,5,11.25,8,94.04,0.69,0.608
Kraft Paper,Assembly Kit Box,Furniture,5,9.12,8,89.83,0.93,0.654
PLA Bioplastic,Medicine Box,Healthcare,9,15.96,8,59.68,2.38,1.121
Mushroom Packaging,Food Tray,Food Packaging,6,10.82,9,72.11,1.83,0.406
Glass,Oil Container,Automotive,9,29.14,2,95.34,4.95,1.785
PLA Bioplastic,Toy Box,Toys,7,13.01,6,60.12,1.1,1.164
Recycled PET,Garment Bag,Textiles,8,18.99,2,85.21,1.62,2.058
PLA Bioplastic,Clothing Box,Textiles,7,8.67,6,63.38,1.77,1.163
Aluminum,Medicine Box,Healthcare,9,24.33,1,96.78,3.56,3.55
Glass,Cement Liner Bag,Construction,9,34.27,1,97.28,3.26,1.869
Kraft Paper,Protective Cushioning Pack,Furniture,6,9.54,10,90.92,0.89,0.598
Glass,Foam Insert Package,Home Appliances,9,29.92,2,95.71,3.28,1.771
Glass,Takeaway Container,Food Packaging,9,31.43,1,97.89,2.77,1.812
Mushroom Packaging,Appliance Carton,Home Appliances,7,11.08,9,72.19,1.91,0.408
Corrugated Cardboard,Hardware Container,Construction,6,22.02,9,80.26,1.96,0.762
Kraft Paper,Protective Cushioning Pack,Furniture,6,13.58,9,91.54,0.79,0.583
Recycled PET,Cosmetic Tube,Cosmetics,9,18.85,2,91.77,2.61,2.16
Bagasse Fiber,Assembly Kit Box,Furniture,6,13.67,8,83.11,1.78,0.51
Mushroom Packaging,Takeaway Container,Food Packaging,5,9.15,10,74.86,3.46,0.374
Bagasse Fiber,Medical Container,Healthcare,6,7.57,10,83.48,1.21,0.511
Glass,Garment Bag,Textiles,10,31.25,1,96.44,4.73,1.766
Bagasse Fiber,Battery Packaging,Automotive,6,10.72,8,73.28,2.02,0.545
Kraft Paper,Garment Bag,Textiles,7,11.52,9,93.79,1.03,0.579
Kraft Paper,Perfume Bottle,Cosmetics,5,14.42,9,90.74,0.41,0.574
Kraft Paper,Foam Insert Package,Home Appliances,7,14.91,10,91.56,1.11,0.67
Corrugated Cardboard,Tile Packaging,Construction,7,24.89,9,87.88,0.6,0.782
Corrugated Cardboard,Garment Bag,Textiles,7,22.24,9,88.27,1.39,0.818
Bagasse Fiber,Foam Insert Package,Home Appliances,6,11.12,10,72.71,2.06,0.429
Aluminum,Furniture Carton,Furniture,9,22.56,2,98.17,3.13,3.564
Corrugated Cardboard,TV Carton,Electronics,8,32.9,9,82.08,1.76,0.729
PLA Bioplastic,Tile Packaging,Construction,9,13.94,6,66.09,1.06,1.122
Aluminum,Mobile Box,Electronics,10,34.76,1,98.98,5.03,3.557
Aluminum,Hardware Container,Construction,9,23.04,1,95.73,3.88,3.438
Mushroom Packaging,Toy Box,Toys,7,15.48,9,69.08,1.7,0.351
Corrugated Cardboard,Tile Packaging,Construction,9,29.64,7,88.15,0.7,0.738
Glass,Cosmetic Tube,Cosmetics,9,38.25,1,99.21,5.81,1.753
Aluminum,Board Game Box,Toys,9,34.01,2,97.13,2.72,3.549
Aluminum,Beverage Bottle,Food Packaging,9,25.61,1,95.58,3.1,3.604
Kraft Paper,Appliance Carton,Home Appliances,6,13.56,8,91.11,0.72,0.583
Mushroom Packaging,Perfume Bottle,Cosmetics,5,13.32,9,70.23,2.63,0.386
Aluminum,Food Tray,Food Packaging,9,33.17,2,99.88,4.13,3.512
Corrugated Cardboard,Fabric Wrap,Textiles,9,27.0,9,89.12,0.69,0.839
PLA Bioplastic,Protective Box,Home Appliances,9,15.39,7,57.85,1.58,1.256
Mushroom Packaging,Battery Packaging,Automotive,5,12.18,9,69.5,1.75,0.39
Aluminum,Assembly Kit Box,Furniture,8,27.41,2,99.21,3.14,3.49
Corrugated Cardboard,Perfume Bottle,Cosmetics,7,10.62,9,91.57,1.12,0.713
Aluminum,Fabric Wrap,Textiles,10,34.06,1,99.85,4.61,3.507
Recycled PET,Toy Box,Toys,8,18.24,3,88.28,2.04,2.085
Kraft Paper,Battery Packaging,Automotive,5,7.92,10,88.02,0.74,0.45
Mushroom Packaging,Furniture Carton,Furniture,7,16.62,9,76.16,2.1,0.323
PLA Bioplastic,Furniture Carton,Furniture,7,8.49,6,57.56,2.95,1.124
Recycled PET,Battery Packaging,Automotive,10,29.16,2,86.45,3.89,2.101
Mushroom Packaging,Pizza Box,Food Packaging,7,10.11,9,67.25,3.04,0.23
Recycled PET,Medicine Box,Healthcare,9,22.58,4,88.6,2.1,2.185
Mushroom Packaging,Oil Container,Automotive,5,16.97,10,62.83,1.36,0.384
Kraft Paper,Syringe Pack,Healthcare,6,13.0,8,85.2,0.68,0.595
Bagasse Fiber,Spare Parts Box,Automotive,7,9.72,9,77.78,1.25,0.618
Glass,Takeaway Container,Food Packaging,9,25.64,1,98.69,4.02,1.769
Mushroom Packaging,Cement Liner Bag,Construction,5,8.84,9,73.88,2.99,0.389
Kraft Paper,Toy Box,Toys,4,10.81,8,91.23,1.33,0.516
Mushroom Packaging,Syringe Pack,Healthcare,7,14.91,10,74.6,3.14,0.387
Corrugated Cardboard,Oil Container,Automotive,8,24.03,9,91.29,1.04,0.832
Aluminum,Furniture Carton,Furniture,8,20.1,2,99.93,4.56,3.525
Glass,Cement Liner Bag,Construction,10,35.46,2,97.84,3.25,1.79
Kraft Paper,Takeaway Container,Food Packaging,5,13.39,10,91.56,0.37,0.674
PLA Bioplastic,Hardware Container,Construction,9,16.92,7,58.17,2.4,1.072
PLA Bioplastic,Board Game Box,Toys,6,11.11,7,66.57,1.02,1.212
Kraft Paper,Garment Bag,Textiles,5,5.77,9,92.36,0.79,0.672
PLA Bioplastic,Garment Bag,Textiles,7,12.9,8,54.4,1.66,1.25
Mushroom Packaging,Syringe Pack,Healthcare,7,17.01,9,65.29,2.79,0.352
Recycled PET,Garment Bag,Textiles,8,22.08,4,85.37,3.42,2.137
Mushroom Packaging,Cement Liner Bag,Construction,5,14.89,9,62.2,1.9,0.366
Corrugated Cardboard,Protective Box,Home Appliances,8,22.49,8,83.24,1.72,0.796
PLA Bioplastic,Tile Packaging,Construction,9,9.83,8,69.74,1.59,1.301
Aluminum,Assembly Kit Box,Furniture,10,33.57,2,99.18,3.84,3.462
Recycled PET,Cream Jar,Cosmetics,10,16.29,2,89.9,3.32,2.04
PLA Bioplastic,Furniture Carton,Furniture,7,14.0,7,52.94,2.39,1.109
Bagasse Fiber,Spare Parts Box,Automotive,5,11.72,9,84.03,2.48,0.517
PLA Bioplastic,Garment Bag,Textiles,9,14.81,6,68.71,1.45,1.158
Recycled PET,Oil Container,Automotive,9,19.65,2,86.42,3.16,1.997
Kraft Paper,Cream Jar,Cosmetics,7,11.12,9,93.59,1.03,0.579
Recycled PET,Cement Liner Bag,Construction,8,19.75,4,88.61,3.79,2.083
Corrugated Cardboard,Mobile Box,Electronics,6,23.72,8,91.39,0.73,0.802
Aluminum,Battery Packaging,Automotive,8,34.19,1,96.12,4.76,3.5
PLA Bioplastic,Assembly Kit Box,Furniture,8,13.94,6,52.48,2.14,1.154
Bagasse Fiber,Hardware Container,Construction,7,14.88,9,77.13,1.27,0.395
Glass,Oil Container,Automotive,9,33.69,1,95.82,3.9,1.745
Kraft Paper,Battery Packaging,Automotive,6,11.23,8,91.76,0.7,0.616
Corrugated Cardboard,Fabric Wrap,Textiles,6,17.46,7,88.04,1.37,0.813
Recycled PET,Cosmetic Tube,Cosmetics,10,29.93,2,89.64,3.72,2.097
Bagasse Fiber,Takeaway Container,Food Packaging,6,13.8,9,76.6,1.77,0.405
Mushroom Packaging,Board Game Box,Toys,6,16.02,9,71.03,2.65,0.319
PLA Bioplastic,Takeaway Container,Food Packaging,8,18.06,6,66.03,2.04,1.183
Aluminum,Assembly Kit Box,Furniture,9,22.13,2,98.64,2.65,3.456
Bagasse Fiber,Assembly Kit Box,Furniture,5,11.72,8,80.77,1.2,0.55
Bagasse Fiber,Mobile Box,Electronics,5,11.92,10,70.28,1.64,0.44
PLA Bioplastic,Protective Cushioning Pack,Furniture,7,9.03,7,64.87,1.62,1.286
Mushroom Packaging,Clothing Box,Textiles,6,16.84,9,63.6,1.62,0.39
Kraft Paper,Beverage Bottle,Food Packaging,6,9.55,10,93.63,0.9,0.642
Aluminum,Toy Box,Toys,8,26.25,2,99.83,3.47,3.54
Mushroom Packaging,Protective Cushioning Pack,Furniture,6,12.56,10,72.86,1.79,0.451
PLA Bioplastic,Syringe Pack,Healthcare,7,8.41,7,69.76,1.93,1.162
Kraft Paper,Perfume Bottle,Cosmetics,4,11.71,8,88.15,0.46,0.63
PLA Bioplastic,Foam Insert Package,Home Appliances,6,13.56,6,69.35,2.86,1.166
Corrugated Cardboard,Laptop Box,Electronics,7,10.97,9,84.68,1.8,0.813
PLA Bioplastic,Foam Insert Package,Home Appliances,6,13.01,7,57.54,2.42,1.175
PLA Bioplastic,Cosmetic Tube,Cosmetics,8,19.95,7,54.38,1.21,1.225
Mushroom Packaging,Action Figure Pack,Toys,7,14.71,10,60.11,2.98,0.368
Recycled PET,Protective Box,Home Appliances,8,20.36,4,92.8,3.52,2.051
Recycled PET,Pizza Box,Food Packaging,10,23.42,3,94.97,3.42,2.134
Bagasse Fiber,Medical Container,Healthcare,6,7.42,8,80.8,0.99,0.465
Glass,Fabric Wrap,Textiles,9,24.83,1,95.31,4.58,1.905
Mushroom Packaging,Mobile Box,Electronics,5,17.44,9,75.17,3.12,0.35
Recycled PET,Mobile Box,Electronics,9,15.44,2,92.76,2.94,2.126
Aluminum,Protective Box,Home Appliances,8,30.03,1,99.81,4.44,3.434
Recycled PET,Cement Liner Bag,Construction,9,26.04,2,85.65,2.65,2.165
PLA Bioplastic,Oil Container,Automotive,8,11.3,7,65.46,2.06,1.231
PLA Bioplastic,Protective Box,Home Appliances,9,19.54,6,63.15,1.07,1.154
Aluminum,Syringe Pack,Healthcare,8,20.78,2,96.82,4.42,3.497
Corrugated Cardboard,Protective Cushioning Pack,Furniture,7,13.54,7,82.02,0.62,0.722
Glass,Mobile Box,Electronics,9,29.19,1,99.98,3.74,1.797
Mushroom Packaging,Protective Box,Home Appliances,7,11.63,10,62.71,1.87,0.456
Recycled PET,Board Game Box,Toys,10,16.95,3,86.04,2.86,2.106
Kraft Paper,Battery Packaging,Automotive,7,11.47,9,91.08,0.46,0.654
Mushroom Packaging,Protective Box,Home Appliances,5,14.28,9,74.84,2.79,0.385
PLA Bioplastic,Cosmetic Tube,Cosmetics,8,11.22,6,56.2,2.59,1.176
Bagasse Fiber,Board Game Box,Toys,6,6.06,9,78.78,1.08,0.506
Aluminum,Action Figure Pack,Toys,8,27.91,1,99.18,2.81,3.545
Glass,Furniture Carton,Furniture,10,21.29,1,97.85,2.58,1.899
Aluminum,Fabric Wrap,Textiles,10,30.48,2,98.12,5.13,3.648
Aluminum,TV Carton,Electronics,10,21.88,1,96.41,4.08,3.463
Bagasse Fiber,Action Figure Pack,Toys,7,11.73,9,84.92,1.59,0.444
Corrugated Cardboard,Syringe Pack,Healthcare,6,33.35,8,86.92,0.66,0.834
Bagasse Fiber,Mobile Box,Electronics,6,10.01,8,75.13,1.9,0.541
Corrugated Cardboard,Perfume Bottle,Cosmetics,8,21.81,7,89.53,1.8,0.809
PLA Bioplastic,Clothing Box,Textiles,6,18.96,7,55.68,2.66,1.269
Glass,Toy Box,Toys,9,22.25,1,97.13,4.5,1.881
Recycled PET,Food Tray,Food Packaging,10,17.83,4,91.58,1.69,2.096
Aluminum,Protective Box,Home Appliances,8,33.92,1,98.98,2.84,3.524
PLA Bioplastic,Appliance Carton,Home Appliances,6,19.15,7,62.93,1.1,1.199
Recycled PET,Tablet Blister Pack,Healthcare,10,24.85,3,94.59,2.14,2.106
Recycled PET,Cement Liner Bag,Construction,9,24.18,2,91.17,1.84,2.119
Recycled PET,Board Game Box,Toys,8,24.87,2,85.85,2.15,2.12
Bagasse Fiber,TV Carton,Electronics,6,14.28,8,70.24,1.45,0.488
Kraft Paper,Furniture Carton,Furniture,4,5.3,10,91.24,1.43,0.724
Mushroom Packaging,Mobile Box,Electronics,6,10.62,9,68.66,2.6,0.353
Corrugated Cardboard,Cosmetic Tube,Cosmetics,6,28.88,7,82.54,1.75,0.811
Corrugated Cardboard,Medicine Box,Healthcare,8,26.19,8,90.97,1.57,0.878
Bagasse Fiber,Laptop Box,Electronics,6,8.73,9,71.09,0.99,0.448
Bagasse Fiber,Toy Box,Toys,6,7.89,10,80.69,2.05,0.531
Kraft Paper,Furniture Carton,Furniture,7,10.22,10,88.94,0.63,0.528
Glass,Syringe Pack,Healthcare,10,30.08,1,97.59,4.56,1.841
Kraft Paper,Protective Cushioning Pack,Furniture,7,9.78,8,92.62,0.71,0.594
Recycled PET,Cement Liner Bag,Construction,9,18.32,3,85.16,3.99,2.015
Bagasse Fiber,Pizza Box,Food Packaging,6,7.97,8,81.39,1.25,0.529
Aluminum,Oil Container,Automotive,8,33.28,1,98.5,3.34,3.552
Kraft Paper,Furniture Carton,Furniture,7,6.35,8,88.92,1.42,0.615
Glass,Laptop Box,Electronics,9,22.36,1,98.18,2.1,1.776
Glass,Cement Liner Bag,Construction,10,20.54,2,96.57,4.79,1.83
Mushroom Packaging,Garment Bag,Textiles,7,9.87,10,75.71,2.87,0.453
Bagasse Fiber,Assembly Kit Box,Furniture,6,10.82,10,73.09,2.22,0.516
Bagasse Fiber,Action Figure Pack,Toys,7,12.31,9,72.22,2.46,0.529
Aluminum,Fabric Wrap,Textiles,9,22.9,2,96.93,5.43,3.536
Bagasse Fiber,Electronic Blister Pack,Electronics,6,11.29,10,84.94,0.91,0.57
Corrugated Cardboard,Action Figure Pack,Toys,7,15.82,8,90.66,1.73,0.923
PLA Bioplastic,Garment Bag,Textiles,6,18.98,7,65.58,2.29,1.146
Kraft Paper,Toy Box,Toys,4,11.18,10,88.79,1.08,0.582
Aluminum,Battery Packaging,Automotive,8,30.72,1,97.43,2.89,3.606
PLA Bioplastic,Takeaway Container,Food Packaging,7,11.48,7,61.03,2.3,1.294
Mushroom Packaging,Mobile Box,Electronics,5,11.64,10,71.21,3.46,0.409
Recycled PET,Hardware Container,Construction,10,27.39,3,89.7,3.78,2.179
Kraft Paper,Perfume Bottle,Cosmetics,4,14.9,10,85.71,0.83,0.695
PLA Bioplastic,Furniture Carton,Furniture,8,12.88,8,69.21,1.08,1.186
Kraft Paper,Toy Box,Toys,5,14.5,10,89.49,0.73,0.539
PLA Bioplastic,Mobile Box,Electronics,9,16.77,7,54.62,2.65,1.193
PLA Bioplastic,Hardware Container,Construction,7,16.63,8,63.44,2.4,1.236
Recycled PET,Electronic Blister Pack,Electronics,8,24.35,3,91.78,2.65,2.134
Bagasse Fiber,Spare Parts Box,Automotive,7,10.55,8,82.3,0.89,0.548
Glass,Makeup Box,Cosmetics,10,28.37,1,95.87,3.71,1.754
PLA Bioplastic,Assembly Kit Box,Furniture,8,14.19,8,52.29,1.94,1.189
Bagasse Fiber,Beverage Bottle,Food Packaging,7,11.35,8,80.04,2.38,0.51
Aluminum,Foam Insert Package,Home Appliances,10,34.01,2,95.37,4.42,3.439
Corrugated Cardboard,Board Game Box,Toys,8,22.68,8,87.67,0.97,0.751
Corrugated Cardboard,Tablet Blister Pack,Healthcare,6,34.92,8,80.8,1.29,0.793
Recycled PET,Beverage Bottle,Food Packaging,9,16.59,4,90.88,1.67,2.107
PLA Bioplastic,Protective Cushioning Pack,Furniture,7,14.56,6,53.92,2.95,1.181
Corrugated Cardboard,Takeaway Container,Food Packaging,8,13.72,9,89.01,1.04,0.883
Aluminum,Medical Container,Healthcare,9,21.77,1,96.85,3.93,3.524
Aluminum,Makeup Box,Cosmetics,8,23.48,2,99.89,3.57,3.408
Bagasse Fiber,Action Figure Pack,Toys,5,12.92,10,78.26,1.96,0.443
Bagasse Fiber,Assembly Kit Box,Furniture,6,14.35,9,80.43,1.93,0.403
Glass,Medical Container,Healthcare,10,33.16,2,97.48,4.86,1.858
Aluminum,Clothing Box,Textiles,8,31.97,1,96.26,3.3,3.564
Recycled PET,Protective Box,Home Appliances,9,19.71,3,94.82,2.29,2.098
Bagasse Fiber,Spare Parts Box,Automotive,7,7.17,10,76.71,1.01,0.515
Glass,Action Figure Pack,Toys,9,23.49,2,96.3,4.62,1.777
Mushroom Packaging,Perfume Bottle,Cosmetics,5,15.89,9,68.99,1.29,0.458
Aluminum,Garment Bag,Textiles,8,22.38,2,97.8,4.29,3.374
Glass,Board Game Box,Toys,10,22.97,2,95.46,5.48,1.842
Aluminum,Action Figure Pack,Toys,9,25.55,1,96.53,5.17,3.501
Mushroom Packaging,Hardware Container,Construction,6,10.23,10,65.44,2.23,0.361
Corrugated Cardboard,Hardware Container,Construction,9,31.82,9,82.96,1.19,0.775
Kraft Paper,Food Tray,Food Packaging,5,7.95,9,87.19,0.39,0.592
Mushroom Packaging,Syringe Pack,Healthcare,7,10.61,10,76.76,2.74,0.4
Glass,Toy Box,Toys,10,33.57,2,95.77,5.29,1.838
Mushroom Packaging,Clothing Box,Textiles,6,15.47,9,75.62,1.76,0.369
Corrugated Cardboard,Hardware Container,Construction,7,11.08,8,84.88,1.13,0.791
Recycled PET,Clothing Box,Textiles,9,22.1,4,87.46,3.6,2.082
Recycled PET,Hardware Container,Construction,10,19.66,4,89.21,3.69,2.121
Recycled PET,Clothing Box,Textiles,8,29.45,2,88.83,2.11,2.076
Kraft Paper,Furniture Carton,Furniture,5,9.46,10,93.6,0.96,0.66
Mushroom Packaging,Beverage Bottle,Food Packaging,7,9.88,9,74.52,1.64,0.387
Kraft Paper,Clothing Box,Textiles,4,11.08,9,88.09,0.42,0.669
PLA Bioplastic,Spare Parts Box,Automotive,7,15.3,6,65.84,2.82,1.175
Glass,Perfume Bottle,Cosmetics,9,34.15,2,98.85,5.28,1.845
Bagasse Fiber,Action Figure Pack,Toys,6,14.28,10,72.48,2.09,0.514
Kraft Paper,Battery Packaging,Automotive,6,7.64,10,86.25,0.36,0.574
Recycled PET,Battery Packaging,Automotive,9,16.94,2,88.34,3.61,2.082
Aluminum,Board Game Box,Toys,8,28.11,1,99.61,3.81,3.605
PLA Bioplastic,Electronic Blister Pack,Electronics,8,11.75,7,57.64,1.68,1.294
Aluminum,Food Tray,Food Packaging,8,25.11,1,99.48,4.14,3.435
Kraft Paper,Makeup Box,Cosmetics,7,10.59,8,86.01,0.41,0.469
Corrugated Cardboard,Beverage Bottle,Food Packaging,7,33.44,9,89.74,1.63,0.786
Aluminum,Tablet Blister Pack,Healthcare,10,32.35,2,97.35,4.25,3.473
Glass,Tile Packaging,Construction,9,23.47,2,97.17,2.75,1.732
PLA Bioplastic,Beverage Bottle,Food Packaging,8,9.5,8,50.54,1.38,1.114
PLA Bioplastic,Action Figure Pack,Toys,7,8.95,8,68.3,1.37,1.185
Glass,Mobile Box,Electronics,9,21.21,2,97.38,2.23,1.791
Mushroom Packaging,Garment Bag,Textiles,5,17.55,9,79.21,2.55,0.392
Aluminum,Hardware Container,Construction,9,33.8,2,97.45,5.02,3.493
Mushroom Packaging,Protective Box,Home Appliances,6,15.72,9,79.97,1.24,0.379
Recycled PET,Battery Packaging,Automotive,10,27.77,2,86.06,1.62,2.215
PLA Bioplastic,Action Figure Pack,Toys,7,12.66,7,60.39,2.15,1.204
Mushroom Packaging,Hardware Container,Construction,7,17.93,9,67.54,3.08,0.433
PLA Bioplastic,Spare Parts Box,Automotive,8,11.12,8,57.0,1.65,1.207
Corrugated Cardboard,Furniture Carton,Furniture,8,22.05,8,88.31,1.02,0.803
Recycled PET,Tile Packaging,Construction,10,15.62,4,89.51,2.99,2.055
Kraft Paper,Electronic Blister Pack,Electronics,4,5.79,10,88.9,0.63,0.658
Bagasse Fiber,Electronic Blister Pack,Electronics,6,8.53,10,75.33,0.85,0.448
Recycled PET,Foam Insert Package,Home Appliances,8,16.38,3,94.46,3.34,2.048
Mushroom Packaging,Fabric Wrap,Textiles,7,11.76,9,70.36,2.64,0.333
Corrugated Cardboard,Laptop Box,Electronics,8,28.55,8,90.72,1.37,0.825
Corrugated Cardboard,Oil Container,Automotive,8,13.76,9,89.18,1.61,0.817
PLA Bioplastic,Furniture Carton,Furniture,7,13.22,6,68.15,2.35,1.11
Corrugated Cardboard,Battery Packaging,Automotive,7,34.42,8,87.7,0.81,0.782
Bagasse Fiber,Perfume Bottle,Cosmetics,5,7.31,9,75.85,1.4,0.492
Corrugated Cardboard,Medicine Box,Healthcare,9,12.36,7,80.01,0.69,0.798
Bagasse Fiber,Battery Packaging,Automotive,5,13.59,10,82.84,1.02,0.424
Glass,Cement Liner Bag,Construction,9,32.52,1,99.05,4.7,1.851
Corrugated Cardboard,Clothing Box,Textiles,9,26.19,9,82.82,1.79,0.701
Aluminum,Fabric Wrap,Textiles,10,25.11,2,99.18,5.39,3.503
Bagasse Fiber,Laptop Box,Electronics,6,6.39,9,80.35,1.87,0.489
PLA Bioplastic,Fabric Wrap,Textiles,7,15.15,6,54.9,1.37,1.247
Mushroom Packaging,Furniture Carton,Furniture,6,10.39,10,61.52,1.44,0.359
Glass,Medicine Box,Healthcare,10,23.13,2,95.03,5.25,1.824
PLA Bioplastic,Beverage Bottle,Food Packaging,6,19.99,6,57.48,2.16,1.219
Recycled PET,Tile Packaging,Construction,8,20.44,4,94.41,3.05,2.099
Bagasse Fiber,Furniture Carton,Furniture,5,9.3,8,80.5,2.13,0.434
Corrugated Cardboard,Medical Container,Healthcare,9,32.49,8,88.99,1.55,0.904
Bagasse Fiber,Spare Parts Box,Automotive,5,11.74,8,74.52,2.22,0.621
Corrugated Cardboard,Mobile Box,Electronics,8,19.12,7,82.88,0.58,0.7
Bagasse Fiber,Beverage Bottle,Food Packaging,6,11.23,9,83.75,2.07,0.533
Recycled PET,Spare Parts Box,Automotive,9,27.56,4,87.72,3.63,2.13
Mushroom Packaging,Appliance Carton,Home Appliances,6,14.53,9,66.3,1.86,0.501
Aluminum,Appliance Carton,Home Appliances,9,29.34,1,98.85,4.42,3.537
Glass,Foam Insert Package,Home Appliances,10,37.36,2,97.59,3.26,1.776
Corrugated Cardboard,Food Tray,Food Packaging,6,24.09,8,83.07,1.94,0.868
Glass,Board Game Box,Toys,10,30.3,2,97.29,2.13,1.773
Glass,Furniture Carton,Furniture,10,37.09,1,95.78,4.32,1.777
Glass,Spare Parts Box,Automotive,9,29.51,2,98.73,2.67,1.786
PLA Bioplastic,Hardware Container,Construction,8,12.37,8,58.49,2.42,1.246
Bagasse Fiber,Garment Bag,Textiles,7,11.73,9,81.77,1.1,0.547
Recycled PET,Battery Packaging,Automotive,10,29.39,4,86.99,2.09,2.078
PLA Bioplastic,Oil Container,Automotive,9,14.96,8,58.37,1.99,1.16
Bagasse Fiber,Takeaway Container,Food Packaging,5,8.98,10,71.11,2.36,0.483
Aluminum,Cosmetic Tube,Cosmetics,10,23.28,1,97.98,3.14,3.499
Aluminum,Foam Insert Package,Home Appliances,10,25.39,1,98.01,2.93,3.534
Kraft Paper,Appliance Carton,Home Appliances,4,5.79,10,88.95,1.21,0.589
Kraft Paper,Appliance Carton,Home Appliances,7,8.56,8,90.03,0.9,0.693
PLA Bioplastic,Fabric Wrap,Textiles,9,11.5,7,63.8,2.82,1.099
Aluminum,Toy Box,Toys,9,21.06,2,97.31,2.94,3.439
Aluminum,Cement Liner Bag,Construction,9,22.28,2,95.47,4.44,3.483
Glass,Perfume Bottle,Cosmetics,10,39.04,2,95.89,2.93,1.813
Mushroom Packaging,Hardware Container,Construction,5,11.06,10,65.77,1.56,0.371
Glass,Oil Container,Automotive,10,37.11,1,97.14,4.73,1.696
PLA Bioplastic,Board Game Box,Toys,9,12.96,7,50.44,2.19,1.214
Glass,Oil Container,Automotive,10,21.73,2,97.12,5.02,1.772
Bagasse Fiber,Cement Liner Bag,Construction,6,13.48,10,77.23,1.33,0.528
Recycled PET,Action Figure Pack,Toys,9,28.31,4,86.11,2.62,2.068
Aluminum,Clothing Box,Textiles,8,25.94,1,96.34,3.72,3.526
Kraft Paper,Perfume Bottle,Cosmetics,6,8.31,8,93.96,1.48,0.631
PLA Bioplastic,Makeup Box,Cosmetics,7,13.03,6,66.25,1.58,1.129
Corrugated Cardboard,Beverage Bottle,Food Packaging,6,12.43,8,85.18,0.94,0.776
Recycled PET,Laptop Box,Electronics,10,29.07,2,87.09,2.39,2.138
Aluminum,Makeup Box,Cosmetics,8,25.89,2,99.77,4.19,3.519
Kraft Paper,Oil Container,Automotive,5,7.45,10,92.8,0.6,0.679
Corrugated Cardboard,Medicine Box,Healthcare,7,14.0,8,86.86,1.87,0.728
Corrugated Cardboard,Tile Packaging,Construction,6,18.34,8,89.83,0.9,0.774
Aluminum,Spare Parts Box,Automotive,10,28.91,1,98.37,5.19,3.534
Mushroom Packaging,Garment Bag,Textiles,5,15.77,9,62.25,1.44,0.42
Mushroom Packaging,Protective Box,Home Appliances,5,11.82,9,77.06,2.71,0.413
Glass,Tablet Blister Pack,Healthcare,9,31.17,2,98.85,5.63,1.75
Recycled PET,TV Carton,Electronics,9,20.67,3,93.86,1.92,2.141
Recycled PET,Laptop Box,Electronics,10,25.76,2,87.22,3.92,2.108
Bagasse Fiber,TV Carton,Electronics,6,14.66,8,73.17,1.57,0.522
Bagasse Fiber,Protective Box,Home Appliances,5,12.22,9,81.29,2.41,0.525
PLA Bioplastic,Syringe Pack,Healthcare,8,14.67,6,52.17,2.35,1.246
Glass,Makeup Box,Cosmetics,10,31.92,2,97.09,3.21,1.861
Aluminum,Perfume Bottle,Cosmetics,10,30.03,2,98.83,3.06,3.51
PLA Bioplastic,Foam Insert Package,Home Appliances,9,8.91,8,52.43,1.61,1.166
PLA Bioplastic,Protective Box,Home Appliances,6,19.34,6,52.99,1.19,1.249
Recycled PET,Medical Container,Healthcare,9,17.77,2,88.4,1.86,2.188
Bagasse Fiber,Oil Container,Automotive,7,13.03,8,72.03,0.98,0.609
Mushroom Packaging,Fabric Wrap,Textiles,7,9.46,9,66.54,2.17,0.384
Corrugated Cardboard,Garment Bag,Textiles,6,22.88,8,89.89,1.69,0.808
Recycled PET,Medical Container,Healthcare,9,29.85,2,85.5,1.85,2.09
Bagasse Fiber,Medicine Box,Healthcare,7,8.22,10,72.26,1.02,0.418
Glass,Cement Liner Bag,Construction,9,31.29,1,97.01,4.57,1.759
Glass,Cream Jar,Cosmetics,10,25.61,2,95.82,2.79,1.751
Mushroom Packaging,Furniture Carton,Furniture,5,10.71,9,70.05,1.42,0.457
Aluminum,Cosmetic Tube,Cosmetics,10,26.81,1,98.52,3.0,3.49
Glass,TV Carton,Electronics,9,25.22,2,96.62,5.69,1.785
Recycled PET,Medical Container,Healthcare,8,23.86,3,93.74,3.55,2.11
Aluminum,Cement Liner Bag,Construction,9,28.91,2,96.38,3.56,3.498
Corrugated Cardboard,Hardware Container,Construction,8,28.98,9,84.54,1.48,0.872
Aluminum,Clothing Box,Textiles,9,33.09,2,97.53,4.11,3.463
Glass,Perfume Bottle,Cosmetics,9,24.72,2,96.19,4.71,1.796
Bagasse Fiber,Makeup Box,Cosmetics,5,10.14,8,81.65,1.96,0.595
Mushroom Packaging,Makeup Box,Cosmetics,7,8.51,9,74.24,2.65,0.381
Mushroom Packaging,Oil Container,Automotive,7,12.51,10,68.38,1.81,0.341
Corrugated Cardboard,Assembly Kit Box,Furniture,7,13.3,9,82.11,0.56,0.794
Bagasse Fiber,TV Carton,Electronics,6,7.9,8,80.22,1.57,0.54
Glass,Cream Jar,Cosmetics,9,34.5,2,96.8,5.56,1.809
Aluminum,Foam Insert Package,Home Appliances,10,20.77,1,95.53,4.21,3.494
PLA Bioplastic,Takeaway Container,Food Packaging,9,10.14,6,69.72,2.66,1.179
Kraft Paper,Pizza Box,Food Packaging,7,11.41,9,88.91,1.49,0.624
PLA Bioplastic,Food Tray,Food Packaging,8,17.88,8,59.51,1.33,1.211
PLA Bioplastic,Protective Box,Home Appliances,7,10.19,8,65.47,2.38,1.359
PLA Bioplastic,Oil Container,Automotive,9,10.53,7,56.85,2.35,1.213
PLA Bioplastic,Tablet Blister Pack,Healthcare,9,8.9,8,69.85,2.96,1.254
Bagasse Fiber,Spare Parts Box,Automotive,7,7.41,9,81.41,2.48,0.508
Corrugated Cardboard,Assembly Kit Box,Furniture,7,16.12,9,83.59,1.53,0.771
Recycled PET,Foam Insert Package,Home Appliances,8,26.08,2,85.58,2.11,2.129
Aluminum,Syringe Pack,Healthcare,10,24.62,2,96.23,4.9,3.547
PLA Bioplastic,Beverage Bottle,Food Packaging,8,15.92,8,54.72,1.21,1.129
Corrugated Cardboard,Spare Parts Box,Automotive,8,19.76,9,81.43,1.67,0.743
Recycled PET,Fabric Wrap,Textiles,10,23.14,3,86.33,3.78,2.132
Mushroom Packaging,Beverage Bottle,Food Packaging,6,12.25,10,76.55,2.08,0.331
Bagasse Fiber,Cement Liner Bag,Construction,6,10.56,10,71.73,1.87,0.576
Aluminum,Pizza Box,Food Packaging,10,31.58,1,96.92,3.79,3.5
Recycled PET,Toy Box,Toys,10,26.2,4,92.57,2.59,2.119
PLA Bioplastic,Battery Packaging,Automotive,6,19.61,6,69.39,1.62,1.133
Aluminum,Hardware Container,Construction,10,28.94,1,96.91,4.79,3.465
Glass,Furniture Carton,Furniture,9,32.09,2,99.46,5.74,1.774
PLA Bioplastic,Foam Insert Package,Home Appliances,9,15.42,8,53.17,2.88,1.208
Recycled PET,Cement Liner Bag,Construction,8,21.13,4,94.52,1.94,2.104
Aluminum,Protective Box,Home Appliances,10,34.27,1,97.48,5.12,3.533
Corrugated Cardboard,Appliance Carton,Home Appliances,7,33.61,7,83.7,1.61,0.758
Mushroom Packaging,Toy Box,Toys,5,16.95,10,76.49,1.78,0.355
Bagasse Fiber,Cosmetic Tube,Cosmetics,7,9.81,9,75.19,0.91,0.519
Aluminum,Appliance Carton,Home Appliances,8,31.68,1,99.72,3.3,3.468
Mushroom Packaging,Cream Jar,Cosmetics,6,11.15,10,66.45,3.3,0.488
Recycled PET,Furniture Carton,Furniture,8,20.21,3,93.82,3.08,2.056
Mushroom Packaging,Perfume Bottle,Cosmetics,7,13.61,9,75.64,2.86,0.356
Mushroom Packaging,Tile Packaging,Construction,5,14.97,10,64.91,1.79,0.421
Recycled PET,TV Carton,Electronics,9,19.65,2,94.9,3.3,2.188
Kraft Paper,Medicine Box,Healthcare,7,7.05,8,93.42,0.33,0.719
Bagasse Fiber,Spare Parts Box,Automotive,5,11.79,9,73.4,1.44,0.543
Aluminum,Medicine Box,Healthcare,9,20.54,1,96.81,4.38,3.432
Mushroom Packaging,Tile Packaging,Construction,5,15.95,9,79.06,1.54,0.402
Aluminum,Makeup Box,Cosmetics,9,28.72,1,95.31,4.97,3.587
Glass,Medical Container,Healthcare,9,30.06,2,98.21,2.94,1.788
Recycled PET,Tablet Blister Pack,Healthcare,9,25.13,2,90.25,3.13,2.015
Mushroom Packaging,Hardware Container,Construction,7,11.38,10,63.23,2.13,0.359
Corrugated Cardboard,Tablet Blister Pack,Healthcare,8,20.42,7,85.35,1.39,0.785
Corrugated Cardboard,Action Figure Pack,Toys,8,23.59,8,87.0,0.66,0.778
Corrugated Cardboard,Medical Container,Healthcare,6,19.17,8,81.42,0.53,0.773
Mushroom Packaging,Protective Box,Home Appliances,6,14.37,10,79.9,3.29,0.477
Recycled PET,Cosmetic Tube,Cosmetics,8,19.0,3,90.95,2.17,2.14
Mushroom Packaging,Appliance Carton,Home Appliances,7,8.88,10,73.08,3.09,0.415
Glass,Clothing Box,Textiles,10,21.39,2,95.21,6.0,1.864
Bagasse Fiber,Battery Packaging,Automotive,7,14.93,9,82.93,1.16,0.542
Corrugated Cardboard,Foam Insert Package,Home Appliances,8,13.37,9,83.43,0.9,0.854
Mushroom Packaging,Toy Box,Toys,6,10.75,10,64.75,2.72,0.457
Recycled PET,Board Game Box,Toys,9,17.66,2,94.53,3.91,2.088
Mushroom Packaging,Action Figure Pack,Toys,7,10.76,9,65.88,3.31,0.381
Mushroom Packaging,Foam Insert Package,Home Appliances,6,15.8,9,68.57,2.36,0.335
Bagasse Fiber,Battery Packaging,Automotive,6,10.1,10,84.07,2.15,0.446
Corrugated Cardboard,Makeup Box,Cosmetics,7,23.3,8,91.53,0.7,0.829
Glass,Pizza Box,Food Packaging,10,33.57,2,97.13,5.91,1.79
Glass,Cement Liner Bag,Construction,10,20.67,1,99.45,5.86,1.797
Corrugated Cardboard,Hardware Container,Construction,9,12.22,7,89.21,0.75,0.801
Glass,Fabric Wrap,Textiles,10,35.13,2,97.78,3.2,1.713
PLA Bioplastic,Cement Liner Bag,Construction,8,8.51,6,50.37,1.2,1.106
Bagasse Fiber,Hardware Container,Construction,7,14.38,10,76.86,1.26,0.497
Glass,Spare Parts Box,Automotive,10,21.46,1,98.84,5.26,1.747
Glass,Laptop Box,Electronics,10,25.04,1,95.98,3.51,1.819
Mushroom Packaging,Hardware Container,Construction,5,17.19,10,79.61,1.4,0.38
Recycled PET,Appliance Carton,Home Appliances,9,27.71,2,91.06,2.36,2.103
PLA Bioplastic,Battery Packaging,Automotive,7,9.83,8,67.3,2.96,1.132
Mushroom Packaging,Protective Cushioning Pack,Furniture,5,11.54,9,60.61,2.65,0.442
Aluminum,Garment Bag,Textiles,8,23.43,1,96.94,3.75,3.452
Glass,TV Carton,Electronics,9,35.33,1,96.29,2.67,1.814
Recycled PET,Oil Container,Automotive,9,22.03,3,90.7,3.97,2.141
Recycled PET,Hardware Container,Construction,9,24.52,2,87.25,3.55,2.059
Mushroom Packaging,Spare Parts Box,Automotive,6,9.39,10,76.53,1.85,0.317
PLA Bioplastic,Spare Parts Box,Automotive,7,11.38,7,60.78,1.14,1.222
PLA Bioplastic,Protective Cushioning Pack,Furniture,9,13.08,7,56.02,1.11,1.233
Glass,Syringe Pack,Healthcare,10,20.24,1,95.29,2.48,1.702
Corrugated Cardboard,Laptop Box,Electronics,8,15.11,7,91.65,1.37,0.81
Kraft Paper,Board Game Box,Toys,4,5.15,8,92.26,1.41,0.574
Corrugated Cardboard,Protective Box,Home Appliances,9,32.49,9,88.5,1.25,0.831
Corrugated Cardboard,Board Game Box,Toys,8,12.73,7,84.78,1.76,0.795
Recycled PET,Hardware Container,Construction,8,18.19,4,86.12,2.61,2.087
PLA Bioplastic,Medical Container,Healthcare,6,10.08,8,61.32,2.42,1.242
Recycled PET,Beverage Bottle,Food Packaging,9,24.44,4,87.07,3.33,2.058
Kraft Paper,Electronic Blister Pack,Electronics,5,8.53,8,93.82,0.51,0.522
Aluminum,Board Game Box,Toys,8,34.85,2,96.91,3.58,3.496
Corrugated Cardboard,Battery Packaging,Automotive,7,33.43,8,83.06,1.46,0.831
Kraft Paper,Tile Packaging,Construction,5,7.3,8,92.21,0.38,0.737
PLA Bioplastic,Mobile Box,Electronics,6,10.07,7,66.41,1.72,1.186
Mushroom Packaging,Clothing Box,Textiles,7,10.49,10,72.38,2.43,0.405
Kraft Paper,Syringe Pack,Healthcare,7,5.09,10,87.92,1.5,0.641
Glass,Oil Container,Automotive,10,26.2,2,97.78,3.9,1.807
PLA Bioplastic,Oil Container,Automotive,7,15.15,6,58.37,2.63,1.118
Corrugated Cardboard,Perfume Bottle,Cosmetics,7,22.72,9,84.4,1.15,0.755
Corrugated Cardboard,Electronic Blister Pack,Electronics,9,12.15,8,88.05,1.69,0.859
PLA Bioplastic,Mobile Box,Electronics,9,14.55,7,68.58,2.19,1.306
Aluminum,Clothing Box,Textiles,9,31.9,1,95.34,5.16,3.422
Kraft Paper,Food Tray,Food Packaging,5,5.4,8,85.53,0.79,0.614
Mushroom Packaging,Makeup Box,Cosmetics,6,15.64,10,70.3,2.59,0.372
Kraft Paper,Cosmetic Tube,Cosmetics,4,5.82,8,91.41,1.06,0.655
Bagasse Fiber,Takeaway Container,Food Packaging,7,7.09,10,70.24,1.51,0.476
Recycled PET,Action Figure Pack,Toys,10,26.37,2,85.85,1.86,2.075
Bagasse Fiber,Spare Parts Box,Automotive,7,11.66,9,73.3,0.96,0.446
PLA Bioplastic,Oil Container,Automotive,8,15.31,8,51.56,1.03,1.139
Mushroom Packaging,Cosmetic Tube,Cosmetics,7,9.87,10,67.44,3.21,0.39
Kraft Paper,Appliance Carton,Home Appliances,5,6.28,10,86.92,0.58,0.565
Aluminum,Battery Packaging,Automotive,9,33.49,2,97.49,3.13,3.485
Corrugated Cardboard,Foam Insert Package,Home Appliances,8,24.09,8,90.33,1.6,0.913
PLA Bioplastic,Laptop Box,Electronics,7,19.68,6,54.54,1.64,1.211
PLA Bioplastic,Protective Box,Home Appliances,8,15.62,6,59.46,2.01,1.304
Mushroom Packaging,Cosmetic Tube,Cosmetics,6,12.94,9,78.11,1.57,0.424
Recycled PET,Appliance Carton,Home Appliances,8,26.89,2,86.64,3.9,2.137
Recycled PET,Battery Packaging,Automotive,8,22.81,3,91.14,3.63,2.07
Bagasse Fiber,Cement Liner Bag,Construction,7,12.35,10,75.3,2.27,0.521
Bagasse Fiber,Clothing Box,Textiles,7,11.26,8,75.28,1.49,0.529
Aluminum,Tile Packaging,Construction,8,34.97,1,96.16,4.79,3.508
Kraft Paper,Takeaway Container,Food Packaging,5,8.51,9,92.38,0.47,0.603
Bagasse Fiber,Foam Insert Package,Home Appliances,6,7.56,8,70.74,0.81,0.493
Recycled PET,Beverage Bottle,Food Packaging,8,25.24,4,88.44,1.55,2.026
Glass,Mobile Box,Electronics,9,20.29,2,96.7,4.35,1.803
Corrugated Cardboard,Perfume Bottle,Cosmetics,9,11.21,8,82.05,1.18,0.78
Glass,Spare Parts Box,Automotive,10,29.8,2,96.8,4.07,1.807
PLA Bioplastic,Board Game Box,Toys,6,9.96,7,69.52,1.01,1.228
Corrugated Cardboard,Makeup Box,Cosmetics,7,28.91,8,81.6,1.13,0.847
Bagasse Fiber,Toy Box,Toys,6,14.11,9,80.26,2.02,0.481
Kraft Paper,Cement Liner Bag,Construction,6,5.55,8,87.44,0.83,0.665
Glass,Syringe Pack,Healthcare,10,37.54,1,99.7,4.93,1.738
PLA Bioplastic,Garment Bag,Textiles,6,15.95,6,56.25,1.47,1.192
PLA Bioplastic,Garment Bag,Textiles,6,10.0,8,59.34,2.63,1.173
PLA Bioplastic,Hardware Container,Construction,8,16.94,7,58.5,2.18,1.222
Aluminum,Takeaway Container,Food Packaging,10,33.76,1,99.64,3.13,3.512
Mushroom Packaging,Furniture Carton,Furniture,6,17.19,10,60.93,1.74,0.478
Kraft Paper,Perfume Bottle,Cosmetics,6,6.96,8,89.63,1.05,0.576
PLA Bioplastic,Medicine Box,Healthcare,9,15.93,8,53.76,2.66,1.245
PLA Bioplastic,Pizza Box,Food Packaging,8,9.52,7,63.44,1.83,1.196
Glass,Tablet Blister Pack,Healthcare,10,39.5,2,97.99,3.03,1.838
Glass,Toy Box,Toys,10,27.12,1,97.77,5.47,1.862
Corrugated Cardboard,Protective Box,Home Appliances,6,10.66,9,87.57,1.5,0.802
Corrugated Cardboard,Fabric Wrap,Textiles,9,30.02,9,87.82,1.17,0.772
Glass,Hardware Container,Construction,9,28.48,1,96.79,3.95,1.9
PLA Bioplastic,Spare Parts Box,Automotive,9,13.68,7,56.29,1.41,1.212
Corrugated Cardboard,Spare Parts Box,Automotive,8,14.84,8,81.92,1.44,0.837
Glass,Protective Cushioning Pack,Furniture,10,35.4,2,98.21,3.43,1.84
Corrugated Cardboard,Protective Box,Home Appliances,9,15.28,9,88.35,1.99,0.762
Mushroom Packaging,Toy Box,Toys,7,14.19,9,62.34,2.3,0.299
Glass,Garment Bag,Textiles,10,25.43,1,99.17,3.94,1.846
Mushroom Packaging,Takeaway Container,Food Packaging,5,17.27,9,77.76,2.5,0.453
Mushroom Packaging,Foam Insert Package,Home Appliances,7,12.82,10,73.31,3.31,0.44
Mushroom Packaging,Medical Container,Healthcare,6,12.77,9,62.89,3.04,0.294
Bagasse Fiber,Furniture Carton,Furniture,7,11.35,9,72.03,1.57,0.52
Bagasse Fiber,Beverage Bottle,Food Packaging,7,12.53,9,80.37,2.02,0.493
Glass,Laptop Box,Electronics,10,36.41,1,95.19,4.34,1.846
Recycled PET,Medicine Box,Healthcare,8,15.08,2,85.07,2.73,2.129
Kraft Paper,Action Figure Pack,Toys,5,9.0,10,88.92,0.53,0.696
Mushroom Packaging,Food Tray,Food Packaging,6,15.49,9,60.53,2.27,0.453
Bagasse Fiber,Garment Bag,Textiles,7,8.81,10,75.13,1.22,0.475
Mushroom Packaging,Hardware Container,Construction,6,14.28,10,71.43,3.3,0.383
Kraft Paper,Perfume Bottle,Cosmetics,5,7.87,10,94.72,0.7,0.662
Recycled PET,Medicine Box,Healthcare,10,17.23,4,89.02,3.88,2.077
Recycled PET,Hardware Container,Construction,10,19.13,3,93.07,2.83,2.143
Mushroom Packaging,Cement Liner Bag,Construction,6,13.0,10,74.91,2.65,0.388
Bagasse Fiber,Hardware Container,Construction,7,7.26,9,74.2,1.72,0.473
Aluminum,Fabric Wrap,Textiles,10,26.68,1,95.99,2.89,3.445
Bagasse Fiber,Fabric Wrap,Textiles,5,10.76,9,70.74,1.44,0.504
Glass,Laptop Box,Electronics,9,31.63,2,99.01,2.4,1.843
Mushroom Packaging,Tile Packaging,Construction,5,16.44,10,78.91,2.63,0.454
Aluminum,Spare Parts Box,Automotive,9,25.29,2,96.62,3.84,3.547
Mushroom Packaging,Appliance Carton,Home Appliances,7,11.79,10,66.61,2.99,0.383
Glass,Perfume Bottle,Cosmetics,10,22.39,2,97.85,2.88,1.801
Kraft Paper,Clothing Box,Textiles,5,7.87,8,92.51,0.5,0.615
Glass,Makeup Box,Cosmetics,9,28.54,1,95.15,3.63,1.817
Mushroom Packaging,Cream Jar,Cosmetics,7,14.71,9,75.75,3.33,0.378
Mushroom Packaging,Protective Box,Home Appliances,5,11.69,9,69.95,2.83,0.313
Corrugated Cardboard,Pizza Box,Food Packaging,7,27.79,9,83.13,1.13,0.776
Recycled PET,Board Game Box,Toys,10,15.77,2,85.69,2.79,2.146
Recycled PET,Battery Packaging,Automotive,10,24.98,4,86.3,1.71,2.097
Corrugated Cardboard,Mobile Box,Electronics,6,26.94,8,89.57,1.98,0.741
Aluminum,Toy Box,Toys,10,20.77,2,98.55,4.5,3.45
Bagasse Fiber,Clothing Box,Textiles,6,8.23,8,73.39,1.29,0.551
Mushroom Packaging,Takeaway Container,Food Packaging,5,8.12,9,72.06,2.55,0.375
Glass,Syringe Pack,Healthcare,9,30.51,1,97.91,2.44,1.807
Recycled PET,Makeup Box,Cosmetics,8,18.4,3,92.63,3.91,2.111
Corrugated Cardboard,Laptop Box,Electronics,9,11.76,8,80.71,0.76,0.794
Aluminum,Laptop Box,Electronics,10,34.8,2,99.83,4.44,3.512
Bagasse Fiber,Furniture Carton,Furniture,5,14.89,8,74.1,1.22,0.5
Bagasse Fiber,Protective Cushioning Pack,Furniture,7,9.31,9,74.72,2.02,0.591
Bagasse Fiber,Oil Container,Automotive,7,8.37,9,76.06,2.12,0.566
Corrugated Cardboard,Cream Jar,Cosmetics,6,17.41,9,82.77,1.51,0.824
Mushroom Packaging,Battery Packaging,Automotive,6,11.23,9,62.66,2.61,0.423
Kraft Paper,Medical Container,Healthcare,6,10.56,8,94.05,1.37,0.626
Corrugated Cardboard,Cement Liner Bag,Construction,7,26.31,7,81.8,0.62,0.757
PLA Bioplastic,Foam Insert Package,Home Appliances,9,17.99,8,69.19,1.66,1.168
Bagasse Fiber,Furniture Carton,Furniture,6,8.19,8,82.13,1.22,0.41
Corrugated Cardboard,Garment Bag,Textiles,6,25.83,7,86.9,1.98,0.701
PLA Bioplastic,Mobile Box,Electronics,9,9.14,8,60.11,1.78,1.167
Mushroom Packaging,Protective Cushioning Pack,Furniture,7,9.73,9,61.11,2.89,0.451
Recycled PET,Makeup Box,Cosmetics,9,24.01,3,87.24,3.21,2.068
Glass,Makeup Box,Cosmetics,9,32.61,1,98.79,2.85,1.851
Kraft Paper,Tablet Blister Pack,Healthcare,6,5.65,9,91.43,0.59,0.595
Glass,Appliance Carton,Home Appliances,10,24.83,2,99.8,3.13,1.743
Aluminum,Makeup Box,Cosmetics,10,33.94,1,99.29,3.73,3.372
Recycled PET,Action Figure Pack,Toys,10,27.51,4,92.01,2.09,2.061
PLA Bioplastic,Pizza Box,Food Packaging,7,11.69,6,69.06,1.04,1.233
Mushroom Packaging,Fabric Wrap,Textiles,6,8.25,9,64.59,3.22,0.369
Bagasse Fiber,Foam Insert Package,Home Appliances,7,8.86,9,82.7,2.44,0.628
Kraft Paper,Pizza Box,Food Packaging,7,5.08,10,92.23,0.71,0.593
Aluminum,Cream Jar,Cosmetics,9,27.25,1,96.89,3.52,3.578
Kraft Paper,Appliance Carton,Home Appliances,4,12.07,9,86.72,0.31,0.588
Glass,Perfume Bottle,Cosmetics,9,32.87,2,99.32,4.72,1.92
Bagasse Fiber,Battery Packaging,Automotive,6,6.79,10,74.48,2.2,0.404
Corrugated Cardboard,Garment Bag,Textiles,9,32.0,9,89.45,0.72,0.789
Corrugated Cardboard,Fabric Wrap,Textiles,6,31.66,8,84.86,0.74,0.785
Mushroom Packaging,Fabric Wrap,Textiles,6,13.5,9,72.97,3.02,0.325
Bagasse Fiber,Takeaway Container,Food Packaging,7,7.97,10,72.44,1.85,0.552
Corrugated Cardboard,Tile Packaging,Construction,6,13.93,7,80.06,0.57,0.798
Mushroom Packaging,TV Carton,Electronics,6,11.62,9,79.32,2.63,0.464
Glass,Mobile Box,Electronics,10,35.88,2,97.35,3.24,1.783
PLA Bioplastic,Battery Packaging,Automotive,6,12.59,7,65.12,1.74,1.128
Mushroom Packaging,Syringe Pack,Healthcare,5,8.37,10,67.17,2.97,0.401
Corrugated Cardboard,Pizza Box,Food Packaging,7,34.39,7,90.86,1.72,0.716
Mushroom Packaging,Garment Bag,Textiles,6,9.03,10,63.81,2.12,0.394
Aluminum,Battery Packaging,Automotive,9,23.09,1,95.11,5.34,3.558
Glass,Tile Packaging,Construction,9,37.33,1,98.11,3.63,1.88
PLA Bioplastic,TV Carton,Electronics,6,15.36,8,57.29,2.54,1.066
Mushroom Packaging,Electronic Blister Pack,Electronics,5,13.9,9,78.27,2.31,0.313
Recycled PET,Hardware Container,Construction,10,28.48,4,89.95,3.74,2.056
Corrugated Cardboard,Clothing Box,Textiles,8,30.62,9,87.47,1.86,0.711
Corrugated Cardboard,Furniture Carton,Furniture,8,30.0,8,89.33,0.63,0.819
Glass,Protective Box,Home Appliances,10,34.68,2,99.92,5.75,1.78
Mushroom Packaging,Tile Packaging,Construction,7,8.4,9,64.69,3.1,0.438
Kraft Paper,Medicine Box,Healthcare,4,9.53,8,86.02,1.25,0.551
PLA Bioplastic,Board Game Box,Toys,6,19.33,6,59.62,1.4,1.165
Bagasse Fiber,Cream Jar,Cosmetics,6,8.53,8,79.79,2.17,0.505
Mushroom Packaging,Foam Insert Package,Home Appliances,7,17.64,10,75.75,3.16,0.366
Recycled PET,Makeup Box,Cosmetics,8,29.24,3,90.4,2.22,2.108
PLA Bioplastic,Action Figure Pack,Toys,7,14.86,6,60.4,2.9,1.169
Mushroom Packaging,Board Game Box,Toys,6,16.62,9,60.9,1.31,0.379
Aluminum,Board Game Box,Toys,8,30.0,1,96.4,2.95,3.433
PLA Bioplastic,Furniture Carton,Furniture,9,14.49,8,61.84,2.08,1.247
Bagasse Fiber,Tile Packaging,Construction,5,14.53,9,81.85,1.78,0.48
Recycled PET,Toy Box,Toys,8,25.18,2,89.45,3.11,2.171
Mushroom Packaging,Electronic Blister Pack,Electronics,6,8.01,9,65.22,1.24,0.393
Glass,Makeup Box,Cosmetics,9,24.94,2,95.24,5.84,1.736
Mushroom Packaging,Syringe Pack,Healthcare,6,8.46,10,74.76,1.3,0.4
Corrugated Cardboard,Tile Packaging,Construction,9,22.14,9,85.99,0.71,0.813
Corrugated Cardboard,Takeaway Container,Food Packaging,9,22.31,8,86.1,0.52,0.787
PLA Bioplastic,Tablet Blister Pack,Healthcare,6,17.38,8,65.0,2.13,1.221
Kraft Paper,Action Figure Pack,Toys,5,10.78,8,89.06,1.42,0.739
Corrugated Cardboard,Makeup Box,Cosmetics,8,13.69,7,91.56,1.5,0.793
Glass,Hardware Container,Construction,10,26.47,2,95.65,5.29,1.773
Kraft Paper,Assembly Kit Box,Furniture,7,6.04,9,93.78,0.32,0.587
Recycled PET,Electronic Blister Pack,Electronics,9,20.57,3,94.13,2.86,2.014
PLA Bioplastic,Spare Parts Box,Automotive,6,17.98,8,62.34,1.92,1.259
Bagasse Fiber,Protective Box,Home Appliances,5,6.33,9,72.62,1.65,0.506
Bagasse Fiber,Laptop Box,Electronics,7,8.42,8,83.17,0.92,0.459
Bagasse Fiber,Oil Container,Automotive,7,12.64,8,71.85,1.96,0.592
Bagasse Fiber,Electronic Blister Pack,Electronics,5,13.71,9,80.85,1.66,0.474
Aluminum,Action Figure Pack,Toys,8,26.24,2,97.07,4.8,3.501
Glass,Board Game Box,Toys,9,39.37,2,97.05,3.94,1.799
Bagasse Fiber,Oil Container,Automotive,7,9.39,8,74.21,1.05,0.536
Glass,Protective Box,Home Appliances,10,28.31,1,97.34,4.59,1.831
Recycled PET,Syringe Pack,Healthcare,9,28.19,2,93.51,1.93,2.096
Mushroom Packaging,Cream Jar,Cosmetics,6,13.09,10,64.77,3.21,0.471
Aluminum,Cosmetic Tube,Cosmetics,8,20.06,2,97.15,4.34,3.549
PLA Bioplastic,Food Tray,Food Packaging,8,19.5,8,58.39,1.31,1.249
PLA Bioplastic,Takeaway Container,Food Packaging,6,13.95,8,53.81,2.92,1.17
Mushroom Packaging,Protective Cushioning Pack,Furniture,6,15.47,9,60.74,2.39,0.414
PLA Bioplastic,Takeaway Container,Food Packaging,7,19.35,7,55.38,1.15,1.227
Bagasse Fiber,Spare Parts Box,Automotive,7,10.06,8,75.02,1.87,0.534
Bagasse Fiber,Tile Packaging,Construction,7,9.04,8,78.32,1.23,0.487
Bagasse Fiber,Electronic Blister Pack,Electronics,7,6.58,10,72.19,2.17,0.392
Glass,Action Figure Pack,Toys,9,36.58,1,98.39,5.27,1.739
PLA Bioplastic,Board Game Box,Toys,8,17.56,8,61.39,2.96,1.215
Glass,Oil Container,Automotive,9,35.83,1,98.87,4.01,1.77
Glass,Garment Bag,Textiles,10,39.82,1,96.28,3.82,1.829
Mushroom Packaging,TV Carton,Electronics,6,14.0,9,60.13,2.93,0.329
Bagasse Fiber,Cosmetic Tube,Cosmetics,7,9.54,10,78.78,1.03,0.52
Aluminum,Makeup Box,Cosmetics,10,27.97,2,97.38,4.14,3.571
Glass,Cement Liner Bag,Construction,10,34.48,2,97.94,4.18,1.808
PLA Bioplastic,Beverage Bottle,Food Packaging,8,19.83,8,64.08,1.18,1.154
Corrugated Cardboard,Furniture Carton,Furniture,8,25.28,7,84.29,1.13,0.825
PLA Bioplastic,Food Tray,Food Packaging,7,19.81,7,64.71,2.71,1.218
Recycled PET,Protective Cushioning Pack,Furniture,10,21.53,4,91.53,3.64,2.094
PLA Bioplastic,Food Tray,Food Packaging,7,14.37,7,58.98,1.2,1.201
PLA Bioplastic,Cement Liner Bag,Construction,6,17.55,6,67.05,1.18,1.126
Mushroom Packaging,Syringe Pack,Healthcare,7,14.49,9,76.99,1.8,0.466
Corrugated Cardboard,Furniture Carton,Furniture,6,31.22,9,82.47,1.81,0.827
Corrugated Cardboard,Cosmetic Tube,Cosmetics,9,11.53,7,82.73,0.69,0.858
Glass,Fabric Wrap,Textiles,10,27.21,2,99.92,4.88,1.709
Recycled PET,TV Carton,Electronics,9,19.89,2,90.79,1.75,2.138
Mushroom Packaging,Spare Parts Box,Automotive,6,8.89,9,74.56,2.63,0.426
Bagasse Fiber,Toy Box,Toys,7,7.9,8,76.22,1.41,0.554
Bagasse Fiber,Mobile Box,Electronics,6,8.65,8,77.17,2.14,0.439
Bagasse Fiber,Tile Packaging,Construction,7,12.49,10,83.25,1.2,0.433
Bagasse Fiber,Cosmetic Tube,Cosmetics,7,14.22,10,77.5,1.89,0.603
Glass,Takeaway Container,Food Packaging,9,26.75,1,95.72,2.94,1.739
Bagasse Fiber,TV Carton,Electronics,5,7.2,9,77.8,2.01,0.485
Mushroom Packaging,Battery Packaging,Automotive,5,9.66,10,78.46,3.21,0.304
Kraft Paper,TV Carton,Electronics,4,6.99,10,92.15,0.45,0.577
Kraft Paper,Spare Parts Box,Automotive,6,13.58,9,87.89,1.34,0.651
Kraft Paper,Assembly Kit Box,Furniture,6,9.31,9,93.08,1.01,0.423
Glass,Mobile Box,Electronics,9,24.49,2,97.33,2.51,1.787
Corrugated Cardboard,Cosmetic Tube,Cosmetics,6,29.42,9,86.19,1.14,0.78
Corrugated Cardboard,Food Tray,Food Packaging,8,30.75,7,80.79,0.74,0.801
Corrugated Cardboard,TV Carton,Electronics,6,31.11,9,83.53,1.55,0.82
Bagasse Fiber,Fabric Wrap,Textiles,6,10.51,8,79.04,2.09,0.536
Recycled PET,Clothing Box,Textiles,9,19.39,4,90.0,1.76,2.036
Aluminum,Cement Liner Bag,Construction,10,28.89,2,97.49,4.02,3.593
Bagasse Fiber,Foam Insert Package,Home Appliances,6,8.64,10,83.28,2.18,0.471
Bagasse Fiber,Protective Box,Home Appliances,5,9.78,8,83.93,2.39,0.443
Corrugated Cardboard,Fabric Wrap,Textiles,8,11.62,9,90.84,1.27,0.722
Bagasse Fiber,Tile Packaging,Construction,7,12.59,10,71.34,2.42,0.487
Mushroom Packaging,Tablet Blister Pack,Healthcare,6,11.97,10,60.01,2.43,0.36
Recycled PET,Mobile Box,Electronics,9,18.68,2,85.14,2.49,2.068
Kraft Paper,Furniture Carton,Furniture,5,5.39,9,85.85,1.32,0.604
Recycled PET,Protective Box,Home Appliances,10,15.94,3,89.47,2.73,2.153
Aluminum,Battery Packaging,Automotive,9,32.0,1,95.03,3.92,3.458
Recycled PET,Board Game Box,Toys,10,24.79,4,94.31,2.73,2.2
Recycled PET,Foam Insert Package,Home Appliances,9,19.16,2,85.35,3.62,2.057
Recycled PET,Appliance Carton,Home Appliances,10,29.38,4,93.48,3.58,2.083
Bagasse Fiber,Garment Bag,Textiles,6,11.82,10,75.53,1.49,0.422
Glass,Garment Bag,Textiles,9,24.5,1,96.35,3.33,1.794
Corrugated Cardboard,Laptop Box,Electronics,8,14.77,8,81.98,1.24,0.806
Corrugated Cardboard,Foam Insert Package,Home Appliances,7,17.99,7,89.74,1.36,0.837
Mushroom Packaging,Board Game Box,Toys,6,15.53,9,72.28,1.75,0.324
Corrugated Cardboard,Medicine Box,Healthcare,8,29.98,8,86.31,1.69,0.765
Glass,Action Figure Pack,Toys,10,36.61,2,96.77,3.95,1.711
Corrugated Cardboard,Medical Container,Healthcare,6,23.69,7,86.2,1.0,0.78
Glass,TV Carton,Electronics,9,24.6,2,97.09,2.43,1.797
Aluminum,Action Figure Pack,Toys,8,34.37,2,95.34,3.22,3.487
Bagasse Fiber,Laptop Box,Electronics,6,12.68,10,83.44,2.41,0.572
Recycled PET,Spare Parts Box,Automotive,9,15.71,3,89.5,2.26,2.184
Corrugated Cardboard,Medical Container,Healthcare,6,25.21,9,91.95,0.75,0.804
Bagasse Fiber,TV Carton,Electronics,5,13.58,9,74.66,1.58,0.582
Corrugated Cardboard,Makeup Box,Cosmetics,6,34.34,9,84.03,0.96,0.844
Mushroom Packaging,Food Tray,Food Packaging,6,11.5,9,69.95,1.28,0.324
Corrugated Cardboard,Electronic Blister Pack,Electronics,9,26.27,7,85.17,0.98,0.779
Aluminum,Cement Liner Bag,Construction,10,20.89,2,99.17,4.13,3.546
Aluminum,Laptop Box,Electronics,10,33.67,2,98.79,4.16,3.492
Corrugated Cardboard,Electronic Blister Pack,Electronics,9,10.36,7,82.14,1.03,0.809
Recycled PET,Pizza Box,Food Packaging,8,17.04,3,90.79,2.62,2.106
PLA Bioplastic,Assembly Kit Box,Furniture,8,19.75,8,57.29,2.93,1.291
Glass,Foam Insert Package,Home Appliances,10,22.61,2,99.78,3.51,1.64
PLA Bioplastic,Cream Jar,Cosmetics,7,19.81,6,69.16,1.52,1.191
Corrugated Cardboard,Medicine Box,Healthcare,9,14.79,7,80.28,0.87,0.799
Recycled PET,Fabric Wrap,Textiles,10,26.29,4,89.11,2.64,2.13
Aluminum,Cosmetic Tube,Cosmetics,10,22.88,1,98.3,4.78,3.491
Glass,Electronic Blister Pack,Electronics,9,22.1,2,95.87,2.82,1.764
Glass,Syringe Pack,Healthcare,9,32.51,1,95.4,4.84,1.795
Mushroom Packaging,Pizza Box,Food Packaging,6,15.37,9,65.7,1.25,0.364
Recycled PET,TV Carton,Electronics,10,26.64,2,92.36,2.55,2.023
Bagasse Fiber,Clothing Box,Textiles,5,9.48,10,77.56,2.12,0.511
Mushroom Packaging,Medicine Box,Healthcare,7,17.39,9,64.74,1.98,0.466
Glass,Spare Parts Box,Automotive,9,30.74,1,98.39,4.25,1.759
Kraft Paper,Garment Bag,Textiles,6,13.21,8,94.62,0.55,0.504
Mushroom Packaging,Spare Parts Box,Automotive,5,15.71,9,69.83,2.91,0.448
Aluminum,Oil Container,Automotive,9,24.4,1,95.6,2.66,3.49
PLA Bioplastic,Cosmetic Tube,Cosmetics,6,19.03,8,52.91,2.71,1.271
Mushroom Packaging,Hardware Container,Construction,5,13.68,10,71.1,1.66,0.375
Mushroom Packaging,Battery Packaging,Automotive,7,17.97,10,77.84,3.21,0.497
Bagasse Fiber,Assembly Kit Box,Furniture,5,11.21,10,79.79,1.4,0.479
PLA Bioplastic,Medicine Box,Healthcare,6,8.47,6,64.18,2.45,1.281
Glass,Tile Packaging,Construction,9,37.1,2,95.82,3.28,1.845
Kraft Paper,Garment Bag,Textiles,6,9.11,8,94.55,1.39,0.629
Kraft Paper,Food Tray,Food Packaging,7,12.18,9,90.13,0.45,0.669
Corrugated Cardboard,Food Tray,Food Packaging,8,25.76,7,87.74,0.77,0.789
Aluminum,Laptop Box,Electronics,8,31.0,2,99.7,3.98,3.492
Corrugated Cardboard,Food Tray,Food Packaging,7,20.75,7,91.69,0.62,0.758
Mushroom Packaging,Cream Jar,Cosmetics,5,11.77,10,70.09,1.65,0.44
Corrugated Cardboard,Cosmetic Tube,Cosmetics,6,10.5,7,89.16,1.92,0.675
Aluminum,Furniture Carton,Furniture,9,28.35,2,99.85,5.43,3.608
Kraft Paper,Electronic Blister Pack,Electronics,4,6.94,10,91.91,0.75,0.532
Kraft Paper,Board Game Box,Toys,5,14.27,8,93.41,1.41,0.657
Recycled PET,Perfume Bottle,Cosmetics,10,27.39,3,94.27,2.86,2.183
Recycled PET,Appliance Carton,Home Appliances,9,16.63,3,89.94,2.17,2.168
Corrugated Cardboard,Toy Box,Toys,7,15.71,7,83.81,1.55,0.781
PLA Bioplastic,Perfume Bottle,Cosmetics,9,13.21,6,56.21,2.32,1.321
Aluminum,Cream Jar,Cosmetics,8,29.67,2,96.47,5.47,3.499
Glass,Electronic Blister Pack,Electronics,9,39.04,2,99.64,3.06,1.816
Glass,Action Figure Pack,Toys,10,38.12,1,96.02,4.69,1.855
Aluminum,Pizza Box,Food Packaging,8,25.5,2,97.77,2.66,3.626
Glass,Spare Parts Box,Automotive,10,25.71,1,98.29,2.45,1.711
Corrugated Cardboard,Laptop Box,Electronics,9,25.93,7,81.53,0.51,0.89
Bagasse Fiber,Medical Container,Healthcare,6,10.8,8,76.66,2.5,0.376
Glass,Assembly Kit Box,Furniture,10,33.59,1,98.11,5.21,1.784
Bagasse Fiber,Appliance Carton,Home Appliances,5,12.99,10,80.33,2.14,0.397
Corrugated Cardboard,Clothing Box,Textiles,7,21.67,9,84.23,1.26,0.778
Corrugated Cardboard,Tile Packaging,Construction,7,14.4,8,87.03,0.95,0.782
Aluminum,Fabric Wrap,Textiles,8,29.5,1,96.31,2.95,3.494
Kraft Paper,Toy Box,Toys,4,9.35,9,86.15,0.64,0.616
Aluminum,Foam Insert Package,Home Appliances,8,27.38,1,95.26,3.63,3.574
Mushroom Packaging,Cement Liner Bag,Construction,7,9.0,10,66.97,2.94,0.407
Mushroom Packaging,Garment Bag,Textiles,6,8.4,9,65.79,2.44,0.387
Mushroom Packaging,Protective Cushioning Pack,Furniture,7,14.17,10,62.96,1.38,0.356
Aluminum,Syringe Pack,Healthcare,8,21.15,1,99.95,2.55,3.48
Recycled PET,Tile Packaging,Construction,9,24.37,4,91.6,1.76,2.099
Aluminum,Laptop Box,Electronics,9,22.58,1,96.8,3.73,3.546
PLA Bioplastic,Cosmetic Tube,Cosmetics,9,17.85,8,59.78,2.87,1.22
Corrugated Cardboard,Pizza Box,Food Packaging,7,14.32,9,88.56,1.46,0.791
Mushroom Packaging,Laptop Box,Electronics,5,10.45,9,61.58,3.04,0.385
Recycled PET,Toy Box,Toys,9,16.27,3,92.58,2.67,2.055
Kraft Paper,Toy Box,Toys,5,10.43,9,86.21,0.73,0.605
Recycled PET,Laptop Box,Electronics,8,15.85,2,85.12,1.77,2.035
Bagasse Fiber,Protective Cushioning Pack,Furniture,5,7.4,8,83.07,2.29,0.613
Bagasse Fiber,Beverage Bottle,Food Packaging,6,10.22,10,74.31,2.13,0.544
Bagasse Fiber,Protective Box,Home Appliances,6,7.07,9,75.46,1.09,0.465
Glass,Tile Packaging,Construction,10,38.91,2,96.77,4.05,1.773
PLA Bioplastic,Spare Parts Box,Automotive,9,8.56,8,57.43,1.97,1.142
Glass,TV Carton,Electronics,10,31.99,2,98.65,4.5,1.748
Glass,Oil Container,Automotive,10,33.31,1,98.78,5.78,1.764
Glass,Protective Cushioning Pack,Furniture,9,32.88,2,99.32,4.32,1.757
Bagasse Fiber,Protective Box,Home Appliances,5,9.83,8,70.81,1.72,0.488
Glass,Appliance Carton,Home Appliances,9,28.04,1,98.7,2.2,1.833
PLA Bioplastic,Spare Parts Box,Automotive,6,19.36,6,54.83,1.13,1.209
Bagasse Fiber,Medicine Box,Healthcare,7,9.75,10,77.26,1.12,0.452
Mushroom Packaging,Fabric Wrap,Textiles,6,8.23,9,72.52,1.27,0.365
Mushroom Packaging,Spare Parts Box,Automotive,5,13.5,10,78.49,2.91,0.486
Aluminum,Food Tray,Food Packaging,10,20.37,2,97.24,4.67,3.535
Mushroom Packaging,Protective Box,Home Appliances,5,12.56,10,62.45,1.51,0.405
Glass,Garment Bag,Textiles,9,30.15,2,95.56,5.34,1.85
Aluminum,Food Tray,Food Packaging,9,30.1,2,95.42,2.96,3.495
Corrugated Cardboard,Takeaway Container,Food Packaging,8,24.8,8,87.45,0.95,0.765
PLA Bioplastic,Board Game Box,Toys,9,10.99,7,63.89,1.5,1.079
Bagasse Fiber,Fabric Wrap,Textiles,5,12.5,8,84.2,1.43,0.464
Recycled PET,Protective Box,Home Appliances,8,29.48,4,88.5,2.14,2.092
Recycled PET,Takeaway Container,Food Packaging,8,16.41,3,94.29,2.72,2.159
Corrugated Cardboard,Fabric Wrap,Textiles,8,29.74,8,91.09,1.11,0.79
Bagasse Fiber,Protective Box,Home Appliances,5,6.82,10,75.64,2.48,0.438
Corrugated Cardboard,Takeaway Container,Food Packaging,6,29.53,9,82.75,0.58,0.826
Kraft Paper,Battery Packaging,Automotive,4,7.23,9,92.2,0.47,0.656
Bagasse Fiber,Cement Liner Bag,Construction,7,8.07,9,75.52,0.89,0.493
Kraft Paper,Clothing Box,Textiles,6,7.24,9,87.22,1.05,0.636
Corrugated Cardboard,Fabric Wrap,Textiles,6,25.46,8,85.63,0.58,0.854
Mushroom Packaging,Furniture Carton,Furniture,5,10.32,10,60.49,3.12,0.362
Bagasse Fiber,Syringe Pack,Healthcare,7,6.52,10,73.75,1.67,0.559
Recycled PET,Cement Liner Bag,Construction,9,20.82,2,85.7,2.82,2.083
Recycled PET,Toy Box,Toys,10,17.45,4,94.05,2.9,2.102
Corrugated Cardboard,Garment Bag,Textiles,9,33.91,8,83.82,0.76,0.891
PLA Bioplastic,Fabric Wrap,Textiles,7,13.19,8,55.83,1.4,1.218
Corrugated Cardboard,Hardware Container,Construction,6,33.2,8,91.4,0.98,0.771
Bagasse Fiber,Action Figure Pack,Toys,6,9.73,10,74.41,1.81,0.51
Recycled PET,Fabric Wrap,Textiles,8,19.36,2,93.37,2.03,1.996
Mushroom Packaging,Protective Cushioning Pack,Furniture,7,17.24,9,60.9,1.47,0.297
Glass,Medical Container,Healthcare,9,27.33,1,96.76,5.88,1.745
Glass,Tile Packaging,Construction,10,25.31,2,98.18,2.09,1.818
PLA Bioplastic,Cosmetic Tube,Cosmetics,7,14.01,8,64.43,2.61,1.232
Kraft Paper,Medical Container,Healthcare,7,8.61,8,91.26,1.25,0.654
Aluminum,Furniture Carton,Furniture,10,34.87,2,96.23,3.39,3.458
Bagasse Fiber,Cement Liner Bag,Construction,5,14.04,8,74.22,1.03,0.6
Aluminum,Beverage Bottle,Food Packaging,8,27.38,1,98.64,2.94,3.443
Glass,Laptop Box,Electronics,9,32.25,1,99.94,4.79,1.702
Aluminum,Cosmetic Tube,Cosmetics,9,27.52,1,97.3,4.43,3.476
Corrugated Cardboard,Garment Bag,Textiles,6,14.28,9,90.17,1.67,0.793
PLA Bioplastic,Beverage Bottle,Food Packaging,6,13.65,6,55.74,2.87,1.205
Kraft Paper,Assembly Kit Box,Furniture,4,6.04,8,91.19,1.13,0.57
Mushroom Packaging,Clothing Box,Textiles,5,14.5,10,60.41,1.56,0.395
Corrugated Cardboard,Action Figure Pack,Toys,8,14.68,8,84.25,0.87,0.826
Corrugated Cardboard,Cream Jar,Cosmetics,7,32.85,7,86.37,1.76,0.819
Bagasse Fiber,Protective Box,Home Appliances,6,9.51,10,84.67,1.16,0.438
Bagasse Fiber,Protective Cushioning Pack,Furniture,5,6.33,10,74.64,0.92,0.482
Recycled PET,Spare Parts Box,Automotive,8,24.79,3,93.87,3.26,2.152
Kraft Paper,TV Carton,Electronics,4,14.61,8,92.12,0.78,0.62
Recycled PET,Takeaway Container,Food Packaging,8,26.35,2,90.3,3.8,2.092
Recycled PET,Board Game Box,Toys,10,26.34,4,91.41,3.13,2.198
Corrugated Cardboard,Fabric Wrap,Textiles,7,33.22,8,88.49,0.64,0.782
Aluminum,Medical Container,Healthcare,10,27.96,1,99.59,5.34,3.451
Bagasse Fiber,Action Figure Pack,Toys,6,9.91,8,80.06,1.24,0.481
Bagasse Fiber,Cosmetic Tube,Cosmetics,6,8.31,10,78.86,1.37,0.49
Mushroom Packaging,TV Carton,Electronics,7,16.42,9,72.78,2.13,0.368
PLA Bioplastic,Board Game Box,Toys,7,18.31,7,57.65,1.1,1.244
Mushroom Packaging,Laptop Box,Electronics,6,14.01,9,76.36,2.34,0.383
PLA Bioplastic,Clothing Box,Textiles,7,14.69,8,61.03,1.25,1.202
Corrugated Cardboard,Pizza Box,Food Packaging,6,20.2,9,87.17,1.1,0.849
Recycled PET,Assembly Kit Box,Furniture,10,23.29,4,88.48,2.38,2.152
Glass,Cement Liner Bag,Construction,9,35.38,2,96.48,5.09,1.815
Recycled PET,Tablet Blister Pack,Healthcare,8,18.72,4,91.79,3.51,2.149
Aluminum,Beverage Bottle,Food Packaging,10,23.04,1,97.52,2.96,3.478
Bagasse Fiber,Food Tray,Food Packaging,7,9.43,9,70.39,1.42,0.534
Recycled PET,Mobile Box,Electronics,10,21.54,2,92.08,2.43,2.071
Glass,Tablet Blister Pack,Healthcare,10,34.99,1,98.99,2.61,1.768
Glass,Tile Packaging,Construction,10,36.16,2,95.42,5.19,1.896
PLA Bioplastic,Beverage Bottle,Food Packaging,8,15.75,6,63.62,2.41,1.222
Glass,Cement Liner Bag,Construction,9,32.84,2,96.22,2.76,1.806
Glass,Oil Container,Automotive,9,39.69,1,96.03,3.47,1.863
Mushroom Packaging,Cement Liner Bag,Construction,6,12.31,10,71.43,1.44,0.334
Glass,Food Tray,Food Packaging,10,20.74,1,96.8,4.51,1.908
Recycled PET,Pizza Box,Food Packaging,10,29.19,2,93.43,1.8,2.097
PLA Bioplastic,Pizza Box,Food Packaging,8,10.94,8,59.1,2.97,1.216
Mushroom Packaging,Laptop Box,Electronics,6,15.17,9,71.57,3.0,0.465
Mushroom Packaging,Foam Insert Package,Home Appliances,6,16.46,10,62.31,2.1,0.482
PLA Bioplastic,Cement Liner Bag,Construction,8,16.0,7,57.34,2.16,1.163
Bagasse Fiber,Fabric Wrap,Textiles,7,13.36,8,84.3,2.35,0.53
Corrugated Cardboard,Battery Packaging,Automotive,7,29.95,9,90.23,1.33,0.789
Glass,Mobile Box,Electronics,10,22.35,1,98.58,2.7,1.784
Recycled PET,Food Tray,Food Packaging,8,28.17,2,89.5,2.45,2.049
Recycled PET,Clothing Box,Textiles,8,19.3,3,89.34,3.61,2.028
Recycled PET,Tile Packaging,Construction,8,19.36,2,92.19,3.11,2.119
Glass,Toy Box,Toys,9,31.19,1,95.1,4.6,1.795
Corrugated Cardboard,Medicine Box,Healthcare,9,13.05,7,87.63,1.8,0.886
Aluminum,Toy Box,Toys,10,27.43,2,95.97,5.18,3.462
Kraft Paper,Tablet Blister Pack,Healthcare,6,6.25,10,90.57,1.4,0.691
Glass,Protective Box,Home Appliances,10,24.66,1,96.15,2.38,1.809
Recycled PET,Protective Box,Home Appliances,9,28.46,2,88.77,2.86,2.146
Glass,Assembly Kit Box,Furniture,10,22.69,2,99.26,4.96,1.81
Aluminum,Laptop Box,Electronics,10,34.08,1,97.29,4.77,3.587
Glass,Garment Bag,Textiles,9,34.76,2,95.5,4.43,1.815
Bagasse Fiber,Takeaway Container,Food Packaging,5,8.33,10,82.72,1.08,0.461
PLA Bioplastic,TV Carton,Electronics,7,19.14,7,57.43,2.59,1.156
PLA Bioplastic,Toy Box,Toys,7,19.13,6,60.12,2.44,1.116
PLA Bioplastic,Mobile Box,Electronics,7,10.62,7,64.68,1.17,1.213
Corrugated Cardboard,Electronic Blister Pack,Electronics,9,18.9,9,86.62,1.2,0.816
Glass,Protective Cushioning Pack,Furniture,10,38.68,1,97.4,2.7,1.76
Mushroom Packaging,Battery Packaging,Automotive,5,16.33,9,74.08,1.98,0.331
Bagasse Fiber,Hardware Container,Construction,5,14.87,10,83.75,0.83,0.496
Corrugated Cardboard,Hardware Container,Construction,7,34.14,7,82.32,1.1,0.822
Kraft Paper,Cement Liner Bag,Construction,7,6.57,8,90.17,0.96,0.579
Kraft Paper,Tablet Blister Pack,Healthcare,4,14.69,9,88.96,1.04,0.608
PLA Bioplastic,Medicine Box,Healthcare,6,16.03,8,64.03,2.33,1.19
Bagasse Fiber,Clothing Box,Textiles,5,13.34,9,72.23,2.22,0.528
Glass,Appliance Carton,Home Appliances,9,33.87,2,96.54,2.86,1.722
Bagasse Fiber,Hardware Container,Construction,6,9.17,10,73.27,1.0,0.408
Recycled PET,Tablet Blister Pack,Healthcare,10,20.76,3,93.92,3.63,2.052
Bagasse Fiber,Makeup Box,Cosmetics,6,10.17,8,70.01,1.07,0.572
Kraft Paper,Protective Cushioning Pack,Furniture,7,6.01,10,94.67,1.47,0.606
PLA Bioplastic,Food Tray,Food Packaging,9,9.4,8,62.52,2.69,1.246
Aluminum,Laptop Box,Electronics,10,22.53,1,97.98,4.0,3.508
Corrugated Cardboard,Protective Cushioning Pack,Furniture,7,18.07,7,82.33,1.97,0.824
Glass,Fabric Wrap,Textiles,9,32.37,1,96.73,2.39,1.781
Glass,Foam Insert Package,Home Appliances,10,22.49,2,98.32,3.21,1.834
Recycled PET,Takeaway Container,Food Packaging,8,15.12,3,94.46,3.1,2.076
Glass,Food Tray,Food Packaging,9,34.09,2,95.6,3.4,1.83
Glass,Garment Bag,Textiles,9,35.22,1,95.25,5.71,1.727
Corrugated Cardboard,Spare Parts Box,Automotive,9,23.03,7,85.71,0.6,0.774
Corrugated Cardboard,Garment Bag,Textiles,9,16.42,8,88.9,1.32,0.746
Bagasse Fiber,Protective Cushioning Pack,Furniture,6,9.05,10,73.0,1.8,0.479
Aluminum,Syringe Pack,Healthcare,10,32.84,1,95.68,4.46,3.435
Bagasse Fiber,Assembly Kit Box,Furniture,7,7.43,10,74.05,1.23,0.454
Corrugated Cardboard,Perfume Bottle,Cosmetics,6,16.25,9,84.67,1.05,0.798
Kraft Paper,TV Carton,Electronics,6,14.1,8,88.86,1.31,0.61
Recycled PET,Appliance Carton,Home Appliances,10,22.3,3,92.86,1.99,2.162
Recycled PET,Action Figure Pack,Toys,9,20.22,4,89.53,3.57,2.137
PLA Bioplastic,Protective Box,Home Appliances,9,14.03,7,63.28,2.13,1.181
Glass,Garment Bag,Textiles,10,37.86,1,98.37,5.05,1.753
Bagasse Fiber,Perfume Bottle,Cosmetics,5,8.44,9,80.23,2.01,0.509
Glass,Protective Box,Home Appliances,9,31.27,1,99.16,2.83,1.756
Aluminum,Cement Liner Bag,Construction,10,32.25,1,96.25,4.21,3.467
Glass,Tile Packaging,Construction,10,38.57,2,99.99,5.47,1.753
Kraft Paper,Electronic Blister Pack,Electronics,5,9.05,8,87.39,0.82,0.541
Glass,Clothing Box,Textiles,9,20.1,1,97.9,5.87,1.9
Recycled PET,Foam Insert Package,Home Appliances,8,23.62,3,88.13,2.63,2.16
PLA Bioplastic,Mobile Box,Electronics,9,9.38,8,66.36,1.29,1.229
Corrugated Cardboard,Laptop Box,Electronics,8,26.41,7,84.53,1.08,0.738
Bagasse Fiber,Beverage Bottle,Food Packaging,6,7.08,10,77.45,2.42,0.488
Bagasse Fiber,Hardware Container,Construction,5,12.12,10,81.65,1.34,0.431
Corrugated Cardboard,Hardware Container,Construction,9,33.87,7,89.45,1.8,0.718
Glass,Furniture Carton,Furniture,10,29.74,2,96.12,5.53,1.862
Kraft Paper,Food Tray,Food Packaging,4,8.88,8,86.43,0.72,0.497
Aluminum,Syringe Pack,Healthcare,9,27.5,2,97.44,2.75,3.465
Aluminum,Hardware Container,Construction,8,21.98,1,99.66,4.67,3.496
Bagasse Fiber,Assembly Kit Box,Furniture,6,8.96,8,81.61,1.33,0.511
Recycled PET,Syringe Pack,Healthcare,9,24.84,4,85.63,3.46,2.038
Mushroom Packaging,Furniture Carton,Furniture,6,10.54,9,79.49,2.22,0.373
Glass,Cement Liner Bag,Construction,10,22.89,2,95.83,3.94,1.802
Kraft Paper,Action Figure Pack,Toys,4,9.65,10,85.78,1.23,0.623
Kraft Paper,Oil Container,Automotive,4,11.61,8,89.96,0.76,0.646
Kraft Paper,Cosmetic Tube,Cosmetics,4,7.82,10,85.15,0.83,0.61
Glass,Garment Bag,Textiles,10,26.1,2,97.08,3.5,1.808
Glass,Pizza Box,Food Packaging,9,38.49,2,95.59,3.47,1.773
Aluminum,Laptop Box,Electronics,10,24.48,1,96.7,4.08,3.465
Mushroom Packaging,Board Game Box,Toys,6,12.56,9,78.45,3.06,0.388
Glass,Protective Cushioning Pack,Furniture,9,38.66,1,96.77,3.45,1.713
Bagasse Fiber,Takeaway Container,Food Packaging,5,7.0,9,81.59,1.69,0.406
Kraft Paper,Foam Insert Package,Home Appliances,6,10.15,8,88.81,1.1,0.635
Recycled PET,Clothing Box,Textiles,9,16.32,4,87.7,2.17,2.074
Bagasse Fiber,Medical Container,Healthcare,7,7.12,10,77.53,1.27,0.384
PLA Bioplastic,Spare Parts Box,Automotive,6,15.22,6,61.97,2.87,1.108
Glass,Oil Container,Automotive,10,30.34,2,99.85,4.89,1.759
Kraft Paper,Protective Box,Home Appliances,7,10.37,9,88.58,0.99,0.614
Mushroom Packaging,Assembly Kit Box,Furniture,7,14.88,9,78.03,2.69,0.437
Kraft Paper,Tile Packaging,Construction,6,9.27,10,93.81,0.34,0.63
PLA Bioplastic,Cement Liner Bag,Construction,9,15.48,8,67.84,2.24,1.242
Glass,Appliance Carton,Home Appliances,9,26.67,1,98.62,4.04,1.821
Kraft Paper,Assembly Kit Box,Furniture,4,9.01,8,92.45,0.95,0.574
Recycled PET,Cement Liner Bag,Construction,10,20.26,3,92.73,2.4,2.034
PLA Bioplastic,Protective Box,Home Appliances,9,12.47,6,65.25,1.16,1.264
Aluminum,Action Figure Pack,Toys,9,33.54,1,99.89,3.08,3.543
Kraft Paper,Electronic Blister Pack,Electronics,6,9.41,10,94.23,1.44,0.625
PLA Bioplastic,Assembly Kit Box,Furniture,7,19.5,6,54.28,1.82,1.171
PLA Bioplastic,Takeaway Container,Food Packaging,7,9.14,6,69.43,1.93,1.225
Kraft Paper,Cream Jar,Cosmetics,7,14.08,8,94.51,0.36,0.599
Corrugated Cardboard,Laptop Box,Electronics,9,11.21,9,91.32,0.56,0.841
Kraft Paper,Laptop Box,Electronics,5,9.84,9,92.09,1.16,0.595
Bagasse Fiber,Makeup Box,Cosmetics,5,14.2,9,71.99,1.71,0.419
Bagasse Fiber,Tile Packaging,Construction,6,7.58,8,83.71,1.66,0.464
Kraft Paper,Spare Parts Box,Automotive,4,14.99,9,85.49,0.59,0.62
Bagasse Fiber,Beverage Bottle,Food Packaging,5,8.61,9,80.47,2.07,0.486
Kraft Paper,Furniture Carton,Furniture,4,11.79,9,90.87,0.5,0.557
PLA Bioplastic,Oil Container,Automotive,6,19.03,7,60.27,1.38,1.147
Recycled PET,Fabric Wrap,Textiles,8,23.56,3,94.96,2.65,2.139
Recycled PET,Clothing Box,Textiles,9,19.84,4,90.15,2.22,2.139
Corrugated Cardboard,Makeup Box,Cosmetics,8,12.49,9,80.86,0.87,0.832
Mushroom Packaging,Furniture Carton,Furniture,5,14.42,9,79.18,2.68,0.526
Mushroom Packaging,Perfume Bottle,Cosmetics,7,17.54,10,72.5,2.7,0.399
Glass,Appliance Carton,Home Appliances,10,34.13,1,99.34,5.3,1.712
Aluminum,TV Carton,Electronics,10,24.46,2,96.87,3.75,3.479
PLA Bioplastic,Makeup Box,Cosmetics,8,13.41,7,54.78,1.15,1.207
Kraft Paper,Clothing Box,Textiles,6,13.55,8,94.21,0.63,0.502
Glass,Pizza Box,Food Packaging,10,29.18,1,99.03,5.92,1.81
Corrugated Cardboard,Clothing Box,Textiles,7,15.79,8,80.52,1.39,0.779
Recycled PET,Battery Packaging,Automotive,9,24.22,2,93.42,3.27,2.067
Recycled PET,Food Tray,Food Packaging,10,20.93,3,85.7,1.52,2.058
Kraft Paper,Protective Cushioning Pack,Furniture,7,12.33,8,91.14,0.92,0.575
Bagasse Fiber,Takeaway Container,Food Packaging,5,9.81,9,78.91,0.86,0.489
Corrugated Cardboard,Assembly Kit Box,Furniture,8,17.68,9,91.36,1.35,0.753
Recycled PET,Pizza Box,Food Packaging,10,15.53,4,91.48,3.8,2.05
Bagasse Fiber,Pizza Box,Food Packaging,7,8.8,8,79.8,2.45,0.367
Recycled PET,Board Game Box,Toys,10,23.19,4,88.22,2.85,2.177
Bagasse Fiber,Cream Jar,Cosmetics,7,10.62,8,84.69,1.58,0.547
Mushroom Packaging,Medical Container,Healthcare,7,13.42,9,61.22,3.37,0.37
Corrugated Cardboard,Pizza Box,Food Packaging,8,24.7,8,80.1,1.51,0.835
Glass,Toy Box,Toys,9,32.31,2,97.78,2.26,1.804
Bagasse Fiber,Fabric Wrap,Textiles,5,8.35,8,84.78,1.59,0.397
Corrugated Cardboard,Takeaway Container,Food Packaging,9,22.41,7,83.73,0.86,0.729
Bagasse Fiber,Cream Jar,Cosmetics,6,12.3,10,80.86,1.6,0.524
PLA Bioplastic,Board Game Box,Toys,8,19.95,6,57.6,1.91,1.18
Bagasse Fiber,Foam Insert Package,Home Appliances,6,10.0,10,84.14,1.79,0.461
Kraft Paper,Spare Parts Box,Automotive,4,14.86,8,94.72,0.73,0.584
Corrugated Cardboard,Fabric Wrap,Textiles,7,26.55,7,80.04,0.75,0.768
PLA Bioplastic,Cosmetic Tube,Cosmetics,8,17.17,6,62.98,2.01,1.28
Aluminum,Board Game Box,Toys,10,32.11,1,97.82,4.99,3.556
Bagasse Fiber,Electronic Blister Pack,Electronics,5,8.95,10,74.28,1.93,0.525
Recycled PET,Garment Bag,Textiles,8,26.05,3,91.93,2.35,2.036
Bagasse Fiber,Mobile Box,Electronics,7,8.96,10,70.61,2.39,0.543
Recycled PET,Protective Box,Home Appliances,10,26.42,3,92.7,3.78,2.114
Kraft Paper,Syringe Pack,Healthcare,4,8.52,9,93.05,0.55,0.646
Bagasse Fiber,Makeup Box,Cosmetics,5,12.09,8,78.69,0.87,0.456
Glass,Tile Packaging,Construction,9,27.58,2,99.85,4.97,1.867
PLA Bioplastic,Protective Box,Home Appliances,8,18.35,8,63.44,2.66,1.187
PLA Bioplastic,Clothing Box,Textiles,6,15.17,8,50.34,2.94,1.273
Glass,Furniture Carton,Furniture,9,29.63,2,98.15,5.56,1.773
Bagasse Fiber,Laptop Box,Electronics,6,8.92,9,81.77,1.82,0.379
Kraft Paper,Electronic Blister Pack,Electronics,4,14.07,9,87.48,0.94,0.622
Corrugated Cardboard,Battery Packaging,Automotive,8,29.11,7,81.09,0.54,0.784
Aluminum,Battery Packaging,Automotive,10,33.54,2,97.15,3.24,3.406
Kraft Paper,Hardware Container,Construction,7,13.75,9,92.6,0.85,0.608
Mushroom Packaging,Hardware Container,Construction,5,16.78,9,68.23,2.65,0.398
PLA Bioplastic,Electronic Blister Pack,Electronics,7,19.68,7,57.5,2.11,1.224
Corrugated Cardboard,Fabric Wrap,Textiles,6,30.04,7,80.36,1.61,0.805
Mushroom Packaging,Laptop Box,Electronics,5,15.25,9,76.69,1.84,0.431
Corrugated Cardboard,Tile Packaging,Construction,6,19.34,9,83.88,1.35,0.806
Aluminum,TV Carton,Electronics,10,32.13,1,99.49,2.76,3.472
Glass,Takeaway Container,Food Packaging,10,30.55,1,97.23,3.65,1.693
Mushroom Packaging,Appliance Carton,Home Appliances,6,9.39,10,66.61,2.93,0.426
Corrugated Cardboard,Battery Packaging,Automotive,8,10.59,7,85.69,1.54,0.838
Mushroom Packaging,Battery Packaging,Automotive,6,10.5,10,77.87,3.48,0.353
Bagasse Fiber,Food Tray,Food Packaging,7,11.79,10,77.05,1.27,0.576
Kraft Paper,Pizza Box,Food Packaging,6,5.53,10,93.34,0.9,0.502
PLA Bioplastic,Tablet Blister Pack,Healthcare,6,15.53,8,69.54,1.66,1.175
Recycled PET,Cream Jar,Cosmetics,10,22.44,4,87.32,2.6,2.14
Mushroom Packaging,Medicine Box,Healthcare,6,17.33,10,78.83,3.17,0.277
Mushroom Packaging,Toy Box,Toys,7,12.56,9,65.05,2.77,0.362
Mushroom Packaging,Appliance Carton,Home Appliances,7,13.55,9,60.2,3.23,0.367
PLA Bioplastic,Garment Bag,Textiles,8,15.76,6,61.51,1.41,1.185
Corrugated Cardboard,Assembly Kit Box,Furniture,6,20.1,8,89.55,1.81,0.74
Kraft Paper,Toy Box,Toys,6,13.47,10,94.81,0.37,0.569
Glass,Action Figure Pack,Toys,10,21.21,2,97.05,5.55,1.801
Mushroom Packaging,Tile Packaging,Construction,5,15.58,9,66.86,1.96,0.29
Corrugated Cardboard,Spare Parts Box,Automotive,8,15.33,9,80.16,0.97,0.813
Aluminum,Tile Packaging,Construction,8,26.47,2,97.47,4.04,3.478
Mushroom Packaging,Laptop Box,Electronics,6,15.75,9,60.35,3.36,0.305
Recycled PET,Battery Packaging,Automotive,9,15.67,4,90.9,1.62,2.049
Kraft Paper,Protective Box,Home Appliances,6,14.53,9,85.8,0.72,0.629
PLA Bioplastic,Mobile Box,Electronics,9,9.33,6,59.2,2.71,1.255
Recycled PET,Laptop Box,Electronics,10,15.28,2,93.47,2.49,2.065
PLA Bioplastic,Cream Jar,Cosmetics,8,16.5,6,69.09,1.4,1.259
Recycled PET,Takeaway Container,Food Packaging,9,18.59,3,93.52,2.56,2.049
Bagasse Fiber,Action Figure Pack,Toys,6,11.77,10,74.3,1.46,0.479
Glass,Assembly Kit Box,Furniture,9,27.35,1,99.05,5.66,1.775
Kraft Paper,Action Figure Pack,Toys,7,9.4,10,90.64,1.21,0.674
Recycled PET,Garment Bag,Textiles,8,21.14,4,87.8,2.76,2.069
Glass,Protective Cushioning Pack,Furniture,9,20.77,1,98.01,5.95,1.737
Mushroom Packaging,Foam Insert Package,Home Appliances,7,8.43,9,60.4,2.27,0.351
Recycled PET,Assembly Kit Box,Furniture,8,20.12,3,93.24,1.65,2.073
Corrugated Cardboard,Tablet Blister Pack,Healthcare,8,12.69,7,81.23,0.89,0.725
Kraft Paper,Action Figure Pack,Toys,6,6.86,8,86.48,0.82,0.522
Corrugated Cardboard,Food Tray,Food Packaging,7,22.6,8,80.91,0.74,0.818
PLA Bioplastic,Protective Box,Home Appliances,7,14.02,7,60.43,2.9,1.201
Aluminum,Hardware Container,Construction,8,21.96,2,97.94,4.8,3.567
Corrugated Cardboard,Cosmetic Tube,Cosmetics,6,24.48,7,91.45,0.9,0.749
Corrugated Cardboard,Food Tray,Food Packaging,8,34.88,9,80.4,1.39,0.773
Bagasse Fiber,Beverage Bottle,Food Packaging,5,8.13,10,82.34,2.03,0.417
Kraft Paper,Toy Box,Toys,5,7.23,10,90.0,1.43,0.553
Corrugated Cardboard,Appliance Carton,Home Appliances,8,31.24,9,80.57,1.82,0.827
Corrugated Cardboard,Oil Container,Automotive,6,19.14,9,89.09,1.27,0.812
Kraft Paper,Furniture Carton,Furniture,5,10.8,8,85.49,1.23,0.61
Recycled PET,Protective Box,Home Appliances,8,21.34,3,89.31,2.91,2.054
Corrugated Cardboard,Mobile Box,Electronics,6,21.7,7,81.75,1.33,0.936
PLA Bioplastic,Tablet Blister Pack,Healthcare,8,19.05,6,69.05,1.23,1.223
PLA Bioplastic,Electronic Blister Pack,Electronics,7,12.7,6,56.82,1.25,1.151
Bagasse Fiber,Action Figure Pack,Toys,5,13.16,9,74.33,1.7,0.48
Recycled PET,Takeaway Container,Food Packaging,9,26.29,3,85.43,2.17,2.044
Mushroom Packaging,Toy Box,Toys,6,10.77,9,68.94,1.25,0.368
Glass,Makeup Box,Cosmetics,9,29.86,1,96.77,4.89,1.799
PLA Bioplastic,Action Figure Pack,Toys,7,8.46,8,68.09,1.06,1.192
Recycled PET,Garment Bag,Textiles,10,17.5,4,89.44,2.99,2.085
Aluminum,Laptop Box,Electronics,10,34.17,2,99.09,4.12,3.562
Mushroom Packaging,Fabric Wrap,Textiles,6,15.67,9,69.11,3.43,0.437
Corrugated Cardboard,Hardware Container,Construction,6,17.09,7,90.44,1.23,0.883
Aluminum,Spare Parts Box,Automotive,10,23.06,2,96.26,2.69,3.452
Aluminum,TV Carton,Electronics,10,32.72,1,97.3,4.16,3.465
Mushroom Packaging,Assembly Kit Box,Furniture,6,8.63,9,76.4,3.13,0.376
Aluminum,Protective Cushioning Pack,Furniture,10,30.46,2,95.47,5.49,3.608
Bagasse Fiber,Medicine Box,Healthcare,7,13.51,10,76.54,1.53,0.533
Mushroom Packaging,Cosmetic Tube,Cosmetics,7,10.7,9,70.15,1.94,0.457
Recycled PET,Appliance Carton,Home Appliances,9,22.48,2,85.17,3.77,2.115
Glass,Assembly Kit Box,Furniture,10,20.16,2,96.97,2.76,1.741
PLA Bioplastic,Tablet Blister Pack,Healthcare,6,16.1,7,60.73,2.23,1.134
Corrugated Cardboard,Tile Packaging,Construction,9,31.97,9,81.1,1.11,0.874
Corrugated Cardboard,Appliance Carton,Home Appliances,9,19.98,9,82.03,0.56,0.73
Bagasse Fiber,Action Figure Pack,Toys,7,14.05,8,73.74,1.39,0.463
Aluminum,Tile Packaging,Construction,9,31.67,2,96.63,3.3,3.459
Corrugated Cardboard,Takeaway Container,Food Packaging,6,23.92,9,84.0,1.53,0.838
Kraft Paper,Perfume Bottle,Cosmetics,5,11.76,10,90.98,1.44,0.624
Glass,Assembly Kit Box,Furniture,9,39.03,2,96.48,3.07,1.852
Bagasse Fiber,Medical Container,Healthcare,6,12.67,10,78.05,2.18,0.431
Kraft Paper,Oil Container,Automotive,4,8.98,10,89.67,0.37,0.593
Aluminum,Clothing Box,Textiles,8,22.96,1,99.07,4.11,3.466
Kraft Paper,Furniture Carton,Furniture,4,7.65,10,86.57,0.38,0.59
Bagasse Fiber,Pizza Box,Food Packaging,6,9.84,9,72.77,2.39,0.498
Glass,Cosmetic Tube,Cosmetics,10,23.91,1,98.96,5.07,1.736
Corrugated Cardboard,Takeaway Container,Food Packaging,6,31.1,8,91.45,1.49,0.775
Bagasse Fiber,Toy Box,Toys,5,14.2,9,77.19,2.2,0.604
Mushroom Packaging,Battery Packaging,Automotive,7,16.22,10,61.92,2.69,0.408
Aluminum,Cosmetic Tube,Cosmetics,9,30.84,1,97.55,5.41,3.426
Corrugated Cardboard,Appliance Carton,Home Appliances,6,28.81,7,84.34,1.57,0.81
Kraft Paper,TV Carton,Electronics,7,14.86,10,92.62,1.41,0.579
Kraft Paper,Electronic Blister Pack,Electronics,7,10.72,9,89.97,0.92,0.683
Bagasse Fiber,Perfume Bottle,Cosmetics,7,6.21,8,84.77,1.0,0.515
Kraft Paper,Food Tray,Food Packaging,4,7.62,10,91.74,0.93,0.533
Mushroom Packaging,Cosmetic Tube,Cosmetics,7,17.16,10,78.96,1.49,0.426
Glass,Garment Bag,Textiles,10,27.1,1,98.8,4.37,1.726
Recycled PET,Oil Container,Automotive,10,19.75,2,86.0,2.71,2.038
Aluminum,Garment Bag,Textiles,10,34.97,1,95.38,4.37,3.486
Mushroom Packaging,Mobile Box,Electronics,5,13.91,10,64.36,1.22,0.426
Corrugated Cardboard,Cement Liner Bag,Construction,9,17.07,8,88.15,0.79,0.808
Recycled PET,Fabric Wrap,Textiles,8,28.0,3,85.44,2.73,2.098
Bagasse Fiber,Laptop Box,Electronics,7,8.6,10,83.49,2.42,0.461
Aluminum,Board Game Box,Toys,8,29.35,1,97.87,3.65,3.471
PLA Bioplastic,Clothing Box,Textiles,8,12.99,8,52.1,1.85,1.206
PLA Bioplastic,Hardware Container,Construction,6,16.22,8,61.13,2.43,1.183
Corrugated Cardboard,Hardware Container,Construction,9,26.0,7,80.12,1.41,0.847
Bagasse Fiber,Hardware Container,Construction,5,6.32,10,73.6,1.31,0.493
Glass,Beverage Bottle,Food Packaging,10,31.28,1,97.16,3.64,1.875
Aluminum,Hardware Container,Construction,9,31.01,1,98.49,3.15,3.528
Corrugated Cardboard,Battery Packaging,Automotive,6,22.55,7,90.86,1.95,0.747
Bagasse Fiber,Tablet Blister Pack,Healthcare,7,9.52,9,75.84,1.02,0.496
Recycled PET,Beverage Bottle,Food Packaging,8,16.46,4,88.05,2.43,2.152
Mushroom Packaging,Battery Packaging,Automotive,6,11.06,9,79.95,1.26,0.393
Corrugated Cardboard,Tile Packaging,Construction,9,13.91,9,89.41,0.83,0.802
Mushroom Packaging,Protective Cushioning Pack,Furniture,7,10.63,10,72.58,3.0,0.336
Recycled PET,Cosmetic Tube,Cosmetics,10,22.05,4,94.58,2.0,2.079
Mushroom Packaging,Action Figure Pack,Toys,7,10.53,10,72.87,1.38,0.447
Mushroom Packaging,Clothing Box,Textiles,5,12.27,9,75.96,2.29,0.439
Aluminum,Fabric Wrap,Textiles,10,34.67,1,98.5,2.53,3.442
Bagasse Fiber,Appliance Carton,Home Appliances,7,7.25,9,77.35,0.94,0.48
Glass,Cement Liner Bag,Construction,9,37.31,1,98.27,5.23,1.845
Aluminum,Cement Liner Bag,Construction,8,23.45,2,99.46,4.81,3.417
Glass,Tablet Blister Pack,Healthcare,9,35.63,1,98.07,5.66,1.767
Kraft Paper,Appliance Carton,Home Appliances,5,14.44,9,86.56,1.33,0.655
Mushroom Packaging,Board Game Box,Toys,5,11.82,10,63.98,2.77,0.468
Corrugated Cardboard,Clothing Box,Textiles,6,33.04,8,90.03,0.58,0.817
Glass,Foam Insert Package,Home Appliances,10,25.14,1,96.48,5.13,1.818
PLA Bioplastic,Assembly Kit Box,Furniture,9,8.63,6,64.08,2.69,1.077
Bagasse Fiber,Cement Liner Bag,Construction,6,12.78,9,78.66,2.16,0.508
Glass,Oil Container,Automotive,9,38.65,2,97.13,4.03,1.808
PLA Bioplastic,Oil Container,Automotive,9,16.39,6,65.2,1.47,1.234
Kraft Paper,Clothing Box,Textiles,6,14.7,8,85.4,1.31,0.578
Recycled PET,Protective Box,Home Appliances,9,29.14,2,88.93,3.32,2.109
Aluminum,Fabric Wrap,Textiles,10,23.65,2,95.54,5.44,3.541
Kraft Paper,Pizza Box,Food Packaging,4,9.94,10,91.32,0.49,0.696
Bagasse Fiber,Furniture Carton,Furniture,7,10.47,9,85.0,1.18,0.463
Corrugated Cardboard,Appliance Carton,Home Appliances,6,20.09,9,87.95,0.82,0.817
PLA Bioplastic,Oil Container,Automotive,9,17.25,7,52.17,2.59,1.205
Glass,Foam Insert Package,Home Appliances,10,22.02,2,96.39,2.75,1.749
Recycled PET,Spare Parts Box,Automotive,8,20.99,3,88.7,1.67,2.099
PLA Bioplastic,Medicine Box,Healthcare,9,17.38,6,53.48,3.0,1.225
Bagasse Fiber,Pizza Box,Food Packaging,6,10.72,10,79.88,0.84,0.45
Glass,Syringe Pack,Healthcare,9,20.98,1,95.23,5.34,1.76
Aluminum,Furniture Carton,Furniture,9,34.25,2,96.45,3.6,3.484
Mushroom Packaging,Garment Bag,Textiles,7,11.97,10,79.79,3.14,0.473
Glass,Takeaway Container,Food Packaging,10,23.58,2,96.18,4.22,1.762
Kraft Paper,Spare Parts Box,Automotive,5,8.42,8,85.78,1.38,0.508
Kraft Paper,Appliance Carton,Home Appliances,5,13.02,9,91.97,1.41,0.551
Mushroom Packaging,Cream Jar,Cosmetics,6,15.06,10,61.74,1.22,0.471
Recycled PET,Cosmetic Tube,Cosmetics,10,27.55,4,93.98,1.69,2.092
Recycled PET,Fabric Wrap,Textiles,10,22.72,4,90.97,2.13,2.155
Glass,Oil Container,Automotive,9,20.52,1,95.63,4.68,1.814
Corrugated Cardboard,Action Figure Pack,Toys,8,14.1,7,80.99,1.83,0.724
Recycled PET,Medicine Box,Healthcare,10,23.26,2,85.89,2.65,2.069
Recycled PET,Board Game Box,Toys,10,28.5,3,88.73,3.02,2.034
Kraft Paper,Clothing Box,Textiles,7,12.87,9,85.88,0.53,0.603
Kraft Paper,Cement Liner Bag,Construction,7,14.96,8,94.68,1.27,0.6
Mushroom Packaging,Tile Packaging,Construction,6,11.68,9,65.5,3.42,0.408
Kraft Paper,Battery Packaging,Automotive,6,7.59,9,91.54,0.62,0.572
Recycled PET,Appliance Carton,Home Appliances,8,23.22,2,88.11,2.74,2.16
PLA Bioplastic,Cream Jar,Cosmetics,7,16.33,6,60.38,1.17,1.199
Recycled PET,Tile Packaging,Construction,8,17.43,4,90.65,2.9,2.102
Aluminum,Assembly Kit Box,Furniture,8,27.89,1,96.64,4.01,3.547
Kraft Paper,Mobile Box,Electronics,6,7.35,10,86.46,0.47,0.646
Recycled PET,Syringe Pack,Healthcare,10,18.69,3,93.55,2.61,2.078
Kraft Paper,Medicine Box,Healthcare,6,11.16,10,90.38,0.7,0.648
Kraft Paper,Protective Box,Home Appliances,6,11.2,8,92.48,0.93,0.543
Glass,Appliance Carton,Home Appliances,9,31.19,2,98.23,4.34,1.784
Corrugated Cardboard,Hardware Container,Construction,6,28.01,7,90.46,0.51,0.836
Recycled PET,Board Game Box,Toys,8,17.66,4,88.72,3.4,2.023
Bagasse Fiber,Mobile Box,Electronics,6,13.83,8,76.8,2.01,0.543
Recycled PET,Hardware Container,Construction,8,26.77,3,85.44,2.42,2.117
Kraft Paper,Laptop Box,Electronics,6,8.49,8,87.73,0.36,0.613
Glass,Makeup Box,Cosmetics,9,20.07,2,99.3,5.02,1.905
Corrugated Cardboard,Takeaway Container,Food Packaging,8,11.36,7,83.72,1.93,0.844
Corrugated Cardboard,Cosmetic Tube,Cosmetics,6,27.14,8,91.05,0.86,0.87
Recycled PET,Protective Cushioning Pack,Furniture,8,24.82,3,89.7,2.31,2.147
Corrugated Cardboard,Tile Packaging,Construction,6,32.8,9,91.17,0.78,0.76
Recycled PET,Foam Insert Package,Home Appliances,8,17.69,4,89.72,2.94,2.011
PLA Bioplastic,Toy Box,Toys,7,17.33,6,65.76,1.31,1.185
Kraft Paper,Beverage Bottle,Food Packaging,6,12.96,9,85.79,0.73,0.515
Bagasse Fiber,Oil Container,Automotive,7,9.04,8,77.65,1.98,0.5
Corrugated Cardboard,Laptop Box,Electronics,7,15.5,7,81.41,1.34,0.771
Aluminum,Mobile Box,Electronics,8,23.04,1,97.89,3.66,3.535
Aluminum,Action Figure Pack,Toys,10,20.32,2,99.29,3.76,3.519
Aluminum,Medicine Box,Healthcare,8,25.5,2,98.2,4.19,3.377
Aluminum,Assembly Kit Box,Furniture,10,29.76,1,95.77,2.52,3.506
Mushroom Packaging,Fabric Wrap,Textiles,6,17.86,10,72.73,1.38,0.381
PLA Bioplastic,Toy Box,Toys,7,14.26,6,53.51,2.76,1.106
Aluminum,Toy Box,Toys,8,31.48,1,97.91,2.73,3.554
Mushroom Packaging,Clothing Box,Textiles,6,17.15,9,76.09,2.83,0.339
Kraft Paper,Tile Packaging,Construction,7,12.92,8,86.31,1.4,0.665
Glass,Appliance Carton,Home Appliances,10,35.78,2,98.69,3.08,1.736
Corrugated Cardboard,Medical Container,Healthcare,6,11.86,9,90.94,1.06,0.721
Recycled PET,Spare Parts Box,Automotive,8,29.09,2,86.67,2.92,2.103
Recycled PET,Electronic Blister Pack,Electronics,9,28.71,2,86.35,3.7,2.178
PLA Bioplastic,TV Carton,Electronics,9,14.7,7,59.48,2.88,1.23
PLA Bioplastic,Takeaway Container,Food Packaging,9,16.4,6,51.86,2.48,1.168
Mushroom Packaging,Hardware Container,Construction,6,14.71,10,60.48,1.4,0.42
Bagasse Fiber,Spare Parts Box,Automotive,6,7.52,10,70.99,1.94,0.542
Bagasse Fiber,Spare Parts Box,Automotive,5,9.81,8,73.36,1.5,0.399
Corrugated Cardboard,Assembly Kit Box,Furniture,7,11.96,8,89.51,1.21,0.717
Kraft Paper,Medicine Box,Healthcare,7,11.95,9,85.25,0.36,0.573
Recycled PET,Beverage Bottle,Food Packaging,8,23.98,3,93.07,1.98,2.108
Bagasse Fiber,TV Carton,Electronics,5,8.93,9,73.55,2.14,0.528
Aluminum,Fabric Wrap,Textiles,8,25.45,1,96.62,3.86,3.486
Mushroom Packaging,Toy Box,Toys,6,14.33,9,68.09,1.89,0.322
Aluminum,Tablet Blister Pack,Healthcare,9,32.59,1,95.39,3.65,3.496
Mushroom Packaging,Cream Jar,Cosmetics,5,10.88,9,69.41,3.17,0.402
PLA Bioplastic,Makeup Box,Cosmetics,7,19.17,8,53.82,2.5,1.222
Recycled PET,Tile Packaging,Construction,10,25.36,4,91.25,2.18,2.006
Corrugated Cardboard,Fabric Wrap,Textiles,8,15.35,8,87.02,0.68,0.847
Aluminum,Pizza Box,Food Packaging,9,32.72,2,95.61,3.26,3.505
Glass,Electronic Blister Pack,Electronics,9,29.44,1,97.93,5.68,1.766
PLA Bioplastic,Mobile Box,Electronics,8,8.55,7,65.85,2.16,1.21
PLA Bioplastic,Fabric Wrap,Textiles,6,18.33,7,63.29,2.07,1.124
Mushroom Packaging,Medical Container,Healthcare,5,8.38,9,62.21,2.57,0.394
Mushroom Packaging,Perfume Bottle,Cosmetics,6,11.75,9,62.26,2.04,0.432
Kraft Paper,Makeup Box,Cosmetics,7,13.54,8,93.02,1.27,0.589
Bagasse Fiber,Takeaway Container,Food Packaging,6,9.07,10,71.54,1.69,0.443
PLA Bioplastic,Hardware Container,Construction,9,17.76,8,55.51,1.23,1.144
Mushroom Packaging,Beverage Bottle,Food Packaging,7,16.26,9,70.53,1.5,0.265
Kraft Paper,Cream Jar,Cosmetics,7,6.45,8,87.13,0.94,0.577
Corrugated Cardboard,Tile Packaging,Construction,9,28.98,8,90.73,1.9,0.798
Kraft Paper,Fabric Wrap,Textiles,6,5.85,9,85.45,0.67,0.558
Mushroom Packaging,TV Carton,Electronics,6,17.34,9,68.11,3.2,0.477
Recycled PET,Garment Bag,Textiles,9,19.01,4,93.79,3.41,2.197
Bagasse Fiber,Food Tray,Food Packaging,5,12.25,8,76.12,1.22,0.533
Aluminum,Garment Bag,Textiles,9,33.18,2,99.23,2.61,3.535
Aluminum,Food Tray,Food Packaging,9,32.17,1,97.41,2.81,3.476
Recycled PET,Medical Container,Healthcare,9,28.26,2,94.8,3.32,2.145
Bagasse Fiber,Oil Container,Automotive,7,7.45,8,81.25,1.14,0.433
Glass,Board Game Box,Toys,9,35.91,2,96.34,3.49,1.868
Glass,Medicine Box,Healthcare,10,37.48,1,96.2,4.01,1.783
Kraft Paper,Mobile Box,Electronics,4,9.56,9,89.25,1.17,0.666
Recycled PET,Action Figure Pack,Toys,10,23.25,4,91.93,1.78,2.169
PLA Bioplastic,Hardware Container,Construction,7,14.68,7,58.25,1.81,1.293
Recycled PET,Pizza Box,Food Packaging,9,23.77,2,91.06,2.71,2.153
Mushroom Packaging,Electronic Blister Pack,Electronics,5,9.11,9,79.2,2.44,0.358
Bagasse Fiber,Cream Jar,Cosmetics,7,6.86,10,78.97,2.19,0.52
Bagasse Fiber,Assembly Kit Box,Furniture,7,7.64,9,75.83,1.09,0.578
Mushroom Packaging,Protective Cushioning Pack,Furniture,5,14.08,10,68.09,3.06,0.341
Bagasse Fiber,Action Figure Pack,Toys,5,11.45,10,70.98,1.98,0.411
Recycled PET,Spare Parts Box,Automotive,8,28.88,3,91.58,2.89,2.177
Aluminum,Assembly Kit Box,Furniture,8,31.55,1,99.92,4.6,3.546
Aluminum,Tablet Blister Pack,Healthcare,9,34.84,2,96.68,3.74,3.478
Aluminum,Mobile Box,Electronics,10,24.93,2,97.1,2.92,3.507
PLA Bioplastic,Action Figure Pack,Toys,9,12.59,6,59.56,2.33,1.151
Recycled PET,Assembly Kit Box,Furniture,10,23.2,4,86.3,2.81,2.084
Recycled PET,Cement Liner Bag,Construction,10,25.49,2,92.36,3.1,2.068
PLA Bioplastic,Syringe Pack,Healthcare,9,18.79,8,67.4,1.68,1.15
Bagasse Fiber,Furniture Carton,Furniture,7,14.31,10,72.86,2.34,0.5
Glass,Cement Liner Bag,Construction,9,24.66,2,97.46,4.35,1.754
Bagasse Fiber,Cream Jar,Cosmetics,6,7.31,9,73.64,0.95,0.409
Bagasse Fiber,Furniture Carton,Furniture,7,10.96,9,73.17,1.56,0.577
Recycled PET,Mobile Box,Electronics,10,27.98,3,93.14,3.39,2.042
Corrugated Cardboard,Food Tray,Food Packaging,9,17.03,7,84.44,1.69,0.846
PLA Bioplastic,Beverage Bottle,Food Packaging,8,12.39,7,69.93,1.99,1.231
Aluminum,Board Game Box,Toys,8,24.25,1,98.92,5.18,3.53
Aluminum,Syringe Pack,Healthcare,8,31.78,2,97.89,3.3,3.547
Bagasse Fiber,Beverage Bottle,Food Packaging,5,12.35,9,78.43,1.5,0.48
Corrugated Cardboard,Oil Container,Automotive,7,18.6,9,85.81,1.85,0.833
Corrugated Cardboard,Cement Liner Bag,Construction,8,32.91,7,80.32,1.84,0.842
Aluminum,Cement Liner Bag,Construction,8,20.62,2,98.37,4.56,3.53
PLA Bioplastic,Fabric Wrap,Textiles,9,9.54,7,63.63,2.72,1.169
PLA Bioplastic,Tile Packaging,Construction,9,19.92,6,56.59,1.18,1.233
Bagasse Fiber,Perfume Bottle,Cosmetics,7,14.6,8,79.7,2.27,0.488
Corrugated Cardboard,Protective Box,Home Appliances,7,33.39,7,82.9,0.98,0.78
Bagasse Fiber,Clothing Box,Textiles,5,13.61,10,71.2,1.1,0.459
Kraft Paper,Action Figure Pack,Toys,7,8.26,8,94.24,0.59,0.597
Corrugated Cardboard,Battery Packaging,Automotive,6,15.63,8,91.69,1.13,0.815
Bagasse Fiber,Spare Parts Box,Automotive,6,13.52,9,71.65,1.23,0.437
Glass,Pizza Box,Food Packaging,10,20.4,2,96.41,3.28,1.824
Kraft Paper,Electronic Blister Pack,Electronics,6,7.08,8,91.47,0.46,0.673
Aluminum,Medical Container,Healthcare,8,31.64,2,98.66,3.39,3.493
Bagasse Fiber,Tile Packaging,Construction,6,11.48,9,72.94,1.77,0.617
Aluminum,Clothing Box,Textiles,10,27.16,2,99.71,3.83,3.495
Kraft Paper,Spare Parts Box,Automotive,4,8.42,10,90.24,0.72,0.635
PLA Bioplastic,Pizza Box,Food Packaging,6,14.27,7,63.18,2.49,1.163
Glass,Toy Box,Toys,10,35.13,1,98.45,5.57,1.738
Glass,Makeup Box,Cosmetics,10,36.42,2,98.05,5.03,1.923
Mushroom Packaging,Laptop Box,Electronics,6,17.6,10,71.56,1.96,0.386
Recycled PET,Syringe Pack,Healthcare,10,25.35,4,90.67,3.36,2.028
Kraft Paper,Protective Cushioning Pack,Furniture,5,13.06,8,86.61,0.48,0.633
Corrugated Cardboard,Toy Box,Toys,7,34.11,9,81.75,0.7,0.863
Aluminum,Appliance Carton,Home Appliances,10,21.34,1,96.37,3.54,3.488
Aluminum,Laptop Box,Electronics,10,33.97,1,98.18,4.92,3.334
Corrugated Cardboard,Takeaway Container,Food Packaging,7,25.81,7,86.65,0.87,0.869
Mushroom Packaging,Oil Container,Automotive,7,8.28,9,70.01,1.35,0.419
Kraft Paper,Takeaway Container,Food Packaging,7,10.51,8,86.97,0.46,0.56
Bagasse Fiber,Clothing Box,Textiles,5,8.87,10,84.42,2.26,0.429
Mushroom Packaging,TV Carton,Electronics,7,9.77,10,70.19,2.66,0.463
Recycled PET,Board Game Box,Toys,8,28.98,4,94.94,2.13,2.116
PLA Bioplastic,Furniture Carton,Furniture,8,11.73,7,56.36,2.11,1.202
PLA Bioplastic,Tile Packaging,Construction,9,10.41,6,67.85,2.06,1.33
PLA Bioplastic,Protective Box,Home Appliances,9,16.53,8,58.72,2.31,1.171
Recycled PET,Pizza Box,Food Packaging,8,29.77,2,94.13,2.08,2.08
Recycled PET,Cement Liner Bag,Construction,9,27.24,4,85.7,3.66,2.095
Glass,Food Tray,Food Packaging,9,24.75,1,97.58,3.24,1.847
Mushroom Packaging,Pizza Box,Food Packaging,6,16.83,9,61.12,2.8,0.262
Mushroom Packaging,Battery Packaging,Automotive,7,8.06,9,72.45,1.24,0.423
Corrugated Cardboard,Medicine Box,Healthcare,7,23.53,9,88.29,1.06,0.742
PLA Bioplastic,Protective Cushioning Pack,Furniture,7,8.06,8,68.1,1.7,1.109
Mushroom Packaging,Toy Box,Toys,6,14.23,10,66.06,2.45,0.395
Bagasse Fiber,Beverage Bottle,Food Packaging,6,13.07,10,71.24,0.92,0.463
Glass,Laptop Box,Electronics,10,37.11,2,98.16,5.16,1.696
Recycled PET,Takeaway Container,Food Packaging,8,29.36,4,92.92,2.04,2.088
Recycled PET,Tile Packaging,Construction,9,28.52,2,93.8,3.19,2.181
Mushroom Packaging,Electronic Blister Pack,Electronics,6,17.18,9,74.59,3.05,0.352
Corrugated Cardboard,Clothing Box,Textiles,6,26.88,7,83.96,1.34,0.758
Mushroom Packaging,Tile Packaging,Construction,6,15.61,9,69.53,2.9,0.409
Kraft Paper,Protective Box,Home Appliances,4,14.33,8,88.12,1.09,0.554
Kraft Paper,Action Figure Pack,Toys,5,5.96,8,88.4,0.73,0.571
Corrugated Cardboard,Tile Packaging,Construction,7,30.69,9,84.79,1.71,0.784
Glass,Toy Box,Toys,9,32.29,1,95.24,3.18,1.814
Glass,Board Game Box,Toys,9,35.43,1,98.64,4.28,1.876
Mushroom Packaging,Cosmetic Tube,Cosmetics,5,16.81,10,77.47,2.91,0.379
Recycled PET,Protective Cushioning Pack,Furniture,8,16.95,2,88.18,2.45,2.148
Glass,Battery Packaging,Automotive,9,29.43,1,96.97,3.21,1.898
Bagasse Fiber,Clothing Box,Textiles,7,7.36,9,75.18,1.58,0.474
Bagasse Fiber,TV Carton,Electronics,5,9.65,10,84.33,2.19,0.432
Kraft Paper,Clothing Box,Textiles,7,14.91,10,90.44,1.42,0.507
Aluminum,Takeaway Container,Food Packaging,10,25.06,2,99.54,4.14,3.562
Kraft Paper,Toy Box,Toys,7,14.86,8,93.66,1.09,0.553
Aluminum,Board Game Box,Toys,10,23.98,1,97.89,5.21,3.547
Corrugated Cardboard,Furniture Carton,Furniture,8,16.89,8,91.49,0.65,0.834
Bagasse Fiber,Medical Container,Healthcare,5,14.07,10,73.52,1.19,0.535
Kraft Paper,Takeaway Container,Food Packaging,7,9.52,9,88.53,1.15,0.622
Glass,Assembly Kit Box,Furniture,9,30.67,2,97.27,5.29,1.761
Aluminum,Oil Container,Automotive,8,21.94,2,97.59,5.07,3.588
Mushroom Packaging,Board Game Box,Toys,5,10.59,9,74.31,2.15,0.385
Corrugated Cardboard,Tablet Blister Pack,Healthcare,8,19.57,8,88.01,0.63,0.795
Corrugated Cardboard,Garment Bag,Textiles,6,31.36,8,82.12,1.16,0.922
Glass,Action Figure Pack,Toys,10,29.88,1,95.56,2.92,1.826
PLA Bioplastic,Assembly Kit Box,Furniture,6,14.77,7,69.52,1.58,1.232
Corrugated Cardboard,Perfume Bottle,Cosmetics,9,29.23,7,87.77,1.66,0.759
Mushroom Packaging,Battery Packaging,Automotive,5,17.36,9,78.84,1.37,0.37
Bagasse Fiber,Tablet Blister Pack,Healthcare,6,13.6,10,77.75,2.21,0.594
Recycled PET,Food Tray,Food Packaging,10,27.58,2,89.78,2.57,2.054
PLA Bioplastic,Foam Insert Package,Home Appliances,8,14.22,7,60.95,2.19,1.15
Mushroom Packaging,Battery Packaging,Automotive,6,12.14,9,79.75,1.41,0.339
Glass,Oil Container,Automotive,10,31.16,1,96.62,3.35,1.852
Bagasse Fiber,Syringe Pack,Healthcare,6,12.5,8,71.89,0.95,0.512
Bagasse Fiber,Cement Liner Bag,Construction,5,14.03,9,78.37,2.43,0.573
Kraft Paper,Garment Bag,Textiles,5,11.35,9,87.92,1.27,0.654
Mushroom Packaging,Battery Packaging,Automotive,5,8.42,10,77.44,2.26,0.298
Mushroom Packaging,Spare Parts Box,Automotive,6,17.77,10,77.11,1.71,0.432
Mushroom Packaging,Food Tray,Food Packaging,5,16.89,9,70.75,3.35,0.386
PLA Bioplastic,Medicine Box,Healthcare,6,10.73,8,63.5,1.69,1.178
Recycled PET,TV Carton,Electronics,10,22.68,4,89.23,1.9,2.099
Recycled PET,Clothing Box,Textiles,9,17.42,2,92.02,2.91,2.019
Mushroom Packaging,Battery Packaging,Automotive,5,10.14,9,75.99,3.37,0.273
Kraft Paper,Laptop Box,Electronics,4,5.94,9,85.68,0.3,0.577
PLA Bioplastic,Laptop Box,Electronics,6,14.51,8,58.45,1.48,1.2
PLA Bioplastic,Oil Container,Automotive,8,13.81,6,64.12,2.88,1.319
Bagasse Fiber,Action Figure Pack,Toys,7,10.41,8,71.55,1.09,0.61
Kraft Paper,Protective Box,Home Appliances,5,11.27,10,91.88,0.44,0.648
Corrugated Cardboard,Medicine Box,Healthcare,7,32.43,7,84.24,1.36,0.785
Glass,Foam Insert Package,Home Appliances,10,22.44,1,98.22,5.45,1.839
Bagasse Fiber,Assembly Kit Box,Furniture,7,8.96,8,79.51,1.61,0.507
PLA Bioplastic,Laptop Box,Electronics,6,10.78,7,61.4,2.99,1.205
Aluminum,Spare Parts Box,Automotive,9,25.79,1,95.35,4.54,3.532
Corrugated Cardboard,Oil Container,Automotive,9,14.56,7,86.36,0.61,0.771
Mushroom Packaging,Action Figure Pack,Toys,6,15.75,9,68.26,3.48,0.517
Glass,Electronic Blister Pack,Electronics,9,30.63,2,98.23,3.63,1.823
Recycled PET,Furniture Carton,Furniture,9,18.21,3,89.78,2.22,2.108
Glass,Appliance Carton,Home Appliances,9,33.13,2,99.44,4.23,1.766
PLA Bioplastic,Laptop Box,Electronics,7,15.03,6,63.18,1.61,1.21
Aluminum,Protective Box,Home Appliances,10,27.26,1,96.67,2.76,3.506
Aluminum,Foam Insert Package,Home Appliances,10,27.07,1,98.33,2.5,3.44
Aluminum,Tablet Blister Pack,Healthcare,10,25.51,2,96.07,3.85,3.361
Mushroom Packaging,Tablet Blister Pack,Healthcare,5,8.19,9,72.31,3.12,0.442
Kraft Paper,Protective Cushioning Pack,Furniture,7,12.65,8,89.07,0.99,0.591
Aluminum,Protective Box,Home Appliances,10,28.6,1,97.94,5.5,3.438
Aluminum,Pizza Box,Food Packaging,9,22.15,2,95.14,3.36,3.535
Kraft Paper,Protective Cushioning Pack,Furniture,4,13.36,9,94.19,0.64,0.565
Recycled PET,Garment Bag,Textiles,8,21.93,2,92.75,1.9,2.101
Mushroom Packaging,Makeup Box,Cosmetics,5,8.55,10,74.79,1.58,0.353
Glass,Action Figure Pack,Toys,9,36.1,2,96.5,3.14,1.748
Aluminum,Action Figure Pack,Toys,10,26.44,2,95.77,4.88,3.479
Mushroom Packaging,Toy Box,Toys,5,12.76,10,62.48,3.28,0.37
Bagasse Fiber,Protective Cushioning Pack,Furniture,6,7.96,10,83.79,2.46,0.451
Recycled PET,Laptop Box,Electronics,9,17.31,4,86.26,2.08,1.988
Kraft Paper,Tablet Blister Pack,Healthcare,7,8.36,9,90.6,1.36,0.625
PLA Bioplastic,Foam Insert Package,Home Appliances,8,14.94,7,53.61,1.66,1.243
Glass,Perfume Bottle,Cosmetics,10,21.36,1,97.96,2.45,1.829
Bagasse Fiber,Tile Packaging,Construction,5,8.27,8,72.09,2.28,0.511
Corrugated Cardboard,Furniture Carton,Furniture,6,32.25,8,82.67,1.45,0.723
Glass,Spare Parts Box,Automotive,10,32.54,2,95.42,2.66,1.756
Glass,Action Figure Pack,Toys,10,21.2,2,95.15,3.72,1.74
Glass,Takeaway Container,Food Packaging,10,32.64,1,97.35,3.15,1.826
PLA Bioplastic,Fabric Wrap,Textiles,7,15.81,6,66.03,2.47,1.254
Glass,Board Game Box,Toys,9,38.07,2,96.96,3.81,1.846
Kraft Paper,Oil Container,Automotive,5,13.0,9,87.16,1.49,0.548
PLA Bioplastic,TV Carton,Electronics,8,19.21,7,69.18,1.11,1.138
Mushroom Packaging,Perfume Bottle,Cosmetics,5,16.9,10,78.42,2.02,0.343
Kraft Paper,Furniture Carton,Furniture,5,13.49,8,93.55,0.88,0.593
Corrugated Cardboard,Fabric Wrap,Textiles,9,24.19,8,81.59,1.25,0.897
Aluminum,Syringe Pack,Healthcare,8,24.97,1,97.07,3.45,3.54
Bagasse Fiber,Protective Box,Home Appliances,5,11.16,9,79.76,2.04,0.426
Mushroom Packaging,Protective Cushioning Pack,Furniture,5,13.92,10,65.17,3.21,0.419
Mushroom Packaging,Pizza Box,Food Packaging,7,12.5,10,76.52,3.36,0.331
Corrugated Cardboard,Mobile Box,Electronics,9,25.11,9,83.02,1.71,0.683
PLA Bioplastic,Action Figure Pack,Toys,7,12.08,8,69.49,2.7,1.198
Glass,Clothing Box,Textiles,10,30.23,1,95.18,4.2,1.821
Glass,Medical Container,Healthcare,10,21.5,1,95.63,5.3,1.807
Glass,Fabric Wrap,Textiles,10,20.2,2,98.9,3.21,1.87
Kraft Paper,Makeup Box,Cosmetics,4,6.86,9,94.61,0.78,0.549
Aluminum,Cement Liner Bag,Construction,10,27.01,1,96.19,3.45,3.465
Mushroom Packaging,Foam Insert Package,Home Appliances,7,8.99,9,71.06,2.27,0.39
Aluminum,Protective Cushioning Pack,Furniture,10,20.24,1,95.46,3.36,3.52
Aluminum,Board Game Box,Toys,9,28.02,2,95.94,5.38,3.53
Corrugated Cardboard,Toy Box,Toys,8,18.47,8,81.55,0.97,0.753
Glass,Beverage Bottle,Food Packaging,10,24.11,1,96.21,2.39,1.876
Bagasse Fiber,Tablet Blister Pack,Healthcare,7,8.56,8,70.15,1.7,0.452
Kraft Paper,Cream Jar,Cosmetics,7,7.38,9,86.22,0.37,0.583
Mushroom Packaging,Syringe Pack,Healthcare,5,12.26,9,76.94,1.45,0.459
Bagasse Fiber,TV Carton,Electronics,7,14.11,9,70.52,1.17,0.506
Corrugated Cardboard,Oil Container,Automotive,6,18.66,7,83.23,1.2,0.841
Kraft Paper,Toy Box,Toys,5,8.39,8,91.09,0.82,0.609
Recycled PET,Perfume Bottle,Cosmetics,8,29.27,3,91.83,3.5,2.159
Kraft Paper,Spare Parts Box,Automotive,5,12.58,8,89.39,1.19,0.535
PLA Bioplastic,Furniture Carton,Furniture,9,17.01,7,67.02,1.85,1.16
Glass,Garment Bag,Textiles,10,33.59,2,97.3,3.33,1.82
PLA Bioplastic,Appliance Carton,Home Appliances,9,10.79,6,54.7,1.63,1.152
Mushroom Packaging,Fabric Wrap,Textiles,7,10.77,9,66.5,2.98,0.369
Kraft Paper,Furniture Carton,Furniture,6,13.38,10,91.87,0.36,0.551
Corrugated Cardboard,Tile Packaging,Construction,8,32.38,9,86.12,0.52,0.859
Bagasse Fiber,Food Tray,Food Packaging,5,9.34,8,77.96,2.15,0.449
Aluminum,Board Game Box,Toys,8,21.37,1,99.99,3.93,3.521
Aluminum,Toy Box,Toys,8,22.78,1,97.33,2.89,3.546
PLA Bioplastic,Cream Jar,Cosmetics,7,18.47,6,66.76,1.47,1.212
Bagasse Fiber,Spare Parts Box,Automotive,5,10.07,9,71.7,2.39,0.461
Glass,Protective Box,Home Appliances,10,36.74,1,95.53,5.44,1.787
PLA Bioplastic,Laptop Box,Electronics,9,14.19,6,55.58,2.42,1.252
Glass,Electronic Blister Pack,Electronics,10,23.55,1,98.32,3.93,1.765
Mushroom Packaging,Board Game Box,Toys,6,10.15,10,75.17,2.4,0.393
Kraft Paper,Protective Cushioning Pack,Furniture,7,8.1,10,86.52,1.47,0.62
Corrugated Cardboard,TV Carton,Electronics,7,22.22,9,80.88,1.95,0.808
Aluminum,Takeaway Container,Food Packaging,8,29.78,1,99.6,3.15,3.545
Recycled PET,Garment Bag,Textiles,8,28.94,2,93.64,3.53,2.105
Aluminum,Furniture Carton,Furniture,8,24.15,1,98.84,3.09,3.476
Corrugated Cardboard,Clothing Box,Textiles,7,14.32,8,82.71,0.82,0.832
Recycled PET,Mobile Box,Electronics,8,19.27,2,89.22,3.19,2.112
Glass,Battery Packaging,Automotive,9,30.12,1,98.15,3.62,1.851
PLA Bioplastic,Cream Jar,Cosmetics,7,14.83,7,57.53,2.86,1.115
Corrugated Cardboard,Medicine Box,Healthcare,7,25.69,7,80.24,0.63,0.792
Kraft Paper,Action Figure Pack,Toys,7,12.11,9,86.67,0.91,0.529
Corrugated Cardboard,Clothing Box,Textiles,6,23.97,7,84.5,1.88,0.843
Kraft Paper,Protective Cushioning Pack,Furniture,5,9.53,10,94.09,1.38,0.622
Mushroom Packaging,Tile Packaging,Construction,6,8.84,10,72.7,1.56,0.413
Recycled PET,Garment Bag,Textiles,9,17.98,4,93.38,2.42,2.155
Glass,Fabric Wrap,Textiles,9,30.07,2,95.29,4.48,1.779
Corrugated Cardboard,Oil Container,Automotive,7,20.17,8,90.69,0.74,0.908
Mushroom Packaging,Tablet Blister Pack,Healthcare,5,15.61,9,74.04,3.43,0.423
Mushroom Packaging,Furniture Carton,Furniture,5,10.06,9,74.93,3.3,0.375
Bagasse Fiber,Mobile Box,Electronics,6,11.23,10,76.74,1.08,0.512
Glass,Assembly Kit Box,Furniture,9,27.59,1,96.55,2.48,1.831
Aluminum,Fabric Wrap,Textiles,9,21.86,2,95.24,2.76,3.469
PLA Bioplastic,Assembly Kit Box,Furniture,9,18.91,7,66.3,2.82,1.244
PLA Bioplastic,Food Tray,Food Packaging,6,8.58,7,60.51,1.39,1.207
Glass,Protective Box,Home Appliances,9,29.61,2,98.71,3.67,1.751
Kraft Paper,Battery Packaging,Automotive,6,6.48,10,91.62,0.84,0.594
PLA Bioplastic,Makeup Box,Cosmetics,9,11.84,8,69.38,2.2,1.261
Bagasse Fiber,Oil Container,Automotive,5,13.81,9,80.83,0.92,0.475
Aluminum,Medicine Box,Healthcare,10,31.53,2,98.32,3.18,3.57
PLA Bioplastic,Action Figure Pack,Toys,9,17.18,7,64.61,2.86,1.195
Corrugated Cardboard,Protective Cushioning Pack,Furniture,6,34.14,9,83.48,1.86,0.767
Recycled PET,Action Figure Pack,Toys,10,24.11,2,87.26,3.45,2.149
Glass,Syringe Pack,Healthcare,9,33.98,1,98.78,2.08,1.702
Aluminum,Cement Liner Bag,Construction,10,22.04,2,99.18,3.48,3.504
Recycled PET,Action Figure Pack,Toys,8,22.32,4,89.71,3.07,2.105
PLA Bioplastic,Mobile Box,Electronics,6,8.66,8,53.19,1.55,1.181
Mushroom Packaging,Hardware Container,Construction,5,15.31,10,61.35,3.29,0.383
PLA Bioplastic,Appliance Carton,Home Appliances,6,13.82,6,69.11,2.27,1.158
Mushroom Packaging,Battery Packaging,Automotive,5,8.37,9,70.97,1.37,0.349
Bagasse Fiber,Cement Liner Bag,Construction,6,13.45,10,76.7,2.35,0.463
Recycled PET,Oil Container,Automotive,10,23.76,3,89.22,3.89,2.097
Glass,Protective Box,Home Appliances,10,24.6,2,95.05,2.31,1.818
Corrugated Cardboard,Appliance Carton,Home Appliances,7,20.23,8,81.71,1.3,0.901
Aluminum,Food Tray,Food Packaging,8,28.01,2,95.66,3.41,3.469
Kraft Paper,Appliance Carton,Home Appliances,4,6.93,10,92.06,0.77,0.65
Aluminum,Appliance Carton,Home Appliances,10,31.09,1,99.36,3.04,3.435
Recycled PET,Spare Parts Box,Automotive,9,20.69,4,90.31,2.95,2.089
Bagasse Fiber,Perfume Bottle,Cosmetics,5,13.14,8,83.57,2.43,0.572
Glass,Board Game Box,Toys,10,29.58,1,99.28,4.01,1.78
Aluminum,Fabric Wrap,Textiles,9,31.43,1,96.53,2.75,3.463
Corrugated Cardboard,Fabric Wrap,Textiles,7,26.3,9,87.57,1.43,0.764
Aluminum,Furniture Carton,Furniture,10,29.3,1,98.77,3.52,3.481
PLA Bioplastic,Medical Container,Healthcare,6,11.62,6,55.29,2.71,1.188
Kraft Paper,Spare Parts Box,Automotive,7,14.87,8,92.94,0.82,0.614
PLA Bioplastic,Clothing Box,Textiles,6,16.17,6,57.83,1.39,1.124
Mushroom Packaging,Board Game Box,Toys,5,8.14,9,64.19,1.64,0.4
PLA Bioplastic,Protective Cushioning Pack,Furniture,9,12.16,7,60.32,2.54,1.216
Kraft Paper,Medicine Box,Healthcare,6,14.41,9,85.77,0.62,0.6
Bagasse Fiber,Foam Insert Package,Home Appliances,6,13.29,9,74.65,2.1,0.511
Glass,Beverage Bottle,Food Packaging,10,22.19,2,98.8,2.82,1.814
Glass,Assembly Kit Box,Furniture,9,21.98,1,98.81,3.29,1.769
Kraft Paper,Pizza Box,Food Packaging,6,5.87,9,94.52,0.86,0.576
Aluminum,Board Game Box,Toys,10,26.9,1,97.9,5.33,3.567
Glass,Medical Container,Healthcare,10,22.85,2,98.92,5.73,1.765
Glass,Assembly Kit Box,Furniture,9,31.82,1,97.92,2.83,1.828
Mushroom Packaging,TV Carton,Electronics,6,8.39,10,69.93,2.02,0.381
Glass,Oil Container,Automotive,10,36.33,2,96.16,2.6,1.639
Recycled PET,Mobile Box,Electronics,10,29.73,2,90.23,2.77,2.11
PLA Bioplastic,Takeaway Container,Food Packaging,7,16.05,7,53.24,1.92,1.173
Kraft Paper,Tablet Blister Pack,Healthcare,6,13.58,9,91.28,1.38,0.643
Aluminum,Hardware Container,Construction,9,27.02,1,100.0,5.29,3.528
Mushroom Packaging,Action Figure Pack,Toys,7,10.3,9,66.71,2.08,0.399
Bagasse Fiber,Oil Container,Automotive,7,11.38,9,81.4,1.64,0.526
Mushroom Packaging,TV Carton,Electronics,7,10.88,10,79.89,3.26,0.436
PLA Bioplastic,Food Tray,Food Packaging,6,19.46,6,50.0,2.61,1.247
Mushroom Packaging,Furniture Carton,Furniture,5,17.66,9,60.12,1.21,0.445
Mushroom Packaging,Cosmetic Tube,Cosmetics,5,9.03,9,70.41,1.94,0.357
Kraft Paper,Medicine Box,Healthcare,6,10.72,8,87.2,0.81,0.644
Corrugated Cardboard,Takeaway Container,Food Packaging,8,11.87,7,87.28,0.84,0.8
Kraft Paper,Cement Liner Bag,Construction,6,10.08,10,88.53,0.54,0.651
Aluminum,Medicine Box,Healthcare,10,31.3,1,95.4,2.61,3.48
Mushroom Packaging,Foam Insert Package,Home Appliances,5,13.67,10,62.21,2.68,0.442
Glass,Mobile Box,Electronics,9,29.91,2,95.42,3.05,1.765
Corrugated Cardboard,Appliance Carton,Home Appliances,6,34.96,8,86.98,0.58,0.848
PLA Bioplastic,Laptop Box,Electronics,7,12.22,7,66.6,1.46,1.237
Mushroom Packaging,Pizza Box,Food Packaging,6,11.85,10,65.21,3.04,0.343
Glass,Mobile Box,Electronics,10,39.64,1,97.51,5.41,1.852
Mushroom Packaging,Medical Container,Healthcare,7,13.13,10,79.14,2.31,0.323
PLA Bioplastic,Perfume Bottle,Cosmetics,9,17.71,8,66.43,1.83,1.199
Kraft Paper,Cream Jar,Cosmetics,7,8.53,9,88.48,1.47,0.64
Aluminum,Action Figure Pack,Toys,9,24.83,1,95.79,3.1,3.51
Recycled PET,Fabric Wrap,Textiles,9,16.81,3,91.01,2.04,2.156
PLA Bioplastic,Furniture Carton,Furniture,9,17.56,6,67.21,1.58,1.101
Bagasse Fiber,Action Figure Pack,Toys,7,14.52,8,72.73,1.09,0.466
Corrugated Cardboard,Foam Insert Package,Home Appliances,7,29.59,9,87.55,1.07,0.799
Kraft Paper,Cosmetic Tube,Cosmetics,6,10.19,10,92.08,1.39,0.614
PLA Bioplastic,Electronic Blister Pack,Electronics,8,15.12,6,57.09,2.23,1.168
Recycled PET,Food Tray,Food Packaging,10,23.39,4,91.81,2.53,2.119
Corrugated Cardboard,TV Carton,Electronics,7,13.87,7,80.27,1.9,0.784
PLA Bioplastic,Fabric Wrap,Textiles,6,11.0,6,58.56,1.1,1.122
Aluminum,Mobile Box,Electronics,10,25.9,1,98.85,3.13,3.465
Glass,TV Carton,Electronics,9,33.5,2,97.36,4.26,1.787
Corrugated Cardboard,Garment Bag,Textiles,8,30.01,7,81.23,1.42,0.734
Mushroom Packaging,Food Tray,Food Packaging,7,14.8,10,74.83,1.29,0.434
Recycled PET,Laptop Box,Electronics,10,24.67,4,87.97,2.51,2.116
Bagasse Fiber,Assembly Kit Box,Furniture,7,12.59,8,83.91,1.9,0.49
Bagasse Fiber,Board Game Box,Toys,6,14.93,10,83.18,1.99,0.404
Mushroom Packaging,Toy Box,Toys,7,10.92,10,62.17,2.67,0.422
Aluminum,Oil Container,Automotive,8,27.02,2,95.15,3.46,3.484
Mushroom Packaging,Laptop Box,Electronics,5,17.31,10,71.9,1.42,0.346
Mushroom Packaging,Appliance Carton,Home Appliances,5,9.16,10,72.53,2.18,0.426
Mushroom Packaging,Protective Cushioning Pack,Furniture,5,9.48,9,75.14,1.5,0.384
Recycled PET,Protective Box,Home Appliances,8,17.32,4,87.41,3.87,2.024
Corrugated Cardboard,Foam Insert Package,Home Appliances,8,20.86,7,90.96,1.21,0.789
Aluminum,Tablet Blister Pack,Healthcare,10,25.88,1,99.62,3.45,3.479
Corrugated Cardboard,Appliance Carton,Home Appliances,7,21.81,9,86.37,1.65,0.886
Corrugated Cardboard,Makeup Box,Cosmetics,6,26.69,9,85.22,1.25,0.835
Recycled PET,Protective Box,Home Appliances,9,19.0,4,90.6,2.28,2.103
Mushroom Packaging,Battery Packaging,Automotive,7,12.89,9,64.24,3.07,0.384
Aluminum,Cement Liner Bag,Construction,8,31.48,1,95.91,5.1,3.42
Mushroom Packaging,Electronic Blister Pack,Electronics,6,14.06,10,73.87,2.75,0.365
Recycled PET,Tile Packaging,Construction,8,19.1,3,89.58,1.62,2.093
Mushroom Packaging,Board Game Box,Toys,6,16.5,9,60.96,2.5,0.263
Aluminum,Battery Packaging,Automotive,10,28.75,1,98.31,4.79,3.493
Bagasse Fiber,Assembly Kit Box,Furniture,5,8.86,10,73.45,1.03,0.41
Corrugated Cardboard,Takeaway Container,Food Packaging,6,11.82,7,82.6,0.84,0.869
Aluminum,Fabric Wrap,Textiles,8,25.99,2,95.13,5.15,3.516
Corrugated Cardboard,Oil Container,Automotive,7,34.07,9,83.95,0.53,0.805
Kraft Paper,TV Carton,Electronics,4,8.75,9,88.64,1.2,0.558
Glass,Fabric Wrap,Textiles,9,25.18,2,95.58,3.9,1.805
PLA Bioplastic,Oil Container,Automotive,6,18.05,8,54.89,1.89,1.153
Glass,Appliance Carton,Home Appliances,9,23.69,1,98.94,2.03,1.731
Bagasse Fiber,Beverage Bottle,Food Packaging,7,12.74,8,75.83,2.19,0.58
Corrugated Cardboard,Fabric Wrap,Textiles,6,23.92,8,88.36,1.04,0.755
Bagasse Fiber,Cosmetic Tube,Cosmetics,6,6.92,8,77.76,1.72,0.531
Aluminum,Action Figure Pack,Toys,8,32.45,1,95.05,4.53,3.525
Glass,Spare Parts Box,Automotive,10,37.2,1,99.27,4.81,1.804
Kraft Paper,Fabric Wrap,Textiles,4,9.52,10,91.4,1.45,0.6
Recycled PET,Action Figure Pack,Toys,10,16.62,2,89.71,2.83,2.12
Kraft Paper,Foam Insert Package,Home Appliances,7,14.19,10,94.18,0.78,0.738
Kraft Paper,Spare Parts Box,Automotive,5,13.02,9,93.66,1.44,0.599
Mushroom Packaging,Takeaway Container,Food Packaging,5,11.74,9,79.94,2.68,0.402
Recycled PET,Laptop Box,Electronics,9,26.09,4,92.48,2.25,2.124
Mushroom Packaging,Beverage Bottle,Food Packaging,6,17.9,9,61.88,1.49,0.39
Kraft Paper,Appliance Carton,Home Appliances,7,10.85,8,85.79,1.31,0.608
Kraft Paper,Toy Box,Toys,4,10.56,10,85.09,0.73,0.58
Recycled PET,Assembly Kit Box,Furniture,10,16.51,2,87.72,3.15,2.153
Bagasse Fiber,TV Carton,Electronics,5,9.92,8,78.75,1.6,0.481
Bagasse Fiber,Appliance Carton,Home Appliances,7,14.89,8,84.95,1.14,0.522
Aluminum,Spare Parts Box,Automotive,10,22.47,1,95.56,4.31,3.472
Mushroom Packaging,Appliance Carton,Home Appliances,6,17.43,10,77.86,1.34,0.339
Aluminum,Takeaway Container,Food Packaging,8,25.83,2,95.24,3.74,3.638
Bagasse Fiber,Hardware Container,Construction,7,12.92,10,82.84,1.73,0.453
PLA Bioplastic,Oil Container,Automotive,9,13.24,6,65.16,1.87,1.195
Aluminum,Garment Bag,Textiles,9,27.84,2,99.42,4.75,3.469
Aluminum,Protective Cushioning Pack,Furniture,10,33.94,2,98.33,4.98,3.509
PLA Bioplastic,Cosmetic Tube,Cosmetics,9,15.04,7,51.25,2.54,1.193
Recycled PET,Protective Cushioning Pack,Furniture,8,26.34,2,91.77,1.6,2.045
Glass,Action Figure Pack,Toys,10,26.01,2,99.08,2.78,1.732
Aluminum,Foam Insert Package,Home Appliances,10,21.36,2,99.96,4.11,3.458
Aluminum,Spare Parts Box,Automotive,8,34.95,2,95.7,5.3,3.474
Recycled PET,Action Figure Pack,Toys,9,16.12,3,85.45,3.59,2.107
Aluminum,Fabric Wrap,Textiles,9,28.54,2,95.7,5.03,3.476
Glass,Board Game Box,Toys,10,34.96,1,98.69,3.21,1.725
Glass,Medical Container,Healthcare,10,35.7,1,95.08,3.72,1.793
Kraft Paper,Tablet Blister Pack,Healthcare,6,10.52,8,85.96,0.86,0.656
Mushroom Packaging,Assembly Kit Box,Furniture,7,16.44,10,67.59,1.56,0.373
Corrugated Cardboard,Toy Box,Toys,6,16.88,8,83.94,0.55,0.75
Mushroom Packaging,Fabric Wrap,Textiles,5,14.29,9,77.1,3.38,0.434
Recycled PET,Appliance Carton,Home Appliances,10,28.0,3,91.8,2.1,2.149
Kraft Paper,Tile Packaging,Construction,5,8.3,8,88.19,0.59,0.578
Glass,Furniture Carton,Furniture,9,22.97,2,97.78,2.33,1.87
Corrugated Cardboard,Mobile Box,Electronics,7,11.48,8,85.84,1.89,0.865
Corrugated Cardboard,Tablet Blister Pack,Healthcare,9,14.48,7,84.73,1.37,0.663
Recycled PET,Foam Insert Package,Home Appliances,10,18.14,4,94.41,3.17,2.104
Glass,Mobile Box,Electronics,9,21.03,1,95.64,5.65,1.771
Aluminum,Mobile Box,Electronics,10,30.21,2,98.98,3.54,3.477
Corrugated Cardboard,Fabric Wrap,Textiles,7,26.23,9,80.31,1.43,0.763
PLA Bioplastic,Assembly Kit Box,Furniture,7,15.01,7,53.56,1.08,1.243
PLA Bioplastic,Tile Packaging,Construction,6,14.73,8,61.5,1.37,1.135
Kraft Paper,Medicine Box,Healthcare,6,14.96,9,87.52,1.3,0.527
Glass,Oil Container,Automotive,10,26.2,1,98.36,5.07,1.879
PLA Bioplastic,Tablet Blister Pack,Healthcare,8,11.06,8,54.79,1.7,1.178
PLA Bioplastic,Perfume Bottle,Cosmetics,6,10.88,8,69.92,1.75,1.261
Corrugated Cardboard,Syringe Pack,Healthcare,8,12.26,7,87.62,1.3,0.779
Corrugated Cardboard,Makeup Box,Cosmetics,7,26.61,9,85.55,0.5,0.754
PLA Bioplastic,Garment Bag,Textiles,9,18.84,7,53.53,1.48,1.239
Kraft Paper,Appliance Carton,Home Appliances,6,11.42,10,89.62,0.55,0.606
Kraft Paper,Cream Jar,Cosmetics,5,5.36,9,87.49,0.6,0.585
Glass,Mobile Box,Electronics,9,21.43,2,98.05,5.22,1.864
Recycled PET,Battery Packaging,Automotive,9,15.34,4,85.55,2.2,2.08
Corrugated Cardboard,Hardware Container,Construction,6,17.13,9,86.08,0.79,0.878
Mushroom Packaging,Fabric Wrap,Textiles,7,16.13,9,71.28,2.36,0.437
PLA Bioplastic,Hardware Container,Construction,8,13.7,8,60.76,2.73,1.24
PLA Bioplastic,Perfume Bottle,Cosmetics,9,9.76,6,68.72,1.48,1.269
PLA Bioplastic,Mobile Box,Electronics,6,10.17,7,58.58,1.16,1.138
Mushroom Packaging,Oil Container,Automotive,5,12.51,10,68.64,2.02,0.421
Kraft Paper,Foam Insert Package,Home Appliances,6,7.09,10,93.85,1.2,0.437
Kraft Paper,Medical Container,Healthcare,4,8.7,10,87.51,0.96,0.52
Aluminum,Beverage Bottle,Food Packaging,9,27.64,1,98.91,4.95,3.494
Corrugated Cardboard,Oil Container,Automotive,7,11.29,7,90.32,1.94,0.819
Kraft Paper,Clothing Box,Textiles,4,12.05,9,86.56,1.25,0.578
Recycled PET,Cement Liner Bag,Construction,8,23.22,2,85.93,3.01,2.06
Mushroom Packaging,Mobile Box,Electronics,5,10.6,10,75.06,2.33,0.378
PLA Bioplastic,Pizza Box,Food Packaging,9,18.26,8,55.53,1.08,1.226
Recycled PET,Pizza Box,Food Packaging,8,16.18,3,91.72,3.96,2.135
Glass,Garment Bag,Textiles,10,32.14,1,96.56,3.53,1.802
Corrugated Cardboard,Perfume Bottle,Cosmetics,7,27.95,9,88.02,0.73,0.863
Kraft Paper,Cream Jar,Cosmetics,6,9.56,8,87.57,1.1,0.635
Corrugated Cardboard,Garment Bag,Textiles,9,29.46,8,88.19,0.93,0.774
PLA Bioplastic,Spare Parts Box,Automotive,9,13.53,7,50.86,2.17,1.195
PLA Bioplastic,Beverage Bottle,Food Packaging,9,12.11,6,52.04,2.17,1.219
Glass,Clothing Box,Textiles,9,25.86,1,98.53,3.78,1.788
Corrugated Cardboard,Fabric Wrap,Textiles,6,28.31,9,85.35,1.75,0.818
Kraft Paper,Appliance Carton,Home Appliances,7,13.22,10,89.74,0.62,0.658
Recycled PET,Medical Container,Healthcare,9,20.4,4,93.61,2.62,2.152
PLA Bioplastic,Fabric Wrap,Textiles,6,16.58,8,56.48,2.08,1.152
Bagasse Fiber,Appliance Carton,Home Appliances,6,8.94,9,83.74,1.93,0.435
Bagasse Fiber,Protective Cushioning Pack,Furniture,6,7.61,10,70.25,2.13,0.573
PLA Bioplastic,Protective Cushioning Pack,Furniture,7,19.05,6,69.36,1.79,1.157
Kraft Paper,Garment Bag,Textiles,4,12.28,8,87.04,1.08,0.589
Recycled PET,Fabric Wrap,Textiles,10,18.33,2,85.93,1.88,2.108
Mushroom Packaging,Cream Jar,Cosmetics,6,12.86,10,78.01,3.35,0.441
PLA Bioplastic,Battery Packaging,Automotive,9,11.13,8,69.96,1.77,1.18
Mushroom Packaging,Spare Parts Box,Automotive,5,17.76,9,77.92,2.88,0.411
Mushroom Packaging,Cream Jar,Cosmetics,5,13.17,10,61.25,1.25,0.468
Kraft Paper,Tile Packaging,Construction,7,7.14,9,94.67,0.55,0.676
Bagasse Fiber,Perfume Bottle,Cosmetics,7,8.91,8,82.76,1.63,0.496
Recycled PET,Mobile Box,Electronics,10,16.38,2,94.96,3.7,2.154
Recycled PET,Clothing Box,Textiles,10,17.33,3,94.17,2.82,2.151
PLA Bioplastic,Beverage Bottle,Food Packaging,7,15.49,8,51.57,2.86,1.29
PLA Bioplastic,Protective Box,Home Appliances,7,18.26,6,67.94,1.97,1.203
Kraft Paper,Fabric Wrap,Textiles,4,5.48,8,88.54,0.89,0.604
Kraft Paper,Protective Cushioning Pack,Furniture,4,7.62,10,92.79,0.44,0.579
Recycled PET,Clothing Box,Textiles,8,29.71,2,94.92,3.51,2.113
Glass,Toy Box,Toys,9,24.32,2,97.54,2.99,1.814
Mushroom Packaging,Electronic Blister Pack,Electronics,7,11.56,9,74.88,3.27,0.393
Aluminum,Assembly Kit Box,Furniture,8,20.38,2,99.05,5.23,3.474
Glass,Furniture Carton,Furniture,10,32.85,2,95.1,5.77,1.833
PLA Bioplastic,Foam Insert Package,Home Appliances,8,13.14,6,58.5,2.04,1.24
Aluminum,Fabric Wrap,Textiles,8,30.78,1,95.83,4.53,3.461
PLA Bioplastic,Hardware Container,Construction,7,13.32,7,56.61,2.56,1.199
Recycled PET,Toy Box,Toys,8,20.99,3,88.66,1.83,1.985
Bagasse Fiber,Makeup Box,Cosmetics,5,11.51,9,75.25,1.82,0.45
PLA Bioplastic,Toy Box,Toys,6,10.93,6,54.08,1.07,1.231
Recycled PET,Appliance Carton,Home Appliances,8,17.47,2,91.76,2.74,2.126
Corrugated Cardboard,Board Game Box,Toys,9,22.03,7,84.03,0.73,0.685
Corrugated Cardboard,Fabric Wrap,Textiles,8,18.98,9,80.64,0.77,0.855
Recycled PET,Protective Box,Home Appliances,9,25.8,3,91.29,2.41,2.029
Aluminum,Electronic Blister Pack,Electronics,8,34.35,2,98.73,3.8,3.591
Recycled PET,Cream Jar,Cosmetics,9,21.62,4,94.45,3.06,2.136
PLA Bioplastic,Board Game Box,Toys,7,17.81,6,69.64,1.15,1.156
Bagasse Fiber,Perfume Bottle,Cosmetics,5,11.62,9,74.75,1.66,0.572
PLA Bioplastic,Battery Packaging,Automotive,6,18.83,6,57.35,1.37,1.204
Aluminum,Tablet Blister Pack,Healthcare,9,22.81,1,96.1,4.22,3.434
Glass,Beverage Bottle,Food Packaging,10,36.73,1,97.28,4.55,1.739
Bagasse Fiber,Protective Box,Home Appliances,5,6.29,9,74.75,1.75,0.499
Kraft Paper,Tablet Blister Pack,Healthcare,4,13.31,9,93.7,1.19,0.61
Aluminum,Cement Liner Bag,Construction,8,20.89,1,99.82,3.51,3.497
Corrugated Cardboard,Fabric Wrap,Textiles,8,34.37,7,89.41,1.65,0.842
Corrugated Cardboard,Assembly Kit Box,Furniture,7,20.28,8,82.76,1.15,0.837
Kraft Paper,Laptop Box,Electronics,6,8.97,8,88.47,0.88,0.641
Corrugated Cardboard,Assembly Kit Box,Furniture,6,14.75,9,85.91,1.47,0.72
Aluminum,Beverage Bottle,Food Packaging,8,21.83,2,98.28,2.56,3.511
Recycled PET,Board Game Box,Toys,10,24.26,4,94.95,3.13,2.057
PLA Bioplastic,Mobile Box,Electronics,8,8.38,7,65.31,2.24,1.215
Aluminum,Garment Bag,Textiles,10,25.28,1,98.85,3.43,3.452
Glass,Toy Box,Toys,10,24.51,1,95.16,2.34,1.87
Corrugated Cardboard,Battery Packaging,Automotive,6,19.12,9,84.39,0.64,0.735
Bagasse Fiber,Spare Parts Box,Automotive,6,13.22,10,71.7,2.37,0.501
Glass,Hardware Container,Construction,9,22.86,2,99.19,4.76,1.745
Aluminum,Laptop Box,Electronics,9,25.46,2,99.77,2.88,3.414
Bagasse Fiber,Board Game Box,Toys,5,12.33,8,71.03,1.41,0.456
Glass,Furniture Carton,Furniture,10,36.21,1,98.47,4.37,1.764
PLA Bioplastic,Fabric Wrap,Textiles,6,14.41,8,61.03,2.67,1.132
Bagasse Fiber,Pizza Box,Food Packaging,7,12.45,10,75.59,0.87,0.457
Bagasse Fiber,Medical Container,Healthcare,5,9.12,9,82.99,1.2,0.534
Recycled PET,Perfume Bottle,Cosmetics,10,16.73,4,87.37,3.72,2.075
Recycled PET,Mobile Box,Electronics,9,19.79,4,86.68,1.52,2.181
Recycled PET,Fabric Wrap,Textiles,9,20.66,3,91.45,2.0,2.018
Aluminum,Action Figure Pack,Toys,8,23.42,2,97.88,5.38,3.42
Bagasse Fiber,Perfume Bottle,Cosmetics,6,7.65,8,76.33,1.84,0.525
PLA Bioplastic,Clothing Box,Textiles,8,19.09,6,57.07,1.52,1.17
PLA Bioplastic,Oil Container,Automotive,7,11.96,8,69.6,1.13,1.15
Mushroom Packaging,Mobile Box,Electronics,6,9.49,9,63.06,1.26,0.474
Bagasse Fiber,Tile Packaging,Construction,7,8.89,9,82.27,1.22,0.509
Bagasse Fiber,Clothing Box,Textiles,6,7.59,8,81.5,2.3,0.584
Kraft Paper,Foam Insert Package,Home Appliances,7,14.71,8,93.76,0.8,0.65
Aluminum,Perfume Bottle,Cosmetics,10,27.32,2,98.85,4.66,3.43
Recycled PET,Appliance Carton,Home Appliances,9,27.38,2,90.78,3.8,2.126
Corrugated Cardboard,Battery Packaging,Automotive,8,25.03,7,83.1,1.11,0.805
PLA Bioplastic,Syringe Pack,Healthcare,6,10.55,8,61.79,1.38,1.213
Aluminum,Board Game Box,Toys,8,23.19,2,97.08,4.05,3.471
Recycled PET,Appliance Carton,Home Appliances,8,29.89,3,87.64,3.77,2.132
Corrugated Cardboard,Hardware Container,Construction,9,28.32,7,89.29,1.71,0.767
Corrugated Cardboard,Tile Packaging,Construction,6,33.22,9,83.48,0.6,0.785
Kraft Paper,Furniture Carton,Furniture,4,10.27,8,88.41,1.13,0.618
PLA Bioplastic,Food Tray,Food Packaging,9,19.16,6,68.91,2.14,1.212
Corrugated Cardboard,Toy Box,Toys,8,29.66,7,91.93,1.86,0.813
Mushroom Packaging,Action Figure Pack,Toys,5,12.28,9,72.11,1.48,0.466
Aluminum,Electronic Blister Pack,Electronics,10,34.21,1,98.86,4.1,3.502
Kraft Paper,Syringe Pack,Healthcare,7,6.56,8,87.02,1.36,0.606
Aluminum,Makeup Box,Cosmetics,9,23.99,2,99.4,3.73,3.629
Bagasse Fiber,Spare Parts Box,Automotive,6,13.17,10,70.46,1.62,0.429
Mushroom Packaging,Board Game Box,Toys,5,14.85,9,69.5,1.36,0.43
Recycled PET,Fabric Wrap,Textiles,8,25.34,2,86.3,2.2,2.068
Recycled PET,Tile Packaging,Construction,8,28.66,4,85.32,2.31,2.07
Corrugated Cardboard,Cement Liner Bag,Construction,6,19.61,9,80.86,1.92,0.81
Kraft Paper,Garment Bag,Textiles,5,9.9,8,88.75,0.64,0.647
Mushroom Packaging,Appliance Carton,Home Appliances,6,16.1,10,69.99,2.26,0.445
Kraft Paper,Protective Cushioning Pack,Furniture,5,7.02,9,85.25,1.11,0.573
PLA Bioplastic,Pizza Box,Food Packaging,6,13.98,7,61.41,1.32,1.103
Recycled PET,Hardware Container,Construction,10,17.34,2,90.39,2.72,2.122
Mushroom Packaging,Action Figure Pack,Toys,5,16.2,9,67.78,2.9,0.456
PLA Bioplastic,Tablet Blister Pack,Healthcare,8,11.45,8,51.18,2.73,1.215
Mushroom Packaging,Oil Container,Automotive,7,17.92,9,67.14,2.64,0.412
Mushroom Packaging,Laptop Box,Electronics,5,13.57,10,66.62,2.74,0.524
PLA Bioplastic,Tile Packaging,Construction,8,15.8,8,54.96,1.25,1.208
Corrugated Cardboard,Assembly Kit Box,Furniture,9,10.22,9,80.97,1.92,0.867
Bagasse Fiber,Mobile Box,Electronics,5,12.66,8,82.49,1.03,0.525
PLA Bioplastic,Pizza Box,Food Packaging,6,12.31,8,64.07,2.55,1.083
Glass,Syringe Pack,Healthcare,9,29.4,2,95.75,3.06,1.756
Aluminum,Cement Liner Bag,Construction,10,26.99,1,96.14,5.3,3.473
Bagasse Fiber,Board Game Box,Toys,5,13.9,8,83.96,2.02,0.486
Glass,Cement Liner Bag,Construction,9,29.38,2,96.64,5.02,1.737
PLA Bioplastic,Cement Liner Bag,Construction,7,18.89,7,68.64,1.44,1.246
Mushroom Packaging,Oil Container,Automotive,6,9.03,10,76.18,2.22,0.406
Bagasse Fiber,Beverage Bottle,Food Packaging,5,12.41,10,77.9,1.85,0.518
Kraft Paper,Furniture Carton,Furniture,7,14.22,8,88.48,1.22,0.641
Recycled PET,Tile Packaging,Construction,9,15.13,2,93.27,1.76,2.07
Mushroom Packaging,Fabric Wrap,Textiles,5,8.9,10,66.49,3.41,0.431
PLA Bioplastic,Takeaway Container,Food Packaging,9,10.51,8,66.16,2.78,1.185
Bagasse Fiber,Tile Packaging,Construction,5,13.72,10,71.92,1.26,0.492
Mushroom Packaging,TV Carton,Electronics,7,10.16,9,74.54,3.09,0.346
Glass,Beverage Bottle,Food Packaging,10,20.42,1,99.62,4.07,1.795
Bagasse Fiber,Cosmetic Tube,Cosmetics,7,13.95,8,75.91,1.59,0.453
Kraft Paper,Board Game Box,Toys,4,14.84,10,87.75,0.68,0.678
Recycled PET,Furniture Carton,Furniture,9,23.84,3,87.05,2.95,2.113
Bagasse Fiber,Cosmetic Tube,Cosmetics,5,8.33,9,77.59,2.04,0.444
Kraft Paper,TV Carton,Electronics,6,12.32,10,85.24,0.79,0.658
Kraft Paper,Beverage Bottle,Food Packaging,7,6.74,9,88.28,1.06,0.565
Mushroom Packaging,Foam Insert Package,Home Appliances,7,15.29,10,60.04,2.81,0.453
Bagasse Fiber,Tablet Blister Pack,Healthcare,6,10.97,10,79.16,2.01,0.439
Aluminum,Cement Liner Bag,Construction,8,24.77,1,99.51,2.66,3.49
Aluminum,Clothing Box,Textiles,8,21.81,1,97.17,5.08,3.492
Corrugated Cardboard,Protective Cushioning Pack,Furniture,7,23.71,8,86.64,1.19,0.808
PLA Bioplastic,Laptop Box,Electronics,9,16.3,6,68.1,1.52,1.285
Kraft Paper,Pizza Box,Food Packaging,6,7.88,9,87.25,0.59,0.533
PLA Bioplastic,Clothing Box,Textiles,9,8.81,8,57.95,1.97,1.159
Mushroom Packaging,Appliance Carton,Home Appliances,6,10.87,10,60.95,3.24,0.386
PLA Bioplastic,Hardware Container,Construction,9,9.12,6,52.14,1.76,1.155
Mushroom Packaging,Medical Container,Healthcare,7,10.51,10,71.45,2.92,0.423
Mushroom Packaging,Furniture Carton,Furniture,6,11.04,9,77.58,1.42,0.375
Recycled PET,Protective Box,Home Appliances,9,25.84,3,90.46,2.69,2.082
Bagasse Fiber,Foam Insert Package,Home Appliances,6,9.01,8,76.27,2.49,0.551
Kraft Paper,Fabric Wrap,Textiles,5,11.42,8,87.23,1.22,0.59
Recycled PET,Cement Liner Bag,Construction,9,19.59,2,94.22,2.03,2.018
Corrugated Cardboard,Takeaway Container,Food Packaging,9,33.88,7,84.67,1.25,0.804
Corrugated Cardboard,Spare Parts Box,Automotive,7,20.18,7,85.1,0.85,0.814
Glass,Tablet Blister Pack,Healthcare,9,22.57,2,97.93,3.64,1.846
Bagasse Fiber,Takeaway Container,Food Packaging,6,6.72,8,70.59,2.13,0.518
PLA Bioplastic,Spare Parts Box,Automotive,6,19.3,7,66.81,2.54,1.235
Kraft Paper,Action Figure Pack,Toys,5,12.17,10,87.45,0.57,0.559
Kraft Paper,Toy Box,Toys,4,13.85,10,87.52,1.41,0.638
Aluminum,Cement Liner Bag,Construction,8,26.21,2,96.38,4.28,3.55
Glass,Cream Jar,Cosmetics,10,20.84,1,95.89,3.52,1.828
Aluminum,Furniture Carton,Furniture,9,30.89,1,95.65,4.01,3.548
Bagasse Fiber,Foam Insert Package,Home Appliances,6,8.84,8,72.82,1.83,0.529
Glass,Mobile Box,Electronics,9,32.79,2,96.1,4.24,1.827
Aluminum,Clothing Box,Textiles,9,25.34,2,99.88,3.96,3.503
Recycled PET,Foam Insert Package,Home Appliances,10,18.42,3,90.14,2.76,2.221
Glass,Tablet Blister Pack,Healthcare,10,23.01,2,98.62,2.71,1.834
Aluminum,TV Carton,Electronics,9,23.58,2,99.91,4.94,3.52
Corrugated Cardboard,Fabric Wrap,Textiles,9,31.23,8,87.02,1.31,0.829
Kraft Paper,Furniture Carton,Furniture,4,10.39,8,90.13,0.46,0.599
Bagasse Fiber,Pizza Box,Food Packaging,6,12.69,9,75.4,2.1,0.579
Glass,Perfume Bottle,Cosmetics,10,34.62,1,97.49,5.73,1.762
Recycled PET,Fabric Wrap,Textiles,8,23.34,3,90.38,3.87,2.129
PLA Bioplastic,Medical Container,Healthcare,9,16.49,7,62.35,1.74,1.229
Mushroom Packaging,Furniture Carton,Furniture,6,12.2,10,66.18,1.51,0.411
Corrugated Cardboard,Electronic Blister Pack,Electronics,9,24.64,9,90.06,1.28,0.806
Aluminum,Foam Insert Package,Home Appliances,10,28.0,1,96.89,2.84,3.532
Aluminum,Spare Parts Box,Automotive,8,22.49,2,98.27,5.3,3.528
Kraft Paper,Assembly Kit Box,Furniture,4,7.34,9,90.1,0.52,0.593
Recycled PET,Cosmetic Tube,Cosmetics,8,21.18,3,93.98,2.13,2.129
PLA Bioplastic,Pizza Box,Food Packaging,6,19.6,6,61.92,1.81,1.276
Mushroom Packaging,Spare Parts Box,Automotive,5,9.9,9,69.81,2.08,0.42
Bagasse Fiber,Toy Box,Toys,5,14.95,9,77.35,2.15,0.479
Mushroom Packaging,Appliance Carton,Home Appliances,6,17.45,10,61.85,2.25,0.429
Glass,Garment Bag,Textiles,10,34.29,2,98.28,2.68,1.875
Glass,Laptop Box,Electronics,10,21.49,2,97.67,3.07,1.731
Recycled PET,Makeup Box,Cosmetics,8,21.2,2,88.07,2.77,2.168
Aluminum,Foam Insert Package,Home Appliances,9,23.13,1,98.47,2.94,3.57
Recycled PET,Electronic Blister Pack,Electronics,8,22.54,3,94.43,3.03,2.141
Bagasse Fiber,Spare Parts Box,Automotive,5,14.67,8,79.7,1.76,0.555
Glass,Appliance Carton,Home Appliances,10,25.33,2,96.98,4.86,1.731
Glass,Medicine Box,Healthcare,9,32.76,2,95.31,5.75,1.855
PLA Bioplastic,Protective Cushioning Pack,Furniture,6,19.25,6,60.37,2.82,1.181
Corrugated Cardboard,Protective Cushioning Pack,Furniture,7,22.03,9,83.98,1.92,0.912
Glass,Board Game Box,Toys,10,28.42,2,99.77,2.98,1.791
Recycled PET,Foam Insert Package,Home Appliances,8,28.97,3,93.23,1.83,2.119
Corrugated Cardboard,Garment Bag,Textiles,7,19.29,8,82.94,0.95,0.809
PLA Bioplastic,Clothing Box,Textiles,6,19.16,7,56.44,2.79,1.336
Mushroom Packaging,Tile Packaging,Construction,5,13.49,10,61.22,3.44,0.377
Corrugated Cardboard,Toy Box,Toys,6,33.03,9,87.47,1.79,0.773
Aluminum,Toy Box,Toys,10,26.19,1,98.57,2.83,3.503
Bagasse Fiber,Laptop Box,Electronics,6,7.37,8,75.86,2.41,0.538
Recycled PET,Spare Parts Box,Automotive,8,26.74,4,90.72,2.56,2.101
Bagasse Fiber,Laptop Box,Electronics,6,13.06,9,76.8,0.82,0.453
Recycled PET,Tablet Blister Pack,Healthcare,10,17.07,2,94.62,2.61,2.123
Recycled PET,Foam Insert Package,Home Appliances,8,20.41,3,90.63,1.62,2.119
Corrugated Cardboard,Takeaway Container,Food Packaging,7,34.57,9,82.33,1.32,0.762
Mushroom Packaging,Cream Jar,Cosmetics,5,10.47,10,76.34,1.98,0.4
Bagasse Fiber,TV Carton,Electronics,5,13.64,8,82.9,1.6,0.489
Mushroom Packaging,Perfume Bottle,Cosmetics,7,8.63,9,76.69,2.61,0.359
Recycled PET,Foam Insert Package,Home Appliances,10,15.49,3,88.97,3.67,2.153
PLA Bioplastic,Cement Liner Bag,Construction,6,16.48,7,68.46,2.32,1.141
Mushroom Packaging,Furniture Carton,Furniture,7,14.64,10,69.84,2.2,0.338
Kraft Paper,Takeaway Container,Food Packaging,7,7.2,8,90.14,1.28,0.563
Mushroom Packaging,Garment Bag,Textiles,6,13.29,10,70.72,3.28,0.486
PLA Bioplastic,Protective Box,Home Appliances,6,17.06,6,56.68,1.24,1.151
Glass,Makeup Box,Cosmetics,10,24.78,2,98.22,4.13,1.767
Corrugated Cardboard,Mobile Box,Electronics,8,31.37,9,89.9,0.93,0.815
Kraft Paper,Makeup Box,Cosmetics,6,7.02,8,86.65,0.36,0.546
Kraft Paper,Battery Packaging,Automotive,7,8.8,9,91.36,1.1,0.574
Kraft Paper,Mobile Box,Electronics,4,8.99,9,87.95,1.34,0.594
PLA Bioplastic,Fabric Wrap,Textiles,6,12.84,8,60.08,1.33,1.158
Glass,Electronic Blister Pack,Electronics,9,29.03,1,99.91,5.25,1.773
PLA Bioplastic,Laptop Box,Electronics,8,11.77,6,54.27,2.71,1.189
Corrugated Cardboard,Board Game Box,Toys,8,21.72,9,83.64,1.87,0.838
Mushroom Packaging,Electronic Blister Pack,Electronics,6,17.11,10,63.32,1.81,0.427
Recycled PET,Food Tray,Food Packaging,8,19.29,3,88.56,3.76,2.154
Kraft Paper,Oil Container,Automotive,7,7.58,8,87.13,0.68,0.561
PLA Bioplastic,Assembly Kit Box,Furniture,8,9.99,7,56.56,2.1,1.262
Mushroom Packaging,Hardware Container,Construction,7,15.45,10,76.57,1.32,0.444
Kraft Paper,Battery Packaging,Automotive,7,14.53,9,92.14,0.35,0.602
Glass,Foam Insert Package,Home Appliances,10,22.31,2,95.01,4.88,1.743
PLA Bioplastic,Garment Bag,Textiles,9,12.19,6,53.18,1.89,1.244
Recycled PET,Makeup Box,Cosmetics,8,29.01,4,85.53,2.14,2.113
Recycled PET,Medical Container,Healthcare,9,25.86,3,87.62,1.98,2.121
Kraft Paper,Tablet Blister Pack,Healthcare,7,8.31,8,94.5,1.1,0.574
Recycled PET,Assembly Kit Box,Furniture,8,21.04,2,94.4,1.5,2.163
PLA Bioplastic,Appliance Carton,Home Appliances,7,10.2,7,60.17,2.61,1.109
PLA Bioplastic,Tablet Blister Pack,Healthcare,9,8.3,6,52.05,1.16,1.195
Bagasse Fiber,Tablet Blister Pack,Healthcare,7,14.08,10,83.01,1.13,0.49
PLA Bioplastic,Protective Cushioning Pack,Furniture,7,9.22,8,64.79,1.77,1.226
Corrugated Cardboard,Takeaway Container,Food Packaging,7,25.26,7,82.63,1.23,0.822
Recycled PET,Garment Bag,Textiles,10,15.97,2,90.7,2.39,2.066
Kraft Paper,Protective Cushioning Pack,Furniture,5,13.73,9,92.29,0.68,0.708
Kraft Paper,Furniture Carton,Furniture,7,9.77,10,91.51,1.46,0.577
Bagasse Fiber,Action Figure Pack,Toys,6,9.54,8,76.58,1.89,0.464
Corrugated Cardboard,Oil Container,Automotive,8,19.71,8,85.81,0.54,0.9
Aluminum,Laptop Box,Electronics,8,30.85,1,99.5,3.79,3.37
Bagasse Fiber,Protective Box,Home Appliances,7,6.25,9,74.82,2.29,0.523
Kraft Paper,Foam Insert Package,Home Appliances,6,10.31,9,93.34,0.66,0.554
Aluminum,Foam Insert Package,Home Appliances,9,24.34,1,97.46,2.78,3.435
Bagasse Fiber,Action Figure Pack,Toys,5,10.67,8,78.08,2.09,0.407
Aluminum,Battery Packaging,Automotive,10,34.73,2,98.2,4.32,3.56
Bagasse Fiber,Hardware Container,Construction,6,6.98,9,71.27,1.77,0.56
Aluminum,Protective Cushioning Pack,Furniture,10,32.65,2,97.22,2.66,3.456
Glass,Battery Packaging,Automotive,9,22.31,1,99.42,2.56,1.805
Aluminum,Syringe Pack,Healthcare,9,34.94,1,95.89,4.37,3.455
Corrugated Cardboard,Battery Packaging,Automotive,7,34.32,9,88.66,0.81,0.787
Glass,Protective Cushioning Pack,Furniture,10,23.67,1,99.05,4.02,1.823
Corrugated Cardboard,Perfume Bottle,Cosmetics,8,16.87,9,89.55,1.32,0.858
PLA Bioplastic,Takeaway Container,Food Packaging,8,19.81,8,69.98,1.57,1.103
Kraft Paper,Takeaway Container,Food Packaging,7,8.74,9,85.17,1.44,0.66
Kraft Paper,Tile Packaging,Construction,5,14.41,9,88.49,1.31,0.532
Glass,Assembly Kit Box,Furniture,9,20.57,2,97.55,4.89,1.778
Aluminum,Laptop Box,Electronics,10,21.62,2,99.05,2.73,3.543
Mushroom Packaging,Clothing Box,Textiles,6,16.92,9,71.81,1.44,0.406
PLA Bioplastic,Toy Box,Toys,9,14.58,7,69.02,1.99,1.286
Kraft Paper,Toy Box,Toys,4,9.67,10,88.13,0.49,0.51
Kraft Paper,Toy Box,Toys,5,6.13,10,85.88,1.47,0.6
PLA Bioplastic,Cosmetic Tube,Cosmetics,7,12.32,7,66.38,1.32,1.229
PLA Bioplastic,Fabric Wrap,Textiles,9,9.46,7,57.43,1.97,1.205
Glass,Cream Jar,Cosmetics,10,31.84,2,96.52,3.46,1.924
PLA Bioplastic,Makeup Box,Cosmetics,7,12.92,8,66.28,2.28,1.177
Kraft Paper,Beverage Bottle,Food Packaging,6,10.15,9,88.95,0.45,0.588
Mushroom Packaging,Cosmetic Tube,Cosmetics,7,15.47,9,62.13,2.19,0.384
Kraft Paper,Beverage Bottle,Food Packaging,4,13.09,10,94.32,0.63,0.568
Bagasse Fiber,Protective Box,Home Appliances,6,11.8,8,77.04,2.31,0.444
Recycled PET,Hardware Container,Construction,8,27.74,4,89.03,1.6,2.123
Aluminum,Assembly Kit Box,Furniture,9,24.71,2,96.45,5.24,3.416
Kraft Paper,Garment Bag,Textiles,6,7.17,10,90.16,1.3,0.583
Glass,Battery Packaging,Automotive,10,38.68,1,96.27,3.19,1.75
Recycled PET,Toy Box,Toys,9,28.25,4,90.53,3.47,2.05
Kraft Paper,Beverage Bottle,Food Packaging,7,14.55,10,87.58,0.34,0.606
Mushroom Packaging,Pizza Box,Food Packaging,5,9.89,10,67.38,3.42,0.428
Aluminum,Garment Bag,Textiles,8,22.51,1,97.99,4.08,3.418
Glass,Fabric Wrap,Textiles,9,39.31,2,96.93,3.21,1.732
Recycled PET,Action Figure Pack,Toys,8,26.93,4,89.32,2.41,2.136
Aluminum,Cosmetic Tube,Cosmetics,10,22.49,2,99.25,2.7,3.523
Mushroom Packaging,Makeup Box,Cosmetics,5,14.9,9,73.61,3.48,0.443
Bagasse Fiber,Foam Insert Package,Home Appliances,5,7.73,9,75.02,0.87,0.416
Glass,Makeup Box,Cosmetics,10,35.95,2,99.06,4.62,1.744
Bagasse Fiber,TV Carton,Electronics,5,6.95,9,79.57,1.55,0.569
PLA Bioplastic,Oil Container,Automotive,7,14.76,8,63.22,2.9,1.176
Corrugated Cardboard,Garment Bag,Textiles,7,23.85,7,91.63,0.87,0.797
Corrugated Cardboard,Medical Container,Healthcare,7,11.88,9,91.3,1.3,0.823
Kraft Paper,Tablet Blister Pack,Healthcare,7,5.94,8,93.07,0.88,0.547
Bagasse Fiber,Perfume Bottle,Cosmetics,7,10.01,10,79.68,1.99,0.484
Kraft Paper,TV Carton,Electronics,5,12.28,9,86.92,0.38,0.681
PLA Bioplastic,Board Game Box,Toys,7,12.51,8,60.1,1.39,1.201
Recycled PET,Furniture Carton,Furniture,8,29.06,4,94.53,2.04,2.071
Bagasse Fiber,Appliance Carton,Home Appliances,5,7.6,10,80.96,2.05,0.514
Mushroom Packaging,Garment Bag,Textiles,5,11.81,10,67.47,1.64,0.507
Recycled PET,Hardware Container,Construction,10,28.87,2,91.23,2.93,2.166
PLA Bioplastic,Foam Insert Package,Home Appliances,6,18.95,7,68.17,1.43,1.129
Aluminum,Action Figure Pack,Toys,9,23.89,1,96.23,5.08,3.539
Recycled PET,TV Carton,Electronics,10,27.67,3,91.16,3.86,2.11
Recycled PET,Cosmetic Tube,Cosmetics,8,18.07,3,85.13,2.8,2.151
Mushroom Packaging,Furniture Carton,Furniture,6,15.67,10,62.58,2.01,0.422
PLA Bioplastic,Clothing Box,Textiles,9,17.4,8,61.27,1.47,1.189
Mushroom Packaging,TV Carton,Electronics,5,16.23,9,69.9,1.31,0.409
Aluminum,Food Tray,Food Packaging,9,26.65,2,97.21,3.31,3.544
PLA Bioplastic,Board Game Box,Toys,8,12.67,8,55.31,2.31,1.183
Kraft Paper,Spare Parts Box,Automotive,6,12.74,8,92.27,0.94,0.594
Kraft Paper,Assembly Kit Box,Furniture,5,13.69,9,92.42,1.43,0.566
Corrugated Cardboard,Furniture Carton,Furniture,6,10.67,7,90.69,1.09,0.874
Recycled PET,Action Figure Pack,Toys,10,22.27,3,86.7,3.23,2.098
Recycled PET,Takeaway Container,Food Packaging,8,23.71,2,90.45,2.72,2.009
PLA Bioplastic,Oil Container,Automotive,8,19.8,7,64.04,2.03,1.236
Aluminum,Foam Insert Package,Home Appliances,9,32.98,1,98.5,3.3,3.496
Corrugated Cardboard,Cement Liner Bag,Construction,8,26.18,8,84.56,1.18,0.778
Mushroom Packaging,Fabric Wrap,Textiles,5,8.31,10,65.32,2.28,0.449
Glass,Appliance Carton,Home Appliances,10,32.57,2,95.67,4.83,1.842
Bagasse Fiber,Furniture Carton,Furniture,7,6.89,9,71.1,2.4,0.566
Corrugated Cardboard,Beverage Bottle,Food Packaging,6,10.21,7,82.73,0.99,0.812
Aluminum,Tile Packaging,Construction,9,22.74,2,97.75,2.63,3.442
Mushroom Packaging,Foam Insert Package,Home Appliances,5,17.45,9,75.78,2.34,0.427
Bagasse Fiber,Clothing Box,Textiles,5,14.71,8,75.84,1.73,0.452
PLA Bioplastic,Board Game Box,Toys,9,9.93,6,59.6,1.34,1.201
Bagasse Fiber,Appliance Carton,Home Appliances,5,10.15,10,72.46,2.09,0.509
Bagasse Fiber,Spare Parts Box,Automotive,6,12.19,9,73.4,2.47,0.628
Mushroom Packaging,Fabric Wrap,Textiles,7,9.5,9,75.81,3.38,0.357
PLA Bioplastic,Action Figure Pack,Toys,7,11.46,8,54.65,1.39,1.167
PLA Bioplastic,Cement Liner Bag,Construction,8,17.53,8,62.92,2.75,1.2
Bagasse Fiber,TV Carton,Electronics,5,7.99,9,72.59,2.0,0.499
Recycled PET,Garment Bag,Textiles,9,15.96,3,93.93,2.63,2.093
Corrugated Cardboard,Oil Container,Automotive,6,15.98,7,83.15,1.31,0.844
Corrugated Cardboard,Cement Liner Bag,Construction,8,10.32,7,82.69,1.77,0.724
Mushroom Packaging,Beverage Bottle,Food Packaging,6,15.2,9,65.57,2.3,0.414
Kraft Paper,Oil Container,Automotive,6,13.58,10,88.79,0.75,0.579
Recycled PET,Furniture Carton,Furniture,8,21.34,2,87.93,2.73,2.198
Recycled PET,Toy Box,Toys,10,22.73,3,87.11,2.95,2.118
Glass,Cement Liner Bag,Construction,10,24.63,2,98.28,2.76,1.77
Glass,Protective Box,Home Appliances,9,38.5,2,95.66,5.6,1.827
Recycled PET,Clothing Box,Textiles,10,19.67,2,93.22,3.19,2.063
Recycled PET,Beverage Bottle,Food Packaging,8,25.45,4,87.69,3.08,2.183
PLA Bioplastic,Medicine Box,Healthcare,8,12.56,7,50.58,1.2,1.167
Glass,Cream Jar,Cosmetics,9,39.62,2,95.04,4.42,1.742
PLA Bioplastic,Tablet Blister Pack,Healthcare,8,13.63,6,50.39,1.24,1.1
Kraft Paper,TV Carton,Electronics,6,6.49,9,89.86,0.39,0.605
Corrugated Cardboard,Laptop Box,Electronics,9,24.7,7,81.51,1.29,0.791
Bagasse Fiber,Spare Parts Box,Automotive,5,11.43,8,70.67,1.48,0.476
Bagasse Fiber,Food Tray,Food Packaging,5,7.17,10,75.94,1.8,0.491
Recycled PET,Board Game Box,Toys,10,23.62,3,85.86,1.72,2.152
Bagasse Fiber,Makeup Box,Cosmetics,7,6.48,9,81.04,1.53,0.478
Kraft Paper,Syringe Pack,Healthcare,7,13.1,8,92.7,0.51,0.552
Glass,Electronic Blister Pack,Electronics,10,36.85,2,97.66,5.95,1.832
Bagasse Fiber,Medical Container,Healthcare,5,12.35,9,71.03,1.75,0.569
Corrugated Cardboard,Garment Bag,Textiles,8,28.27,7,85.67,1.53,0.811
Aluminum,Laptop Box,Electronics,9,34.49,2,96.57,3.48,3.517
Bagasse Fiber,Cream Jar,Cosmetics,6,8.65,9,78.43,0.96,0.515
Kraft Paper,Syringe Pack,Healthcare,7,7.04,8,93.62,1.47,0.619
PLA Bioplastic,Pizza Box,Food Packaging,8,17.49,8,57.15,1.57,1.211
Bagasse Fiber,Tablet Blister Pack,Healthcare,6,8.3,9,78.02,1.52,0.569
Glass,Takeaway Container,Food Packaging,10,22.78,2,96.37,4.6,1.937
PLA Bioplastic,TV Carton,Electronics,8,12.19,6,67.7,1.05,1.13
Kraft Paper,TV Carton,Electronics,5,5.03,8,91.29,1.27,0.647
Aluminum,Foam Insert Package,Home Appliances,9,21.25,1,97.69,4.11,3.501
Corrugated Cardboard,Hardware Container,Construction,6,32.64,9,85.72,0.92,0.816
Aluminum,Beverage Bottle,Food Packaging,8,21.76,2,98.4,2.68,3.387
Bagasse Fiber,Hardware Container,Construction,5,12.1,10,79.51,1.08,0.467
Corrugated Cardboard,Electronic Blister Pack,Electronics,6,28.11,9,88.85,1.84,0.827
Mushroom Packaging,Spare Parts Box,Automotive,6,8.21,9,63.03,2.78,0.427
Corrugated Cardboard,Battery Packaging,Automotive,8,15.42,9,84.36,0.87,0.826
Mushroom Packaging,Cosmetic Tube,Cosmetics,7,11.86,10,69.33,1.35,0.372
Glass,Furniture Carton,Furniture,9,37.86,2,95.15,4.76,1.81
Bagasse Fiber,Cement Liner Bag,Construction,5,11.59,8,76.77,1.77,0.354
Aluminum,Toy Box,Toys,10,32.85,2,97.08,3.71,3.479
PLA Bioplastic,Spare Parts Box,Automotive,9,10.82,7,53.72,1.73,1.231
PLA Bioplastic,Makeup Box,Cosmetics,8,18.71,6,55.79,1.43,1.204
Kraft Paper,Electronic Blister Pack,Electronics,7,9.43,8,87.54,1.1,0.602
Glass,Furniture Carton,Furniture,9,25.26,1,97.39,5.88,1.875
Corrugated Cardboard,Board Game Box,Toys,9,12.56,8,83.8,0.76,0.803
Aluminum,Assembly Kit Box,Furniture,8,25.82,1,96.45,4.29,3.41
Aluminum,Medicine Box,Healthcare,10,23.79,2,95.65,3.77,3.495
Kraft Paper,Cream Jar,Cosmetics,4,9.59,10,94.25,0.84,0.614
Recycled PET,Beverage Bottle,Food Packaging,9,27.35,3,89.6,2.14,2.169
Glass,Fabric Wrap,Textiles,9,29.39,1,99.43,5.3,1.771
Glass,Action Figure Pack,Toys,9,24.85,1,96.55,3.94,1.807
Mushroom Packaging,Oil Container,Automotive,6,12.96,9,79.24,2.45,0.363
PLA Bioplastic,Cement Liner Bag,Construction,9,12.31,8,53.04,1.61,1.205
Kraft Paper,Cement Liner Bag,Construction,4,14.69,9,86.43,0.52,0.711
Corrugated Cardboard,Makeup Box,Cosmetics,6,14.82,9,81.19,0.63,0.833
Bagasse Fiber,Takeaway Container,Food Packaging,5,12.76,10,70.81,2.01,0.504
Corrugated Cardboard,Perfume Bottle,Cosmetics,6,28.83,8,85.21,0.79,0.783
Corrugated Cardboard,Garment Bag,Textiles,9,29.64,8,83.95,1.54,0.82
Kraft Paper,Makeup Box,Cosmetics,6,12.68,9,88.28,0.77,0.624
Bagasse Fiber,Beverage Bottle,Food Packaging,5,7.45,10,74.27,1.51,0.514
Bagasse Fiber,Clothing Box,Textiles,7,14.17,10,84.31,1.6,0.55
Corrugated Cardboard,Medicine Box,Healthcare,6,16.43,8,84.06,1.05,0.786
Corrugated Cardboard,Garment Bag,Textiles,9,24.81,9,88.12,0.65,0.805
Corrugated Cardboard,Takeaway Container,Food Packaging,7,29.75,7,87.35,0.96,0.737
Bagasse Fiber,Toy Box,Toys,6,7.29,8,76.6,1.93,0.523
Kraft Paper,Electronic Blister Pack,Electronics,6,5.1,10,87.5,1.1,0.515
Recycled PET,Toy Box,Toys,9,23.03,3,91.62,2.22,2.091
Bagasse Fiber,Garment Bag,Textiles,5,10.88,8,75.11,1.58,0.499
Corrugated Cardboard,Electronic Blister Pack,Electronics,8,29.63,9,82.85,0.79,0.799
Bagasse Fiber,Action Figure Pack,Toys,7,14.78,9,82.21,1.16,0.461
PLA Bioplastic,Electronic Blister Pack,Electronics,7,10.31,6,64.65,1.05,1.277
Glass,Oil Container,Automotive,10,39.52,1,99.25,5.59,1.804
PLA Bioplastic,Hardware Container,Construction,9,8.11,6,50.29,1.42,1.135
Mushroom Packaging,Foam Insert Package,Home Appliances,7,16.02,10,76.13,1.72,0.39
PLA Bioplastic,Mobile Box,Electronics,9,11.8,8,66.45,1.56,1.19
Mushroom Packaging,Spare Parts Box,Automotive,7,8.96,10,66.81,1.49,0.374
Mushroom Packaging,Board Game Box,Toys,5,14.25,10,69.38,2.67,0.343
PLA Bioplastic,Furniture Carton,Furniture,6,18.49,8,63.57,1.15,1.242
Mushroom Packaging,Tile Packaging,Construction,6,12.66,10,63.63,1.51,0.442
Aluminum,Cosmetic Tube,Cosmetics,8,33.97,2,97.89,4.43,3.555
Aluminum,Mobile Box,Electronics,8,20.27,1,95.04,3.52,3.514
PLA Bioplastic,Pizza Box,Food Packaging,6,14.49,6,69.27,2.42,1.24
Glass,Tile Packaging,Construction,10,32.07,1,98.12,4.23,1.731
Glass,Takeaway Container,Food Packaging,10,22.66,1,97.12,3.02,1.716
Bagasse Fiber,Tile Packaging,Construction,6,12.67,10,76.06,1.91,0.572
Kraft Paper,Syringe Pack,Healthcare,5,7.15,8,90.38,0.44,0.606
Mushroom Packaging,Board Game Box,Toys,5,9.85,9,75.13,2.43,0.486
Bagasse Fiber,Protective Box,Home Appliances,6,6.37,9,78.13,1.54,0.51
Recycled PET,Food Tray,Food Packaging,9,21.98,2,87.06,2.17,2.092
PLA Bioplastic,Tablet Blister Pack,Healthcare,8,17.67,8,66.09,2.21,1.174
Corrugated Cardboard,Laptop Box,Electronics,6,33.04,9,90.34,1.81,0.767
Glass,Medical Container,Healthcare,9,31.43,2,97.39,6.0,1.816
PLA Bioplastic,Fabric Wrap,Textiles,6,16.97,6,60.59,2.22,1.236
Aluminum,Cosmetic Tube,Cosmetics,10,25.41,1,99.67,3.71,3.54
Glass,Cement Liner Bag,Construction,9,30.41,1,99.69,2.9,1.833
Kraft Paper,Garment Bag,Textiles,5,13.81,9,88.56,0.61,0.58
Kraft Paper,Action Figure Pack,Toys,5,5.6,10,88.26,0.88,0.614
Aluminum,Foam Insert Package,Home Appliances,10,21.76,2,97.64,3.6,3.501
Recycled PET,Hardware Container,Construction,9,26.75,3,89.88,3.78,2.173
Glass,Electronic Blister Pack,Electronics,9,39.35,2,99.45,3.47,1.756
Mushroom Packaging,Electronic Blister Pack,Electronics,5,11.17,9,65.59,2.06,0.401
Recycled PET,Oil Container,Automotive,8,18.3,4,89.79,2.46,2.14
PLA Bioplastic,Action Figure Pack,Toys,7,18.24,7,60.4,2.67,1.167
Corrugated Cardboard,TV Carton,Electronics,8,10.54,8,89.81,1.48,0.832
PLA Bioplastic,Foam Insert Package,Home Appliances,8,14.39,6,67.36,2.23,1.153
Mushroom Packaging,Protective Cushioning Pack,Furniture,5,17.81,10,74.36,1.97,0.389
Mushroom Packaging,Action Figure Pack,Toys,6,9.56,10,76.65,3.08,0.432
Glass,Toy Box,Toys,10,39.49,1,98.8,2.15,1.758
Bagasse Fiber,Perfume Bottle,Cosmetics,6,14.82,8,84.81,2.28,0.489
PLA Bioplastic,Appliance Carton,Home Appliances,6,10.74,7,58.21,2.03,1.137
Aluminum,Cement Liner Bag,Construction,10,30.99,2,95.95,3.69,3.46
Corrugated Cardboard,Electronic Blister Pack,Electronics,7,31.86,8,91.01,1.25,0.798
Bagasse Fiber,Oil Container,Automotive,6,7.22,8,75.05,1.93,0.489
Corrugated Cardboard,Hardware Container,Construction,6,18.72,7,89.54,0.52,0.789
PLA Bioplastic,Clothing Box,Textiles,9,14.59,7,69.26,2.74,1.191
Aluminum,Furniture Carton,Furniture,9,26.33,2,95.76,3.84,3.487
Aluminum,Laptop Box,Electronics,9,28.83,2,95.21,3.53,3.463
Glass,Action Figure Pack,Toys,9,33.32,1,99.21,2.55,1.814
Kraft Paper,Cosmetic Tube,Cosmetics,6,8.19,8,91.45,0.83,0.678
PLA Bioplastic,Protective Box,Home Appliances,8,16.07,7,63.8,1.99,1.227
PLA Bioplastic,Action Figure Pack,Toys,9,14.71,8,50.28,1.81,1.2
Aluminum,Furniture Carton,Furniture,10,30.45,2,99.31,4.54,3.421
Glass,Action Figure Pack,Toys,10,32.25,2,99.11,3.68,1.808
Corrugated Cardboard,Mobile Box,Electronics,6,20.45,7,81.25,1.94,0.705
Bagasse Fiber,Garment Bag,Textiles,5,10.08,8,84.83,1.82,0.501
Glass,Board Game Box,Toys,9,27.14,1,98.07,5.23,1.812
Bagasse Fiber,Cement Liner Bag,Construction,5,13.88,8,72.58,0.99,0.523
Glass,Electronic Blister Pack,Electronics,9,23.41,1,98.11,3.59,1.797
Aluminum,Hardware Container,Construction,8,31.72,1,95.85,3.51,3.499
Aluminum,Cosmetic Tube,Cosmetics,10,21.05,2,99.55,4.21,3.531
PLA Bioplastic,Spare Parts Box,Automotive,9,12.37,6,53.26,2.72,1.199
Bagasse Fiber,Takeaway Container,Food Packaging,7,6.21,10,73.79,0.93,0.552
Recycled PET,Laptop Box,Electronics,9,19.74,2,92.53,1.68,2.249
Bagasse Fiber,Protective Box,Home Appliances,7,8.52,8,71.24,2.25,0.483
Mushroom Packaging,Perfume Bottle,Cosmetics,6,10.3,10,75.44,1.69,0.514
Kraft Paper,Assembly Kit Box,Furniture,5,14.92,10,89.38,1.1,0.609
Mushroom Packaging,Electronic Blister Pack,Electronics,7,8.93,9,68.71,2.45,0.392
Kraft Paper,Syringe Pack,Healthcare,6,8.28,9,93.85,1.3,0.707
Kraft Paper,Cement Liner Bag,Construction,4,5.36,8,91.48,0.45,0.523
Corrugated Cardboard,Clothing Box,Textiles,8,33.86,7,89.88,0.69,0.781
Recycled PET,Action Figure Pack,Toys,8,24.82,3,94.03,2.89,2.122
Recycled PET,Clothing Box,Textiles,9,23.77,3,92.65,3.87,2.089
Kraft Paper,Medicine Box,Healthcare,7,10.28,8,86.6,0.8,0.69
Kraft Paper,TV Carton,Electronics,5,8.29,8,86.2,0.69,0.57
Glass,Medicine Box,Healthcare,10,28.81,2,98.75,4.43,1.761
Corrugated Cardboard,Assembly Kit Box,Furniture,8,11.58,7,85.91,1.9,0.756
Glass,Food Tray,Food Packaging,10,38.89,1,98.79,5.35,1.722
Corrugated Cardboard,Oil Container,Automotive,9,14.3,9,89.14,1.99,0.771
Recycled PET,Medical Container,Healthcare,8,15.71,3,91.0,1.56,2.058
Aluminum,Foam Insert Package,Home Appliances,8,21.2,1,96.18,2.84,3.565
Bagasse Fiber,Appliance Carton,Home Appliances,5,7.35,9,73.41,1.84,0.422
Recycled PET,Battery Packaging,Automotive,8,15.52,4,93.11,3.55,2.119
Corrugated Cardboard,Beverage Bottle,Food Packaging,6,32.81,8,82.36,0.93,0.821
Bagasse Fiber,Fabric Wrap,Textiles,5,10.84,9,77.13,1.21,0.47
Aluminum,Syringe Pack,Healthcare,9,25.07,2,98.87,4.86,3.529
Aluminum,Spare Parts Box,Automotive,10,28.39,1,96.82,2.67,3.443
PLA Bioplastic,Spare Parts Box,Automotive,6,15.71,7,65.71,1.74,1.217
Mushroom Packaging,Battery Packaging,Automotive,7,12.71,9,72.68,2.36,0.432
Corrugated Cardboard,Tile Packaging,Construction,8,14.75,8,90.23,1.34,0.835
Recycled PET,Furniture Carton,Furniture,9,18.53,2,93.72,3.32,2.089
Glass,Perfume Bottle,Cosmetics,9,24.97,1,95.1,3.42,1.792
Aluminum,Tablet Blister Pack,Healthcare,9,30.55,2,99.88,4.34,3.518
Glass,Garment Bag,Textiles,9,25.55,2,95.53,4.34,1.834
Kraft Paper,TV Carton,Electronics,4,6.07,10,92.56,0.96,0.577
Mushroom Packaging,Action Figure Pack,Toys,6,8.49,9,73.44,2.67,0.333
Recycled PET,Medical Container,Healthcare,8,25.47,4,93.92,2.15,2.1
Aluminum,Spare Parts Box,Automotive,8,34.3,2,97.77,2.75,3.543
Mushroom Packaging,Assembly Kit Box,Furniture,5,14.75,9,76.55,1.47,0.416
Glass,Medical Container,Healthcare,9,26.08,2,95.68,2.9,1.756
Aluminum,Protective Cushioning Pack,Furniture,9,30.01,2,97.05,4.0,3.492
Aluminum,Tablet Blister Pack,Healthcare,9,27.52,1,99.98,5.02,3.459
Recycled PET,Pizza Box,Food Packaging,9,19.28,2,91.09,3.25,2.14
Glass,Syringe Pack,Healthcare,10,37.44,1,97.02,5.16,1.725
Recycled PET,Electronic Blister Pack,Electronics,8,20.36,4,92.57,2.38,2.113
PLA Bioplastic,Toy Box,Toys,8,14.88,6,53.19,1.81,1.228
Glass,Action Figure Pack,Toys,10,29.79,2,97.0,3.57,1.697
Corrugated Cardboard,Medical Container,Healthcare,8,13.04,9,85.19,0.79,0.717
Glass,Appliance Carton,Home Appliances,10,36.42,1,97.11,2.24,1.83
Kraft Paper,Electronic Blister Pack,Electronics,7,7.05,10,93.86,1.01,0.654
Bagasse Fiber,Tile Packaging,Construction,7,14.85,10,82.64,2.48,0.414
Aluminum,Tablet Blister Pack,Healthcare,9,34.82,2,98.2,3.0,3.521
PLA Bioplastic,Syringe Pack,Healthcare,6,16.07,8,60.2,1.09,1.201
Mushroom Packaging,Cement Liner Bag,Construction,6,14.46,10,63.64,2.99,0.336
Glass,Garment Bag,Textiles,9,39.71,2,98.26,3.01,1.734
Aluminum,Spare Parts Box,Automotive,10,31.71,2,98.38,4.99,3.529
Kraft Paper,Perfume Bottle,Cosmetics,6,14.78,9,88.91,1.14,0.573
Kraft Paper,Cosmetic Tube,Cosmetics,6,9.03,8,91.97,1.43,0.618
Kraft Paper,Appliance Carton,Home Appliances,5,11.48,8,85.3,0.79,0.626
Bagasse Fiber,Electronic Blister Pack,Electronics,5,8.38,10,82.12,1.93,0.436
PLA Bioplastic,Food Tray,Food Packaging,6,15.63,8,67.39,1.93,1.221
Corrugated Cardboard,Syringe Pack,Healthcare,8,31.48,9,80.66,1.45,0.692
Kraft Paper,Protective Cushioning Pack,Furniture,5,6.58,8,86.05,0.84,0.563
Corrugated Cardboard,Garment Bag,Textiles,8,19.01,8,81.43,0.78,0.75
Mushroom Packaging,Assembly Kit Box,Furniture,7,9.12,9,78.05,2.37,0.425
Bagasse Fiber,Appliance Carton,Home Appliances,5,13.66,10,70.77,1.7,0.415
Recycled PET,Protective Box,Home Appliances,9,21.42,4,89.05,3.53,2.157
Corrugated Cardboard,Pizza Box,Food Packaging,9,19.01,8,86.91,1.6,0.867
Aluminum,Protective Cushioning Pack,Furniture,10,34.98,2,96.6,4.49,3.503
PLA Bioplastic,Appliance Carton,Home Appliances,6,17.56,8,51.27,1.23,1.256
Corrugated Cardboard,Garment Bag,Textiles,6,16.87,7,84.66,1.58,0.841
Mushroom Packaging,Toy Box,Toys,6,11.53,9,65.72,2.35,0.363
PLA Bioplastic,Cosmetic Tube,Cosmetics,9,10.02,6,51.62,2.79,1.226
Kraft Paper,Hardware Container,Construction,5,7.04,10,86.82,1.4,0.537
Bagasse Fiber,Food Tray,Food Packaging,5,10.49,9,83.44,0.89,0.545
Aluminum,Cosmetic Tube,Cosmetics,9,34.38,2,96.77,4.96,3.464
Recycled PET,Tile Packaging,Construction,10,20.45,4,89.87,1.59,2.008
PLA Bioplastic,Protective Box,Home Appliances,9,17.34,6,54.6,1.73,1.261
Recycled PET,Foam Insert Package,Home Appliances,8,25.91,2,94.31,2.86,2.122
Corrugated Cardboard,Board Game Box,Toys,7,24.39,9,87.36,0.72,0.883
Glass,Fabric Wrap,Textiles,10,20.89,2,98.3,4.99,1.837
PLA Bioplastic,Furniture Carton,Furniture,8,17.66,7,51.22,1.02,1.181
Bagasse Fiber,Garment Bag,Textiles,6,10.74,10,76.98,1.09,0.522
Recycled PET,Tile Packaging,Construction,8,20.28,3,89.29,2.95,2.044
Glass,Foam Insert Package,Home Appliances,9,31.57,1,98.68,4.86,1.804
Corrugated Cardboard,Board Game Box,Toys,6,26.79,7,81.44,1.87,0.862
Recycled PET,Board Game Box,Toys,10,20.06,4,91.0,3.26,2.055
Glass,Spare Parts Box,Automotive,10,38.43,1,98.2,4.69,1.757
Mushroom Packaging,Assembly Kit Box,Furniture,7,14.54,10,73.92,2.11,0.348
Aluminum,Hardware Container,Construction,10,20.47,1,98.03,2.5,3.53
Recycled PET,Pizza Box,Food Packaging,10,23.13,4,85.49,1.8,2.135
Corrugated Cardboard,Clothing Box,Textiles,7,32.01,9,84.1,1.3,0.79
Glass,Toy Box,Toys,9,38.14,2,99.77,4.7,1.789
Aluminum,Fabric Wrap,Textiles,9,28.98,2,99.21,3.75,3.477
PLA Bioplastic,Appliance Carton,Home Appliances,9,15.76,8,63.55,2.46,1.182
Corrugated Cardboard,Cement Liner Bag,Construction,6,29.12,8,88.98,1.28,0.806
Glass,Garment Bag,Textiles,10,25.39,1,96.01,2.3,1.745
PLA Bioplastic,Medicine Box,Healthcare,8,12.49,7,52.04,1.38,1.189
Glass,Appliance Carton,Home Appliances,10,20.34,2,95.17,5.36,1.77
Corrugated Cardboard,Mobile Box,Electronics,9,27.44,7,85.89,1.59,0.798
Glass,Spare Parts Box,Automotive,9,22.0,2,95.79,5.58,1.748
Bagasse Fiber,Tile Packaging,Construction,6,7.03,8,74.74,1.0,0.517
Bagasse Fiber,Oil Container,Automotive,6,9.01,10,84.07,2.48,0.533
Bagasse Fiber,Clothing Box,Textiles,6,14.23,8,81.43,1.16,0.6
Corrugated Cardboard,Takeaway Container,Food Packaging,9,30.52,8,81.41,0.52,0.838
Corrugated Cardboard,Spare Parts Box,Automotive,7,29.85,7,82.33,2.0,0.71
Recycled PET,Spare Parts Box,Automotive,9,16.11,3,87.97,2.2,2.047
Bagasse Fiber,Furniture Carton,Furniture,5,10.83,8,75.59,1.94,0.458
Corrugated Cardboard,Cream Jar,Cosmetics,7,29.98,9,84.23,0.77,0.827
Corrugated Cardboard,Clothing Box,Textiles,7,15.38,8,86.58,1.37,0.798
Bagasse Fiber,Garment Bag,Textiles,6,8.15,10,84.62,2.34,0.545
Kraft Paper,Protective Cushioning Pack,Furniture,5,6.41,8,91.45,0.68,0.499
Recycled PET,Medical Container,Healthcare,9,19.9,2,94.97,3.18,1.97
Corrugated Cardboard,Makeup Box,Cosmetics,9,12.17,7,90.87,0.78,0.773
Glass,Oil Container,Automotive,10,20.72,1,98.74,4.5,1.765
Bagasse Fiber,Pizza Box,Food Packaging,7,8.52,9,75.45,1.37,0.477
Bagasse Fiber,Foam Insert Package,Home Appliances,7,12.42,8,74.41,1.16,0.451
Aluminum,Clothing Box,Textiles,9,26.62,1,97.83,3.44,3.552
Mushroom Packaging,TV Carton,Electronics,7,13.03,9,65.59,1.61,0.415
Recycled PET,Electronic Blister Pack,Electronics,8,22.49,2,89.65,3.75,2.167
Recycled PET,Garment Bag,Textiles,8,19.89,4,92.19,2.49,2.096
PLA Bioplastic,Hardware Container,Construction,7,12.42,6,63.83,1.49,1.225
Kraft Paper,Appliance Carton,Home Appliances,5,12.01,9,88.05,0.84,0.625
Recycled PET,Protective Cushioning Pack,Furniture,8,27.52,4,88.65,2.3,2.034
Recycled PET,Takeaway Container,Food Packaging,9,22.46,4,91.0,3.36,2.115
Kraft Paper,Battery Packaging,Automotive,4,7.27,8,88.87,1.47,0.596
Mushroom Packaging,Mobile Box,Electronics,7,12.69,9,75.78,2.21,0.396
Aluminum,Perfume Bottle,Cosmetics,8,34.44,2,98.07,5.08,3.481
Bagasse Fiber,Food Tray,Food Packaging,5,8.55,9,78.2,1.76,0.515
Mushroom Packaging,Spare Parts Box,Automotive,5,16.55,9,77.08,1.56,0.417
PLA Bioplastic,Protective Box,Home Appliances,6,19.66,7,60.19,2.38,1.23
Kraft Paper,Pizza Box,Food Packaging,7,14.92,10,91.5,0.92,0.621
Recycled PET,Action Figure Pack,Toys,9,17.82,3,93.33,3.13,2.115
Recycled PET,Assembly Kit Box,Furniture,10,19.37,3,86.87,3.72,2.032
PLA Bioplastic,Spare Parts Box,Automotive,6,11.85,6,54.75,1.88,1.191
Corrugated Cardboard,Protective Box,Home Appliances,7,25.05,8,89.7,1.85,0.795
Corrugated Cardboard,Cement Liner Bag,Construction,8,16.61,8,82.08,1.63,0.721
PLA Bioplastic,Board Game Box,Toys,6,8.89,8,65.03,1.98,1.191
Corrugated Cardboard,Action Figure Pack,Toys,6,34.37,8,90.43,1.4,0.794
Corrugated Cardboard,Medical Container,Healthcare,6,21.35,8,81.64,0.99,0.785
Bagasse Fiber,Pizza Box,Food Packaging,6,7.74,8,77.81,2.47,0.522
Bagasse Fiber,Hardware Container,Construction,7,12.66,10,74.5,1.93,0.606
Glass,Cream Jar,Cosmetics,9,22.07,1,96.7,2.18,1.869
Recycled PET,Toy Box,Toys,8,21.87,3,89.76,2.32,2.034
Glass,Foam Insert Package,Home Appliances,9,38.82,1,99.95,4.49,1.847
Aluminum,Pizza Box,Food Packaging,8,22.66,2,98.43,2.67,3.508
PLA Bioplastic,Medicine Box,Healthcare,7,17.87,6,51.09,1.05,1.124
PLA Bioplastic,Battery Packaging,Automotive,7,19.76,7,66.25,1.9,1.239
PLA Bioplastic,Oil Container,Automotive,8,15.0,7,60.97,1.67,1.275
Kraft Paper,Protective Box,Home Appliances,4,7.67,10,93.24,0.83,0.512
Corrugated Cardboard,Action Figure Pack,Toys,9,28.72,9,85.01,0.89,0.873
Glass,Perfume Bottle,Cosmetics,10,32.56,2,97.89,2.66,1.772
Corrugated Cardboard,Spare Parts Box,Automotive,9,13.93,9,88.53,1.53,0.819
Corrugated Cardboard,Mobile Box,Electronics,8,17.88,8,80.98,1.27,0.79
Aluminum,Hardware Container,Construction,10,34.5,1,96.72,3.1,3.474
Mushroom Packaging,Clothing Box,Textiles,5,13.87,10,60.01,1.94,0.376
Corrugated Cardboard,Takeaway Container,Food Packaging,8,27.18,8,82.81,1.39,0.807
Glass,Assembly Kit Box,Furniture,10,26.02,1,99.35,2.29,1.811
Bagasse Fiber,Protective Box,Home Appliances,7,14.54,10,71.04,1.05,0.464
Corrugated Cardboard,Board Game Box,Toys,8,33.6,7,80.66,0.61,0.821
Recycled PET,Spare Parts Box,Automotive,9,23.2,2,93.81,3.53,2.143
Glass,Mobile Box,Electronics,10,37.53,1,99.75,5.01,1.764
Aluminum,Battery Packaging,Automotive,8,32.58,2,96.19,4.76,3.58
Glass,Spare Parts Box,Automotive,10,26.32,1,95.06,4.87,1.854
Bagasse Fiber,Clothing Box,Textiles,5,6.15,9,81.43,1.94,0.459
Kraft Paper,Medical Container,Healthcare,4,8.39,10,89.81,0.87,0.583
Bagasse Fiber,Takeaway Container,Food Packaging,6,10.2,8,70.3,1.89,0.47
Bagasse Fiber,Cream Jar,Cosmetics,5,6.82,9,78.98,0.87,0.509
Mushroom Packaging,Syringe Pack,Healthcare,6,14.65,10,70.19,2.63,0.295
Corrugated Cardboard,Hardware Container,Construction,7,27.92,9,80.05,1.67,0.779
Glass,Cream Jar,Cosmetics,10,28.06,2,96.35,4.0,1.827
Corrugated Cardboard,Laptop Box,Electronics,8,20.16,8,83.08,1.04,0.82
Corrugated Cardboard,Action Figure Pack,Toys,6,31.59,9,84.1,0.92,0.782
Corrugated Cardboard,Cosmetic Tube,Cosmetics,9,33.19,7,91.58,1.46,0.752
Aluminum,Furniture Carton,Furniture,8,21.03,1,95.18,4.58,3.435
Bagasse Fiber,Furniture Carton,Furniture,5,8.01,9,81.46,2.28,0.57
Bagasse Fiber,Beverage Bottle,Food Packaging,6,12.6,10,75.22,1.38,0.43
Recycled PET,Cream Jar,Cosmetics,8,27.56,3,89.95,3.42,2.09
Corrugated Cardboard,Battery Packaging,Automotive,8,32.03,7,81.82,1.34,0.791
Glass,Protective Box,Home Appliances,9,21.05,2,97.27,5.53,1.741
Recycled PET,Cream Jar,Cosmetics,8,25.33,3,88.66,2.82,2.171
Mushroom Packaging,Perfume Bottle,Cosmetics,6,14.17,10,78.22,2.39,0.35
Kraft Paper,Oil Container,Automotive,6,14.13,8,94.87,0.99,0.683
PLA Bioplastic,Fabric Wrap,Textiles,6,17.71,8,68.23,2.5,1.191
Bagasse Fiber,Garment Bag,Textiles,6,6.66,8,79.98,2.44,0.426
Bagasse Fiber,Battery Packaging,Automotive,7,6.5,8,83.09,0.93,0.545
Aluminum,Hardware Container,Construction,8,32.27,2,99.81,2.66,3.548
Aluminum,Beverage Bottle,Food Packaging,10,33.51,1,97.85,5.31,3.596
Mushroom Packaging,Protective Box,Home Appliances,6,8.04,9,75.56,2.42,0.375
Bagasse Fiber,Action Figure Pack,Toys,7,8.8,8,78.6,1.85,0.494
Aluminum,Foam Insert Package,Home Appliances,8,22.87,2,98.35,3.95,3.563
Bagasse Fiber,Food Tray,Food Packaging,6,9.87,10,82.73,0.96,0.528
Corrugated Cardboard,Syringe Pack,Healthcare,6,25.38,9,89.64,1.65,0.815
Corrugated Cardboard,Hardware Container,Construction,7,10.38,8,88.89,1.62,0.7
Recycled PET,Furniture Carton,Furniture,9,16.43,3,91.01,2.28,2.151
Aluminum,Board Game Box,Toys,9,27.29,2,95.24,3.42,3.461
Recycled PET,Cosmetic Tube,Cosmetics,10,26.22,4,92.04,3.59,2.037
Aluminum,Food Tray,Food Packaging,10,24.18,1,99.77,2.72,3.479
Glass,Perfume Bottle,Cosmetics,10,38.58,2,96.4,5.52,1.767
Glass,Board Game Box,Toys,10,34.06,1,96.73,3.03,1.78
Recycled PET,Protective Box,Home Appliances,8,24.04,3,94.11,2.98,2.119
Glass,Appliance Carton,Home Appliances,9,38.78,1,96.2,5.74,1.75
Glass,Laptop Box,Electronics,9,36.06,2,97.99,4.71,1.797
Recycled PET,Garment Bag,Textiles,10,26.7,4,89.41,2.54,2.127
Recycled PET,Perfume Bottle,Cosmetics,8,25.75,3,92.95,3.22,2.061
PLA Bioplastic,Cement Liner Bag,Construction,8,14.34,7,60.62,1.69,1.148
PLA Bioplastic,Furniture Carton,Furniture,8,13.38,7,51.71,1.55,1.3
Kraft Paper,Action Figure Pack,Toys,4,5.76,8,91.95,1.5,0.625
PLA Bioplastic,Protective Box,Home Appliances,8,14.58,6,69.7,2.5,1.206
Glass,Spare Parts Box,Automotive,9,27.23,1,98.32,4.58,1.795
Mushroom Packaging,Tile Packaging,Construction,5,10.56,9,70.83,2.02,0.315
Glass,Takeaway Container,Food Packaging,10,23.09,2,98.97,2.2,1.808
Recycled PET,Assembly Kit Box,Furniture,8,21.05,2,89.98,1.58,2.145
Aluminum,Fabric Wrap,Textiles,9,25.51,2,95.42,4.16,3.569
Bagasse Fiber,Foam Insert Package,Home Appliances,7,13.74,9,84.87,2.1,0.486
Corrugated Cardboard,Oil Container,Automotive,7,31.34,8,86.09,1.31,0.759
Mushroom Packaging,Cream Jar,Cosmetics,6,9.95,9,79.11,3.13,0.309
Glass,Hardware Container,Construction,10,38.25,1,96.57,2.13,1.866
Corrugated Cardboard,Perfume Bottle,Cosmetics,8,27.13,7,86.66,1.05,0.849
Aluminum,Perfume Bottle,Cosmetics,10,27.07,1,99.78,3.21,3.556
Aluminum,Board Game Box,Toys,9,27.07,1,97.72,3.84,3.59
Mushroom Packaging,Appliance Carton,Home Appliances,5,11.98,9,64.44,1.37,0.423
Kraft Paper,Oil Container,Automotive,5,9.26,9,85.88,1.44,0.675
Mushroom Packaging,Electronic Blister Pack,Electronics,7,14.4,10,67.73,1.71,0.36
Bagasse Fiber,Medicine Box,Healthcare,6,14.36,9,78.82,2.37,0.453
Kraft Paper,Tablet Blister Pack,Healthcare,5,14.21,8,88.37,0.81,0.529
Glass,Clothing Box,Textiles,10,20.69,1,99.02,5.94,1.746
Glass,Action Figure Pack,Toys,9,38.54,2,96.97,4.22,1.877
PLA Bioplastic,Oil Container,Automotive,6,18.22,6,54.3,2.86,1.235
Mushroom Packaging,Battery Packaging,Automotive,7,8.0,9,76.66,1.21,0.3
Recycled PET,Foam Insert Package,Home Appliances,9,16.86,4,88.46,3.37,2.148
Kraft Paper,Toy Box,Toys,7,11.77,10,92.54,1.38,0.663
Corrugated Cardboard,Syringe Pack,Healthcare,8,22.07,7,86.22,0.71,0.753
Mushroom Packaging,Beverage Bottle,Food Packaging,5,15.68,9,75.47,1.42,0.463
Aluminum,Makeup Box,Cosmetics,9,34.78,2,98.02,3.77,3.419
Corrugated Cardboard,Appliance Carton,Home Appliances,7,24.02,9,83.83,1.9,0.806
PLA Bioplastic,Appliance Carton,Home Appliances,9,13.86,8,57.56,2.08,1.298
Kraft Paper,Appliance Carton,Home Appliances,6,7.71,10,89.73,0.93,0.636
PLA Bioplastic,Makeup Box,Cosmetics,7,10.98,8,55.17,1.28,1.189
PLA Bioplastic,Furniture Carton,Furniture,8,8.28,6,63.21,1.0,1.233
Glass,Foam Insert Package,Home Appliances,10,27.49,1,95.98,5.24,1.77
Mushroom Packaging,Cement Liner Bag,Construction,5,12.25,9,77.19,1.4,0.443
Kraft Paper,Takeaway Container,Food Packaging,7,5.51,8,90.56,1.06,0.615
PLA Bioplastic,Makeup Box,Cosmetics,9,18.26,6,57.84,2.83,1.226
Bagasse Fiber,Board Game Box,Toys,6,13.81,10,75.58,1.15,0.511
Kraft Paper,Mobile Box,Electronics,7,6.44,10,91.67,1.1,0.658
Mushroom Packaging,Laptop Box,Electronics,5,8.13,10,64.18,1.38,0.355
Mushroom Packaging,Makeup Box,Cosmetics,6,13.63,10,78.14,2.59,0.42
Kraft Paper,Tablet Blister Pack,Healthcare,5,6.09,9,94.24,0.5,0.6
Mushroom Packaging,TV Carton,Electronics,5,8.3,9,60.26,2.89,0.383
Aluminum,Protective Cushioning Pack,Furniture,9,29.34,2,99.6,3.4,3.498
PLA Bioplastic,Medicine Box,Healthcare,6,13.21,6,61.04,1.93,1.205
PLA Bioplastic,Protective Box,Home Appliances,6,14.24,8,55.87,2.2,1.128
Recycled PET,Action Figure Pack,Toys,9,21.38,2,94.13,1.93,2.083
Corrugated Cardboard,Assembly Kit Box,Furniture,8,21.67,8,85.15,1.61,0.83
Glass,Clothing Box,Textiles,9,26.43,2,98.75,3.21,1.818
Corrugated Cardboard,Toy Box,Toys,8,25.26,9,85.98,1.49,0.785
Kraft Paper,Battery Packaging,Automotive,7,7.19,8,89.71,0.49,0.697
Bagasse Fiber,Tile Packaging,Construction,5,12.01,8,81.25,1.97,0.514
Recycled PET,Takeaway Container,Food Packaging,9,20.92,4,94.07,1.82,2.138
Bagasse Fiber,Battery Packaging,Automotive,6,7.58,8,83.01,1.52,0.527
Mushroom Packaging,Oil Container,Automotive,6,8.89,9,76.06,1.77,0.347
Corrugated Cardboard,Cream Jar,Cosmetics,8,15.1,7,85.81,1.62,0.705
Glass,Perfume Bottle,Cosmetics,9,25.12,2,97.38,3.05,1.852
Recycled PET,Tile Packaging,Construction,9,26.85,3,88.49,3.7,2.091
PLA Bioplastic,Protective Box,Home Appliances,9,9.48,7,67.5,2.78,1.198
Bagasse Fiber,Hardware Container,Construction,7,9.88,9,83.48,1.13,0.618
Corrugated Cardboard,Protective Cushioning Pack,Furniture,8,13.22,7,82.76,1.42,0.849
Mushroom Packaging,Assembly Kit Box,Furniture,7,17.16,9,64.78,1.4,0.384
Corrugated Cardboard,Pizza Box,Food Packaging,9,17.24,8,88.84,1.09,0.748
Bagasse Fiber,Cosmetic Tube,Cosmetics,7,11.21,9,70.19,2.01,0.524
Aluminum,Spare Parts Box,Automotive,8,27.63,2,96.47,4.48,3.395
PLA Bioplastic,Board Game Box,Toys,8,12.22,7,56.06,2.25,1.265
Corrugated Cardboard,Battery Packaging,Automotive,7,33.7,8,87.98,0.92,0.778
Glass,Tablet Blister Pack,Healthcare,9,23.68,2,99.03,3.51,1.811
Glass,Spare Parts Box,Automotive,10,27.79,1,98.8,2.41,1.781
PLA Bioplastic,Hardware Container,Construction,6,17.06,7,60.0,2.44,1.165
Recycled PET,Beverage Bottle,Food Packaging,9,22.24,2,86.13,2.76,2.11
Mushroom Packaging,Battery Packaging,Automotive,7,17.32,9,69.67,2.83,0.372
Mushroom Packaging,Protective Box,Home Appliances,7,16.92,9,74.92,1.77,0.388
Recycled PET,Medical Container,Healthcare,8,21.32,4,91.72,2.31,2.02
Kraft Paper,Fabric Wrap,Textiles,5,10.64,8,89.86,0.7,0.604
Kraft Paper,Appliance Carton,Home Appliances,4,13.54,10,88.0,0.33,0.65
Mushroom Packaging,Cement Liner Bag,Construction,6,16.24,9,65.4,1.98,0.445
Corrugated Cardboard,Toy Box,Toys,9,22.37,9,87.89,1.7,0.812
Aluminum,Clothing Box,Textiles,8,29.51,1,95.96,5.19,3.443
PLA Bioplastic,Toy Box,Toys,6,8.56,8,51.1,2.04,1.239
Corrugated Cardboard,Oil Container,Automotive,9,15.5,8,89.4,1.18,0.708
Bagasse Fiber,Assembly Kit Box,Furniture,5,9.55,9,75.06,0.85,0.502
Kraft Paper,Cream Jar,Cosmetics,5,8.52,9,90.98,1.36,0.583
Glass,Fabric Wrap,Textiles,9,23.46,2,98.89,2.05,1.778
Mushroom Packaging,Appliance Carton,Home Appliances,7,10.2,9,75.36,3.37,0.499
Aluminum,Perfume Bottle,Cosmetics,8,33.67,2,95.35,3.97,3.581
Corrugated Cardboard,Garment Bag,Textiles,7,13.01,7,81.59,1.01,0.81
Mushroom Packaging,Laptop Box,Electronics,6,14.6,9,71.25,3.33,0.398
Aluminum,Garment Bag,Textiles,10,20.79,1,97.03,2.57,3.51
PLA Bioplastic,Spare Parts Box,Automotive,9,15.96,6,53.42,2.16,1.17
Mushroom Packaging,Action Figure Pack,Toys,6,11.03,9,66.51,2.46,0.404
Recycled PET,Oil Container,Automotive,9,28.63,2,85.22,2.05,2.077
Aluminum,Action Figure Pack,Toys,8,29.39,1,95.08,3.79,3.531
Mushroom Packaging,Medical Container,Healthcare,5,9.85,10,72.22,2.7,0.315
Bagasse Fiber,Battery Packaging,Automotive,5,10.48,9,71.01,2.04,0.482
PLA Bioplastic,Protective Cushioning Pack,Furniture,6,16.61,8,69.48,1.0,1.144
Bagasse Fiber,Furniture Carton,Furniture,7,14.05,10,72.67,2.39,0.44
Kraft Paper,Tablet Blister Pack,Healthcare,5,6.45,10,88.65,0.5,0.565
Bagasse Fiber,Toy Box,Toys,7,14.64,10,72.41,1.2,0.549
PLA Bioplastic,Board Game Box,Toys,9,16.52,7,58.03,1.53,1.269
Glass,Cement Liner Bag,Construction,10,29.72,2,98.79,2.15,1.79
Corrugated Cardboard,Medical Container,Healthcare,8,19.39,9,86.27,0.68,0.85
Aluminum,Tile Packaging,Construction,8,20.57,1,99.46,5.46,3.431
Mushroom Packaging,Board Game Box,Toys,7,17.27,10,71.35,1.92,0.399
Bagasse Fiber,Tile Packaging,Construction,6,12.72,10,77.09,1.0,0.519
Aluminum,Electronic Blister Pack,Electronics,10,34.91,1,99.68,2.82,3.527
Recycled PET,Cement Liner Bag,Construction,9,27.44,4,91.12,3.3,2.033
Bagasse Fiber,Electronic Blister Pack,Electronics,6,7.62,10,80.72,2.25,0.558
Recycled PET,Medical Container,Healthcare,10,28.37,2,85.94,2.14,2.043
Corrugated Cardboard,Toy Box,Toys,9,34.82,8,84.13,0.53,0.858
PLA Bioplastic,Protective Box,Home Appliances,6,17.48,6,62.33,1.45,1.199
PLA Bioplastic,Laptop Box,Electronics,7,13.23,7,63.12,1.11,1.2
Bagasse Fiber,Oil Container,Automotive,7,10.83,9,78.87,0.98,0.477
Aluminum,Tablet Blister Pack,Healthcare,9,31.53,2,96.09,3.79,3.454
Corrugated Cardboard,Electronic Blister Pack,Electronics,6,28.82,7,80.41,0.84,0.784
Glass,Laptop Box,Electronics,10,24.3,1,98.9,4.06,1.78
Glass,Cement Liner Bag,Construction,9,31.87,1,97.38,3.01,1.745
Kraft Paper,Makeup Box,Cosmetics,5,8.0,8,94.05,1.43,0.605
Mushroom Packaging,Syringe Pack,Healthcare,6,12.27,9,63.84,3.28,0.39
Mushroom Packaging,Spare Parts Box,Automotive,6,13.65,9,75.59,2.5,0.464
Corrugated Cardboard,Tablet Blister Pack,Healthcare,9,33.69,9,90.74,1.03,0.776
Aluminum,Assembly Kit Box,Furniture,10,28.36,2,98.37,3.64,3.52
PLA Bioplastic,Beverage Bottle,Food Packaging,7,11.61,8,64.27,1.82,1.205
Corrugated Cardboard,Electronic Blister Pack,Electronics,7,16.81,8,85.73,1.59,0.72
PLA Bioplastic,Garment Bag,Textiles,9,8.36,6,67.76,1.9,1.212
Kraft Paper,Cream Jar,Cosmetics,5,7.55,9,88.55,1.33,0.594
Recycled PET,Laptop Box,Electronics,8,25.87,4,91.3,3.86,2.11
Glass,Tile Packaging,Construction,9,29.43,1,97.36,3.34,1.869
Recycled PET,Protective Box,Home Appliances,9,15.33,3,88.61,2.9,2.161
Corrugated Cardboard,Board Game Box,Toys,7,24.77,9,80.97,0.64,0.797
Glass,Garment Bag,Textiles,9,26.24,2,95.2,2.8,1.819
Aluminum,Furniture Carton,Furniture,10,26.15,1,98.33,3.74,3.52
PLA Bioplastic,Mobile Box,Electronics,6,9.2,7,55.9,1.41,1.212
Glass,Makeup Box,Cosmetics,9,28.35,1,99.5,5.51,1.781
Aluminum,Oil Container,Automotive,10,23.26,1,97.55,2.97,3.438
Kraft Paper,Garment Bag,Textiles,7,14.72,9,91.25,0.85,0.666
Mushroom Packaging,Clothing Box,Textiles,6,9.81,9,77.04,2.59,0.348
PLA Bioplastic,Assembly Kit Box,Furniture,9,12.46,8,63.77,2.38,1.204
Aluminum,Spare Parts Box,Automotive,8,31.47,1,95.13,3.65,3.562
Bagasse Fiber,Medicine Box,Healthcare,5,7.61,9,80.45,2.28,0.551
Kraft Paper,Perfume Bottle,Cosmetics,5,13.68,10,89.13,0.98,0.639
Corrugated Cardboard,Tile Packaging,Construction,6,32.72,7,81.33,1.16,0.769
Recycled PET,Pizza Box,Food Packaging,8,23.85,2,93.56,1.67,2.154
PLA Bioplastic,Medicine Box,Healthcare,8,16.18,8,62.59,1.93,1.169
Recycled PET,Appliance Carton,Home Appliances,8,19.51,2,87.88,3.55,2.094
Mushroom Packaging,Syringe Pack,Healthcare,6,16.61,10,76.63,2.61,0.356
Mushroom Packaging,Cream Jar,Cosmetics,5,8.35,9,70.59,3.11,0.455
Corrugated Cardboard,Makeup Box,Cosmetics,6,27.27,9,82.77,1.24,0.743
Bagasse Fiber,Clothing Box,Textiles,6,8.13,8,76.37,1.0,0.475
Bagasse Fiber,Foam Insert Package,Home Appliances,6,9.44,9,82.13,0.82,0.541
Corrugated Cardboard,Garment Bag,Textiles,8,26.97,9,80.79,0.95,0.782
Recycled PET,Electronic Blister Pack,Electronics,10,21.8,3,86.73,3.24,2.148
Glass,Perfume Bottle,Cosmetics,9,25.98,2,96.09,5.16,1.83
Bagasse Fiber,Cream Jar,Cosmetics,7,6.23,9,74.49,1.3,0.491
Aluminum,Garment Bag,Textiles,9,33.67,1,96.06,3.99,3.399
Aluminum,Assembly Kit Box,Furniture,8,34.25,1,96.37,3.76,3.502
Recycled PET,Tile Packaging,Construction,8,22.94,4,93.42,2.53,2.173
Bagasse Fiber,Hardware Container,Construction,7,14.74,10,75.26,1.19,0.554
Kraft Paper,Cosmetic Tube,Cosmetics,6,14.61,10,92.38,0.46,0.596
Kraft Paper,Food Tray,Food Packaging,4,8.16,10,90.0,0.54,0.531
Corrugated Cardboard,Perfume Bottle,Cosmetics,8,17.32,9,85.67,0.58,0.896
Glass,Protective Box,Home Appliances,10,38.7,2,98.34,2.79,1.817
PLA Bioplastic,Fabric Wrap,Textiles,8,15.17,8,53.92,1.02,1.138
Glass,Furniture Carton,Furniture,10,26.83,1,98.0,4.51,1.8
Kraft Paper,Tablet Blister Pack,Healthcare,4,9.02,8,88.97,0.68,0.597
Bagasse Fiber,Toy Box,Toys,6,10.05,10,78.99,2.45,0.466
Corrugated Cardboard,Tile Packaging,Construction,6,25.71,7,91.27,0.79,0.776
Kraft Paper,Mobile Box,Electronics,7,14.25,8,88.07,0.71,0.65
Kraft Paper,Tablet Blister Pack,Healthcare,6,5.66,9,89.01,0.73,0.64
Mushroom Packaging,Cream Jar,Cosmetics,6,16.03,9,71.5,1.22,0.406
PLA Bioplastic,Action Figure Pack,Toys,9,13.02,8,65.31,2.68,1.183
Mushroom Packaging,Medicine Box,Healthcare,7,17.87,10,73.28,1.27,0.32
Corrugated Cardboard,Board Game Box,Toys,9,20.61,8,84.3,1.91,0.805
Corrugated Cardboard,Cream Jar,Cosmetics,9,30.37,7,85.73,1.84,0.788
Kraft Paper,Spare Parts Box,Automotive,4,14.43,9,90.47,0.94,0.707
Glass,Appliance Carton,Home Appliances,9,24.01,1,97.77,4.17,1.725
Kraft Paper,Foam Insert Package,Home Appliances,5,6.76,9,87.81,1.08,0.619
Mushroom Packaging,Cosmetic Tube,Cosmetics,6,8.82,9,77.37,2.09,0.39
Bagasse Fiber,Oil Container,Automotive,6,13.54,8,72.94,1.9,0.57
Corrugated Cardboard,Pizza Box,Food Packaging,7,20.95,9,86.71,0.57,0.731
PLA Bioplastic,Assembly Kit Box,Furniture,6,15.65,7,56.45,1.11,1.195
Kraft Paper,Takeaway Container,Food Packaging,4,12.08,8,93.91,0.85,0.581
Glass,Assembly Kit Box,Furniture,10,33.9,1,99.18,4.2,1.867
Kraft Paper,Fabric Wrap,Textiles,6,6.29,10,89.47,1.37,0.557
Recycled PET,Takeaway Container,Food Packaging,8,19.08,3,92.96,1.76,2.055
Mushroom Packaging,Battery Packaging,Automotive,6,13.87,9,64.36,3.09,0.401
Aluminum,Perfume Bottle,Cosmetics,9,30.89,1,99.58,3.13,3.412
Mushroom Packaging,Hardware Container,Construction,6,12.44,9,62.88,2.11,0.401
PLA Bioplastic,Appliance Carton,Home Appliances,7,13.94,6,62.35,1.63,1.193
Recycled PET,Tablet Blister Pack,Healthcare,8,26.04,4,89.21,2.5,2.107
Kraft Paper,Cosmetic Tube,Cosmetics,5,10.33,10,93.82,0.48,0.534
Aluminum,Protective Box,Home Appliances,9,23.7,2,99.99,4.01,3.601
Bagasse Fiber,Medicine Box,Healthcare,6,7.58,10,78.51,2.16,0.445
Aluminum,Protective Cushioning Pack,Furniture,8,29.24,1,99.32,3.82,3.418
Kraft Paper,Oil Container,Automotive,4,10.78,10,90.86,0.89,0.633
Mushroom Packaging,Foam Insert Package,Home Appliances,6,10.41,10,65.01,3.15,0.366
Aluminum,Garment Bag,Textiles,9,28.2,1,98.68,4.62,3.43
Recycled PET,Medical Container,Healthcare,9,16.61,4,88.74,2.73,2.099
Corrugated Cardboard,Assembly Kit Box,Furniture,9,26.95,9,83.88,0.89,0.814
Aluminum,Tile Packaging,Construction,9,25.25,2,98.66,5.15,3.478
Kraft Paper,Hardware Container,Construction,7,8.55,8,93.49,0.99,0.602
Aluminum,Beverage Bottle,Food Packaging,8,33.05,1,98.64,3.16,3.63
Mushroom Packaging,Cream Jar,Cosmetics,7,12.48,10,67.9,1.82,0.487
Mushroom Packaging,Medical Container,Healthcare,5,13.36,9,68.42,3.05,0.37
Mushroom Packaging,Cosmetic Tube,Cosmetics,6,10.58,10,79.25,1.3,0.435
Aluminum,Tile Packaging,Construction,10,25.72,1,97.64,5.48,3.562
Aluminum,Action Figure Pack,Toys,10,33.31,2,98.07,2.89,3.435
PLA Bioplastic,Furniture Carton,Furniture,9,8.51,6,61.69,2.59,1.245
Kraft Paper,Clothing Box,Textiles,5,14.95,9,89.4,0.77,0.607
Bagasse Fiber,Furniture Carton,Furniture,5,6.06,10,83.32,1.64,0.49
Recycled PET,Assembly Kit Box,Furniture,9,27.8,4,94.36,3.7,2.041
Recycled PET,Tablet Blister Pack,Healthcare,9,19.75,4,93.82,2.53,2.082
PLA Bioplastic,Protective Box,Home Appliances,8,18.83,7,58.22,2.07,1.066
Mushroom Packaging,Oil Container,Automotive,6,10.15,10,75.27,1.31,0.415
Glass,Makeup Box,Cosmetics,9,32.57,1,99.73,2.01,1.85
Glass,Spare Parts Box,Automotive,9,21.41,1,96.26,2.98,1.778
Corrugated Cardboard,Furniture Carton,Furniture,8,14.27,8,88.28,1.52,0.874
Mushroom Packaging,Cream Jar,Cosmetics,6,16.62,9,67.18,1.48,0.425
Recycled PET,Medical Container,Healthcare,8,15.21,2,88.95,1.78,2.051
Corrugated Cardboard,Tile Packaging,Construction,7,28.25,7,91.38,1.12,0.807
Aluminum,Fabric Wrap,Textiles,10,29.91,2,97.12,4.44,3.572
Glass,Takeaway Container,Food Packaging,9,21.39,1,97.13,4.85,1.669
Bagasse Fiber,Pizza Box,Food Packaging,7,7.04,9,78.0,1.1,0.495
Corrugated Cardboard,Garment Bag,Textiles,9,23.96,7,85.41,0.62,0.831
Kraft Paper,Takeaway Container,Food Packaging,4,8.18,8,89.34,1.43,0.65
PLA Bioplastic,Syringe Pack,Healthcare,6,18.94,8,57.11,1.52,1.238
Glass,Protective Cushioning Pack,Furniture,9,28.71,1,95.01,5.41,1.746
PLA Bioplastic,Garment Bag,Textiles,6,12.76,6,52.56,2.73,1.244
Kraft Paper,Action Figure Pack,Toys,7,14.55,9,93.22,1.23,0.622
Mushroom Packaging,Oil Container,Automotive,5,16.56,9,65.15,1.59,0.383
Bagasse Fiber,Foam Insert Package,Home Appliances,6,13.1,10,73.7,2.2,0.486
Corrugated Cardboard,Action Figure Pack,Toys,8,34.69,9,82.74,1.65,0.832
Recycled PET,Battery Packaging,Automotive,8,27.84,2,90.82,2.99,2.174
Bagasse Fiber,Cosmetic Tube,Cosmetics,5,7.36,9,80.74,1.37,0.526
Corrugated Cardboard,Board Game Box,Toys,6,25.97,7,86.96,0.89,0.767
Kraft Paper,Hardware Container,Construction,4,10.02,8,90.54,0.45,0.639
PLA Bioplastic,Action Figure Pack,Toys,8,11.22,6,51.41,2.02,1.174
Aluminum,Foam Insert Package,Home Appliances,8,30.48,2,99.51,4.26,3.542
Bagasse Fiber,Perfume Bottle,Cosmetics,6,14.66,8,76.46,1.41,0.543
PLA Bioplastic,Spare Parts Box,Automotive,7,17.12,7,60.15,1.95,1.235
Glass,Toy Box,Toys,10,20.91,2,99.51,3.45,1.75
Corrugated Cardboard,Battery Packaging,Automotive,6,25.24,7,85.69,1.46,0.828
PLA Bioplastic,Battery Packaging,Automotive,6,13.28,7,54.44,2.8,1.152
Bagasse Fiber,Protective Cushioning Pack,Furniture,6,13.79,8,74.1,1.08,0.566
Aluminum,Fabric Wrap,Textiles,10,23.45,1,95.28,3.64,3.483
PLA Bioplastic,Syringe Pack,Healthcare,6,8.23,8,51.91,1.28,1.137
Recycled PET,Takeaway Container,Food Packaging,9,22.65,3,86.57,3.06,2.092
Glass,Protective Cushioning Pack,Furniture,10,31.81,1,99.42,4.92,1.851
Mushroom Packaging,Syringe Pack,Healthcare,7,10.23,9,61.63,3.34,0.461
Mushroom Packaging,Laptop Box,Electronics,5,15.86,10,68.68,1.84,0.355
Kraft Paper,Laptop Box,Electronics,4,5.92,9,85.51,1.44,0.537
Aluminum,Foam Insert Package,Home Appliances,10,24.91,1,96.46,2.69,3.522
Kraft Paper,Takeaway Container,Food Packaging,6,9.05,9,89.18,1.02,0.577
Mushroom Packaging,Tablet Blister Pack,Healthcare,5,12.82,10,63.23,1.33,0.4
Glass,Foam Insert Package,Home Appliances,9,35.05,2,99.97,5.58,1.829
PLA Bioplastic,Oil Container,Automotive,6,19.93,8,53.79,2.06,1.272
Kraft Paper,Fabric Wrap,Textiles,5,14.12,9,91.28,1.1,0.637
Recycled PET,Toy Box,Toys,8,25.8,4,88.14,3.58,2.109
Mushroom Packaging,Tile Packaging,Construction,5,10.38,9,61.95,1.55,0.508
Aluminum,Mobile Box,Electronics,10,25.61,1,98.15,2.62,3.451
Mushroom Packaging,Perfume Bottle,Cosmetics,6,12.94,9,74.68,3.22,0.413
Kraft Paper,Electronic Blister Pack,Electronics,4,11.91,8,89.98,0.68,0.552
Corrugated Cardboard,Mobile Box,Electronics,6,21.63,7,85.01,0.69,0.804
Corrugated Cardboard,Clothing Box,Textiles,8,27.99,9,90.63,1.2,0.769
Mushroom Packaging,Cement Liner Bag,Construction,5,14.51,9,75.06,2.58,0.402
Mushroom Packaging,Pizza Box,Food Packaging,5,11.78,10,73.68,1.27,0.405
Corrugated Cardboard,Foam Insert Package,Home Appliances,6,25.25,8,80.97,0.91,0.836
PLA Bioplastic,Board Game Box,Toys,7,9.15,6,62.75,1.07,1.214
Corrugated Cardboard,Pizza Box,Food Packaging,7,19.88,7,87.66,1.13,0.851
Mushroom Packaging,Furniture Carton,Furniture,5,12.62,9,72.88,3.26,0.393
PLA Bioplastic,Cement Liner Bag,Construction,7,18.49,8,63.24,2.97,1.125
Glass,Toy Box,Toys,9,28.52,2,95.1,4.55,1.908
Glass,Hardware Container,Construction,9,23.31,1,96.07,2.65,1.782
Mushroom Packaging,Clothing Box,Textiles,5,14.25,10,77.78,3.28,0.418
Corrugated Cardboard,Electronic Blister Pack,Electronics,7,11.02,8,83.88,1.27,0.793
PLA Bioplastic,Board Game Box,Toys,7,10.49,6,56.9,1.31,1.26
Recycled PET,Hardware Container,Construction,10,23.85,4,92.55,3.8,2.184
Bagasse Fiber,Tile Packaging,Construction,5,6.57,9,83.98,2.09,0.534
Corrugated Cardboard,Toy Box,Toys,9,32.3,7,87.76,1.6,0.828
PLA Bioplastic,TV Carton,Electronics,9,19.99,7,54.69,2.42,1.112
Aluminum,Oil Container,Automotive,8,34.7,2,99.9,3.1,3.508
Bagasse Fiber,Foam Insert Package,Home Appliances,5,7.62,10,79.63,1.16,0.528
Mushroom Packaging,Board Game Box,Toys,7,15.65,9,74.74,2.78,0.366
Mushroom Packaging,Cement Liner Bag,Construction,5,15.3,9,68.38,1.71,0.429
Aluminum,Appliance Carton,Home Appliances,9,33.64,2,95.47,3.82,3.466
PLA Bioplastic,Cosmetic Tube,Cosmetics,6,8.39,7,53.08,2.56,1.211
PLA Bioplastic,Action Figure Pack,Toys,7,11.96,7,68.09,2.57,1.333
Mushroom Packaging,Tablet Blister Pack,Healthcare,7,9.81,10,74.55,2.24,0.388
Recycled PET,Takeaway Container,Food Packaging,8,20.52,2,94.48,3.48,2.129
Bagasse Fiber,Action Figure Pack,Toys,7,6.17,10,78.58,2.23,0.513
Recycled PET,Foam Insert Package,Home Appliances,10,28.01,2,91.03,3.14,2.036
Corrugated Cardboard,Perfume Bottle,Cosmetics,9,33.31,8,89.23,0.84,0.87
Bagasse Fiber,Cosmetic Tube,Cosmetics,5,14.87,10,76.12,1.27,0.529
Aluminum,Hardware Container,Construction,10,25.12,1,99.26,3.44,3.493
Mushroom Packaging,Makeup Box,Cosmetics,6,15.68,9,61.3,1.47,0.364
Glass,Syringe Pack,Healthcare,10,31.32,2,99.53,3.09,1.856
Recycled PET,Board Game Box,Toys,9,15.17,4,89.4,2.02,2.054
Glass,Furniture Carton,Furniture,10,26.46,1,96.62,3.82,1.842
Aluminum,Tile Packaging,Construction,10,22.69,1,95.11,5.23,3.503
Glass,Action Figure Pack,Toys,10,39.56,1,99.26,2.42,1.749
Glass,Garment Bag,Textiles,10,26.51,1,98.96,4.88,1.866
Kraft Paper,TV Carton,Electronics,6,8.48,10,94.43,1.12,0.639
PLA Bioplastic,Cement Liner Bag,Construction,9,19.32,8,56.49,1.19,1.219
PLA Bioplastic,TV Carton,Electronics,7,14.06,8,62.24,2.85,1.196
Kraft Paper,Hardware Container,Construction,5,12.21,10,92.28,0.98,0.665
Aluminum,Tablet Blister Pack,Healthcare,9,27.77,2,98.77,3.59,3.568
Bagasse Fiber,Electronic Blister Pack,Electronics,7,10.35,10,78.78,2.09,0.567
Kraft Paper,Pizza Box,Food Packaging,4,12.09,8,86.66,0.61,0.615
Aluminum,Assembly Kit Box,Furniture,10,31.2,2,99.76,4.58,3.471
Glass,Board Game Box,Toys,10,29.8,2,95.48,2.16,1.831
Corrugated Cardboard,Protective Cushioning Pack,Furniture,6,27.91,7,85.05,1.76,0.789
Aluminum,Board Game Box,Toys,9,34.53,1,96.86,3.84,3.597
PLA Bioplastic,Perfume Bottle,Cosmetics,8,13.2,7,65.92,2.27,1.148
Recycled PET,Perfume Bottle,Cosmetics,9,16.55,3,90.7,2.05,2.151
Corrugated Cardboard,TV Carton,Electronics,8,20.37,7,90.99,1.52,0.772
Recycled PET,Hardware Container,Construction,9,29.88,2,87.96,3.43,2.102
Mushroom Packaging,Fabric Wrap,Textiles,7,10.6,10,61.73,2.29,0.416
PLA Bioplastic,Pizza Box,Food Packaging,6,17.67,8,57.7,2.24,1.18
Aluminum,Foam Insert Package,Home Appliances,9,23.04,1,97.62,3.87,3.481
Bagasse Fiber,Hardware Container,Construction,5,7.58,10,76.61,2.32,0.455
Bagasse Fiber,Beverage Bottle,Food Packaging,5,12.05,9,80.02,1.65,0.534
Kraft Paper,Tile Packaging,Construction,6,13.47,8,86.86,1.31,0.628
Corrugated Cardboard,Oil Container,Automotive,6,30.93,9,91.24,1.7,0.814
Aluminum,Medical Container,Healthcare,10,29.45,1,99.74,3.73,3.532
PLA Bioplastic,Action Figure Pack,Toys,7,11.9,7,66.89,1.46,1.178
Aluminum,Tile Packaging,Construction,8,20.3,1,97.21,3.72,3.499
Glass,Food Tray,Food Packaging,10,25.02,1,95.19,5.3,1.736
Recycled PET,Protective Cushioning Pack,Furniture,9,20.94,4,91.58,2.07,2.174
Mushroom Packaging,Foam Insert Package,Home Appliances,6,17.28,9,68.55,2.41,0.367
PLA Bioplastic,Foam Insert Package,Home Appliances,8,16.29,6,62.18,2.61,1.209
Mushroom Packaging,Syringe Pack,Healthcare,5,13.87,10,62.97,2.01,0.424
Glass,Hardware Container,Construction,9,34.26,1,95.35,4.57,1.775
Glass,Pizza Box,Food Packaging,9,31.15,2,97.59,2.98,1.882
Corrugated Cardboard,Protective Box,Home Appliances,7,17.77,8,83.54,0.66,0.786
Recycled PET,Hardware Container,Construction,10,24.62,3,85.51,3.49,2.165
Glass,Assembly Kit Box,Furniture,10,25.48,2,98.87,2.4,1.751
Kraft Paper,Protective Cushioning Pack,Furniture,5,10.82,8,86.35,0.63,0.645
Bagasse Fiber,Furniture Carton,Furniture,6,7.45,9,79.65,2.25,0.427
Glass,Action Figure Pack,Toys,10,38.55,2,98.5,3.39,1.796
Bagasse Fiber,Board Game Box,Toys,5,13.97,9,80.78,2.45,0.475
Corrugated Cardboard,Hardware Container,Construction,7,21.28,9,84.62,1.97,0.76
Recycled PET,Action Figure Pack,Toys,8,20.59,3,85.44,2.17,2.144
Bagasse Fiber,Protective Box,Home Appliances,6,7.2,10,79.94,0.87,0.521
Bagasse Fiber,Tile Packaging,Construction,7,9.76,9,75.18,2.0,0.534
Kraft Paper,Fabric Wrap,Textiles,4,6.19,10,90.88,0.84,0.561
Bagasse Fiber,Cream Jar,Cosmetics,5,11.02,9,82.45,0.97,0.343
Aluminum,Oil Container,Automotive,8,31.88,2,97.17,4.62,3.391
Bagasse Fiber,Toy Box,Toys,5,6.4,10,71.56,0.85,0.396
Bagasse Fiber,Tablet Blister Pack,Healthcare,5,12.73,9,77.48,2.28,0.427
PLA Bioplastic,Medical Container,Healthcare,7,19.89,8,68.84,1.28,1.201
Aluminum,Medical Container,Healthcare,10,27.79,1,97.69,2.88,3.529
Corrugated Cardboard,Mobile Box,Electronics,8,23.76,8,86.02,0.76,0.933
Corrugated Cardboard,Tile Packaging,Construction,6,23.04,7,81.49,1.94,0.802
PLA Bioplastic,Battery Packaging,Automotive,9,13.27,6,65.64,2.39,1.2
Corrugated Cardboard,Pizza Box,Food Packaging,7,19.21,7,81.86,1.7,0.758
PLA Bioplastic,Makeup Box,Cosmetics,9,19.29,8,54.2,1.8,1.269
Bagasse Fiber,Battery Packaging,Automotive,6,6.35,8,71.07,1.37,0.51
Recycled PET,Toy Box,Toys,8,24.95,2,92.74,2.09,2.109
Glass,Board Game Box,Toys,10,32.31,1,99.22,3.92,1.837
Glass,TV Carton,Electronics,9,20.57,1,97.42,4.21,1.82
Mushroom Packaging,Protective Box,Home Appliances,6,10.44,9,75.24,2.65,0.433
Kraft Paper,Garment Bag,Textiles,4,13.97,10,86.55,0.61,0.589
Corrugated Cardboard,Garment Bag,Textiles,8,14.3,9,86.05,1.92,0.834
PLA Bioplastic,Board Game Box,Toys,6,12.51,7,60.6,1.34,1.215
Glass,Cosmetic Tube,Cosmetics,9,37.69,1,98.5,5.86,1.795
Recycled PET,Fabric Wrap,Textiles,10,20.3,2,89.7,1.54,2.15
Aluminum,Board Game Box,Toys,8,20.73,1,98.16,3.94,3.516
Bagasse Fiber,Cosmetic Tube,Cosmetics,7,7.0,8,71.32,1.37,0.529
Recycled PET,Garment Bag,Textiles,8,27.69,2,94.64,2.62,2.009
Corrugated Cardboard,Cement Liner Bag,Construction,6,16.21,8,90.69,1.36,0.722
Corrugated Cardboard,Perfume Bottle,Cosmetics,9,23.6,7,86.38,1.15,0.839
PLA Bioplastic,Laptop Box,Electronics,7,11.0,8,68.49,1.83,1.183
PLA Bioplastic,Furniture Carton,Furniture,7,8.96,7,57.31,2.47,1.194
PLA Bioplastic,Cream Jar,Cosmetics,6,15.87,6,61.72,2.37,1.179
Bagasse Fiber,Spare Parts Box,Automotive,6,11.75,9,75.14,2.22,0.571
Glass,Oil Container,Automotive,9,29.98,2,99.58,3.0,1.838
PLA Bioplastic,Electronic Blister Pack,Electronics,8,19.41,6,66.35,2.22,1.223
PLA Bioplastic,Clothing Box,Textiles,6,19.56,7,56.85,2.17,1.098
Kraft Paper,Cosmetic Tube,Cosmetics,7,13.5,8,90.21,0.74,0.629
Aluminum,Hardware Container,Construction,8,21.47,2,97.84,3.96,3.494
PLA Bioplastic,Fabric Wrap,Textiles,7,18.53,7,61.8,1.63,1.2
Corrugated Cardboard,Cosmetic Tube,Cosmetics,7,20.19,8,80.81,0.71,0.75
Bagasse Fiber,Hardware Container,Construction,7,12.54,8,72.77,1.16,0.595
Glass,Toy Box,Toys,10,21.6,2,95.74,2.42,1.684
PLA Bioplastic,Cement Liner Bag,Construction,7,15.91,6,57.83,2.37,1.267
Recycled PET,Protective Box,Home Appliances,10,18.26,3,93.86,3.15,2.183
Bagasse Fiber,Board Game Box,Toys,6,6.12,10,75.37,2.42,0.528
Mushroom Packaging,Hardware Container,Construction,5,15.55,10,73.99,2.88,0.429
Corrugated Cardboard,Makeup Box,Cosmetics,6,14.53,7,83.68,0.58,0.752
Bagasse Fiber,Makeup Box,Cosmetics,7,12.93,8,73.07,2.3,0.496
Bagasse Fiber,Beverage Bottle,Food Packaging,6,14.9,9,70.87,2.27,0.572
Kraft Paper,Protective Box,Home Appliances,4,11.77,10,91.36,0.83,0.554
Aluminum,Assembly Kit Box,Furniture,8,21.73,1,95.49,4.26,3.555
Mushroom Packaging,Garment Bag,Textiles,7,10.71,10,70.81,3.44,0.411
Mushroom Packaging,Spare Parts Box,Automotive,6,17.22,9,77.81,2.42,0.46
Aluminum,Tile Packaging,Construction,10,27.08,1,95.89,5.22,3.533
Recycled PET,Laptop Box,Electronics,9,21.7,3,93.83,1.71,2.059
Corrugated Cardboard,Medicine Box,Healthcare,6,15.92,7,81.49,0.79,0.758
Kraft Paper,Spare Parts Box,Automotive,4,6.63,10,87.76,0.83,0.626
Bagasse Fiber,Protective Box,Home Appliances,6,9.52,9,84.67,1.79,0.523
Kraft Paper,Makeup Box,Cosmetics,6,5.05,8,91.09,1.28,0.647
Kraft Paper,Perfume Bottle,Cosmetics,6,13.46,10,85.09,1.49,0.52
Recycled PET,Tile Packaging,Construction,9,25.17,3,85.78,2.47,2.074
Bagasse Fiber,Medical Container,Healthcare,7,8.07,10,83.46,0.88,0.454
Aluminum,Medicine Box,Healthcare,8,20.11,1,97.57,4.9,3.408
PLA Bioplastic,Food Tray,Food Packaging,9,8.96,6,65.59,2.21,1.249
Kraft Paper,Medicine Box,Healthcare,7,7.37,9,94.48,0.54,0.654
Corrugated Cardboard,Fabric Wrap,Textiles,6,19.19,9,84.73,1.24,0.698
PLA Bioplastic,Syringe Pack,Healthcare,6,18.14,7,68.5,2.48,1.208
Recycled PET,Foam Insert Package,Home Appliances,10,24.05,4,88.53,3.43,2.091
Glass,Fabric Wrap,Textiles,9,38.16,1,95.52,4.0,1.859
Aluminum,Electronic Blister Pack,Electronics,9,28.05,2,95.81,3.42,3.436
Kraft Paper,Action Figure Pack,Toys,4,5.97,9,93.72,1.47,0.636
Bagasse Fiber,Mobile Box,Electronics,7,12.58,9,76.94,1.93,0.566
Aluminum,Protective Box,Home Appliances,10,25.17,2,99.64,3.72,3.528
PLA Bioplastic,Board Game Box,Toys,6,16.6,7,50.7,1.56,1.183
Corrugated Cardboard,Cosmetic Tube,Cosmetics,8,21.93,7,87.37,1.6,0.782
PLA Bioplastic,Fabric Wrap,Textiles,6,16.31,6,66.49,1.48,1.13
Aluminum,Cream Jar,Cosmetics,8,22.5,2,98.69,3.02,3.535
Bagasse Fiber,Beverage Bottle,Food Packaging,5,11.18,9,70.17,1.7,0.542
Recycled PET,Pizza Box,Food Packaging,8,16.59,3,91.54,2.22,2.095
Mushroom Packaging,Foam Insert Package,Home Appliances,7,10.64,10,77.97,2.65,0.347
Bagasse Fiber,Spare Parts Box,Automotive,5,8.4,9,81.4,1.0,0.521
Aluminum,Board Game Box,Toys,9,21.03,2,99.44,4.46,3.497
Mushroom Packaging,Foam Insert Package,Home Appliances,5,12.92,9,72.56,1.85,0.387
Bagasse Fiber,Action Figure Pack,Toys,7,11.0,9,82.56,0.8,0.424
Mushroom Packaging,Action Figure Pack,Toys,7,16.95,9,66.49,1.49,0.446
Recycled PET,TV Carton,Electronics,9,28.0,3,85.89,3.83,2.173
Glass,Protective Cushioning Pack,Furniture,9,29.41,2,99.4,5.47,1.818
Bagasse Fiber,Medical Container,Healthcare,7,10.57,10,82.88,1.2,0.429
Recycled PET,Oil Container,Automotive,10,22.6,2,94.49,3.45,2.104
Aluminum,Foam Insert Package,Home Appliances,9,20.87,1,97.71,4.33,3.561
Bagasse Fiber,Fabric Wrap,Textiles,6,14.33,10,81.96,2.45,0.528
Aluminum,Assembly Kit Box,Furniture,10,26.5,2,98.32,3.62,3.513
Kraft Paper,Oil Container,Automotive,6,11.61,8,88.33,1.12,0.58
Glass,Protective Cushioning Pack,Furniture,9,34.2,1,97.81,2.25,1.796
PLA Bioplastic,Action Figure Pack,Toys,7,17.96,7,64.26,1.79,1.22
Aluminum,Makeup Box,Cosmetics,9,32.23,1,95.88,5.39,3.555
PLA Bioplastic,Battery Packaging,Automotive,8,17.36,8,67.5,2.08,1.189
PLA Bioplastic,Makeup Box,Cosmetics,6,10.9,7,55.68,1.58,1.269
PLA Bioplastic,Cement Liner Bag,Construction,7,14.11,6,61.99,1.24,1.11
Bagasse Fiber,Toy Box,Toys,7,6.56,8,75.3,2.0,0.581
Kraft Paper,Protective Cushioning Pack,Furniture,6,14.5,10,93.94,1.07,0.591
Recycled PET,Furniture Carton,Furniture,10,20.58,2,94.98,2.43,2.114
Glass,Board Game Box,Toys,9,26.17,1,97.26,5.8,1.865
Glass,Takeaway Container,Food Packaging,9,27.22,2,95.75,2.09,1.819
Mushroom Packaging,Laptop Box,Electronics,5,13.79,10,70.38,1.9,0.395
Kraft Paper,Tile Packaging,Construction,4,11.68,8,86.6,1.41,0.517
Kraft Paper,Cream Jar,Cosmetics,4,7.78,9,93.99,0.69,0.56
Glass,Hardware Container,Construction,10,25.43,2,96.55,3.01,1.771
Recycled PET,Toy Box,Toys,10,22.65,3,89.05,2.84,2.15
Corrugated Cardboard,Assembly Kit Box,Furniture,9,29.29,9,89.81,1.74,0.819
Kraft Paper,Action Figure Pack,Toys,5,5.77,9,85.86,0.42,0.491
Glass,Perfume Bottle,Cosmetics,9,29.78,2,97.58,5.77,1.779
Mushroom Packaging,Garment Bag,Textiles,5,16.7,9,63.13,3.03,0.413
Bagasse Fiber,Action Figure Pack,Toys,6,8.05,8,81.15,1.11,0.467
Mushroom Packaging,Furniture Carton,Furniture,7,16.54,9,78.43,2.84,0.433
Glass,Clothing Box,Textiles,9,38.55,2,95.9,3.54,1.815
Aluminum,Assembly Kit Box,Furniture,8,33.56,1,95.78,3.71,3.517
Bagasse Fiber,Toy Box,Toys,7,10.14,8,83.59,2.13,0.557
Recycled PET,Spare Parts Box,Automotive,9,26.03,2,85.37,3.91,2.07
Mushroom Packaging,Battery Packaging,Automotive,5,11.11,10,70.62,1.49,0.257
Recycled PET,Action Figure Pack,Toys,10,29.25,3,89.86,2.55,2.103
Recycled PET,Appliance Carton,Home Appliances,8,18.31,4,86.64,2.7,2.078
Corrugated Cardboard,Fabric Wrap,Textiles,7,33.95,7,84.0,1.06,0.789
Bagasse Fiber,Hardware Container,Construction,6,14.45,9,75.12,1.42,0.449
Mushroom Packaging,Cement Liner Bag,Construction,7,16.41,10,70.38,1.32,0.506
PLA Bioplastic,Battery Packaging,Automotive,8,16.85,8,63.92,2.37,1.222
Recycled PET,Medicine Box,Healthcare,9,23.72,3,88.13,2.59,2.097
Corrugated Cardboard,Board Game Box,Toys,7,32.28,8,87.91,0.79,0.888
Mushroom Packaging,Medicine Box,Healthcare,6,11.17,10,75.61,3.08,0.369
Recycled PET,Clothing Box,Textiles,9,25.83,2,94.03,3.51,2.091
Recycled PET,Spare Parts Box,Automotive,9,23.2,2,88.31,2.72,2.107
Aluminum,Fabric Wrap,Textiles,8,30.3,1,96.56,3.4,3.452
Kraft Paper,Battery Packaging,Automotive,7,13.02,9,88.43,1.07,0.54
Recycled PET,Medicine Box,Healthcare,10,28.82,3,85.99,2.22,2.065
PLA Bioplastic,Board Game Box,Toys,6,11.73,8,66.77,1.47,1.149
Corrugated Cardboard,Makeup Box,Cosmetics,6,20.04,8,81.25,1.6,0.833
Aluminum,Syringe Pack,Healthcare,10,33.02,2,98.75,2.62,3.477
PLA Bioplastic,Cream Jar,Cosmetics,8,17.04,6,68.71,1.19,1.217
Bagasse Fiber,Protective Box,Home Appliances,7,14.61,9,83.86,0.81,0.476
Corrugated Cardboard,TV Carton,Electronics,7,17.67,9,82.56,0.73,0.816
Kraft Paper,Cream Jar,Cosmetics,6,12.92,10,88.42,0.38,0.696
Aluminum,Electronic Blister Pack,Electronics,9,23.31,2,95.88,5.49,3.478
Mushroom Packaging,Electronic Blister Pack,Electronics,6,12.59,10,67.59,1.86,0.381
Bagasse Fiber,Tablet Blister Pack,Healthcare,5,9.8,8,74.69,1.05,0.455
Kraft Paper,Protective Cushioning Pack,Furniture,5,9.24,9,88.95,0.59,0.555
Aluminum,Spare Parts Box,Automotive,8,27.42,2,97.42,5.31,3.398
PLA Bioplastic,Battery Packaging,Automotive,7,16.73,8,59.38,2.04,1.238
PLA Bioplastic,Syringe Pack,Healthcare,9,12.61,8,51.59,1.73,1.105
Bagasse Fiber,Syringe Pack,Healthcare,5,14.81,10,75.9,2.28,0.441
Aluminum,Furniture Carton,Furniture,10,30.64,2,98.94,3.68,3.478
Aluminum,Medicine Box,Healthcare,8,29.38,2,98.02,3.51,3.492
Mushroom Packaging,Furniture Carton,Furniture,6,16.93,9,62.73,1.68,0.466
Corrugated Cardboard,Appliance Carton,Home Appliances,6,21.6,7,90.18,1.07,0.833
Aluminum,Mobile Box,Electronics,9,25.87,1,98.66,3.45,3.557
Bagasse Fiber,Appliance Carton,Home Appliances,5,13.31,10,71.17,1.95,0.438
Corrugated Cardboard,Cement Liner Bag,Construction,6,21.26,9,84.07,0.93,0.769
Bagasse Fiber,Tablet Blister Pack,Healthcare,6,11.49,9,83.51,1.78,0.55
Bagasse Fiber,Mobile Box,Electronics,7,10.43,9,82.09,0.91,0.516
Aluminum,Toy Box,Toys,9,21.89,1,96.62,3.07,3.576
Kraft Paper,Cement Liner Bag,Construction,6,7.09,9,93.78,0.79,0.528
Aluminum,Action Figure Pack,Toys,8,27.72,2,95.24,5.31,3.457
Recycled PET,Makeup Box,Cosmetics,10,21.12,2,89.54,2.44,2.147
Bagasse Fiber,Beverage Bottle,Food Packaging,5,10.17,9,75.31,1.93,0.468
Corrugated Cardboard,Hardware Container,Construction,8,30.96,7,91.28,0.88,0.789
Aluminum,Medicine Box,Healthcare,10,21.32,1,96.25,2.88,3.508
Kraft Paper,Laptop Box,Electronics,7,7.27,10,88.64,0.37,0.621
Mushroom Packaging,Fabric Wrap,Textiles,6,15.76,9,71.28,1.9,0.312
Aluminum,Fabric Wrap,Textiles,8,25.65,2,99.71,2.97,3.586
Aluminum,Hardware Container,Construction,10,34.04,1,96.29,3.02,3.355
PLA Bioplastic,Action Figure Pack,Toys,9,16.52,7,52.81,2.52,1.167
Kraft Paper,Cement Liner Bag,Construction,4,7.21,8,93.26,0.32,0.636
PLA Bioplastic,Action Figure Pack,Toys,6,10.14,6,56.98,2.12,1.187
Aluminum,Appliance Carton,Home Appliances,8,30.41,2,96.73,3.64,3.519
Recycled PET,Toy Box,Toys,9,28.05,4,89.15,2.77,2.072
Mushroom Packaging,Hardware Container,Construction,6,13.55,10,72.89,2.49,0.38
PLA Bioplastic,Tile Packaging,Construction,6,14.25,6,50.38,1.63,1.239
Aluminum,Board Game Box,Toys,8,34.55,1,99.43,3.39,3.429
Recycled PET,Mobile Box,Electronics,8,23.29,4,93.72,3.33,2.183
Mushroom Packaging,Furniture Carton,Furniture,7,15.03,9,74.37,3.2,0.345
Bagasse Fiber,Protective Box,Home Appliances,7,6.6,8,74.98,1.13,0.431
Aluminum,Cement Liner Bag,Construction,8,28.29,2,96.73,2.79,3.473
Kraft Paper,Medicine Box,Healthcare,5,8.8,10,94.18,1.38,0.614
Corrugated Cardboard,Laptop Box,Electronics,8,10.32,9,90.02,1.02,0.833
Glass,Electronic Blister Pack,Electronics,10,30.0,1,95.36,4.21,1.755
Glass,Foam Insert Package,Home Appliances,9,24.89,2,95.4,3.44,1.813
Bagasse Fiber,Pizza Box,Food Packaging,5,10.25,10,77.98,1.01,0.55
Bagasse Fiber,Pizza Box,Food Packaging,5,9.12,9,76.61,1.8,0.564
PLA Bioplastic,Makeup Box,Cosmetics,8,19.75,6,50.09,2.05,1.226
PLA Bioplastic,Tile Packaging,Construction,9,19.15,6,61.74,1.41,1.235
Kraft Paper,Battery Packaging,Automotive,6,9.72,8,93.05,0.84,0.573
Mushroom Packaging,Cement Liner Bag,Construction,5,9.17,10,78.31,3.03,0.345
Kraft Paper,Clothing Box,Textiles,7,6.65,8,90.09,1.01,0.566
Glass,Foam Insert Package,Home Appliances,9,35.6,2,95.8,2.39,1.722
Corrugated Cardboard,Assembly Kit Box,Furniture,6,26.62,9,82.04,1.32,0.767
Bagasse Fiber,Perfume Bottle,Cosmetics,7,9.02,10,81.44,1.99,0.558
Glass,Action Figure Pack,Toys,10,28.11,2,97.06,5.17,1.821
Recycled PET,Pizza Box,Food Packaging,9,24.84,2,94.33,3.07,2.155
Glass,Cosmetic Tube,Cosmetics,9,31.93,1,95.9,2.61,1.805
Glass,Appliance Carton,Home Appliances,9,37.5,1,97.01,4.84,1.748
Kraft Paper,Assembly Kit Box,Furniture,6,8.95,8,86.19,1.11,0.544
Aluminum,Laptop Box,Electronics,9,30.82,1,95.6,2.57,3.445
Bagasse Fiber,TV Carton,Electronics,6,6.0,9,82.27,1.5,0.49
Bagasse Fiber,Syringe Pack,Healthcare,5,8.83,10,78.37,1.37,0.555
Kraft Paper,Furniture Carton,Furniture,7,10.7,8,92.69,1.1,0.547
Glass,Tile Packaging,Construction,9,20.09,1,98.76,2.86,1.857
Corrugated Cardboard,Cosmetic Tube,Cosmetics,8,22.66,7,86.03,1.39,0.868
Aluminum,Laptop Box,Electronics,8,30.37,2,98.09,5.24,3.455
Kraft Paper,Hardware Container,Construction,5,7.58,9,92.41,1.26,0.635
Corrugated Cardboard,Spare Parts Box,Automotive,6,32.3,9,89.15,1.88,0.76
Aluminum,Cement Liner Bag,Construction,10,31.99,2,99.61,5.44,3.547
Bagasse Fiber,Appliance Carton,Home Appliances,6,12.94,10,70.56,0.82,0.501
Kraft Paper,Toy Box,Toys,4,8.34,10,87.65,1.05,0.556
Corrugated Cardboard,Spare Parts Box,Automotive,6,27.26,9,90.73,1.12,0.838
Recycled PET,Medicine Box,Healthcare,9,16.58,2,86.61,3.65,2.052
Corrugated Cardboard,Furniture Carton,Furniture,9,18.98,7,84.99,0.88,0.795
PLA Bioplastic,Garment Bag,Textiles,6,9.27,8,61.34,2.96,1.2
Aluminum,Fabric Wrap,Textiles,10,34.81,1,98.72,4.34,3.429
Mushroom Packaging,Medical Container,Healthcare,6,16.85,10,64.04,3.03,0.259
Kraft Paper,Action Figure Pack,Toys,5,7.96,10,88.64,0.4,0.578
Kraft Paper,Garment Bag,Textiles,6,14.93,10,93.96,0.52,0.628
Kraft Paper,Foam Insert Package,Home Appliances,7,7.0,10,93.8,1.21,0.596
Corrugated Cardboard,Takeaway Container,Food Packaging,7,20.85,7,88.46,0.53,0.733
Mushroom Packaging,Protective Cushioning Pack,Furniture,7,12.39,9,78.32,3.08,0.413
Bagasse Fiber,Clothing Box,Textiles,6,10.17,9,72.43,0.82,0.536
Kraft Paper,Tablet Blister Pack,Healthcare,4,5.62,9,87.54,1.09,0.604
Aluminum,Tile Packaging,Construction,8,34.46,2,99.91,3.6,3.488
Corrugated Cardboard,Food Tray,Food Packaging,7,17.36,7,84.15,1.42,0.699
Bagasse Fiber,Pizza Box,Food Packaging,7,12.53,8,83.9,1.98,0.539
Bagasse Fiber,Tile Packaging,Construction,6,11.93,10,84.23,1.38,0.423
Aluminum,Oil Container,Automotive,8,25.96,1,99.06,2.82,3.388
Glass,Perfume Bottle,Cosmetics,9,26.62,1,97.61,2.28,1.859
Kraft Paper,Clothing Box,Textiles,7,12.87,10,85.6,1.01,0.504
Corrugated Cardboard,Protective Box,Home Appliances,6,32.38,7,83.34,1.28,0.81
Glass,Protective Cushioning Pack,Furniture,10,24.1,2,98.89,4.97,1.774
PLA Bioplastic,Tile Packaging,Construction,7,10.8,8,63.34,2.02,1.187
Bagasse Fiber,Medical Container,Healthcare,7,14.71,10,72.63,1.52,0.524
Bagasse Fiber,Medicine Box,Healthcare,7,9.16,10,74.74,1.48,0.432
Mushroom Packaging,Appliance Carton,Home Appliances,5,16.82,10,72.49,1.26,0.458
Bagasse Fiber,Oil Container,Automotive,5,14.38,10,71.17,1.37,0.495
Mushroom Packaging,Mobile Box,Electronics,5,16.61,10,61.42,3.44,0.444
Glass,Makeup Box,Cosmetics,10,21.79,2,96.23,5.49,1.895
Mushroom Packaging,Protective Box,Home Appliances,6,15.09,9,78.32,1.96,0.511
PLA Bioplastic,Syringe Pack,Healthcare,9,9.74,8,51.95,2.18,1.126
Glass,Mobile Box,Electronics,10,32.51,1,96.52,5.39,1.784
PLA Bioplastic,Fabric Wrap,Textiles,7,8.56,6,56.59,1.88,1.202
Bagasse Fiber,Toy Box,Toys,7,11.77,10,70.44,0.83,0.47
Mushroom Packaging,Spare Parts Box,Automotive,7,11.41,9,66.83,1.37,0.45
Mushroom Packaging,Tile Packaging,Construction,7,15.89,9,70.44,2.37,0.326
Aluminum,Protective Box,Home Appliances,8,26.23,1,99.8,5.41,3.452
Corrugated Cardboard,Furniture Carton,Furniture,6,19.95,7,82.71,1.54,0.813
Aluminum,Pizza Box,Food Packaging,8,28.78,1,95.57,2.71,3.521
Mushroom Packaging,Perfume Bottle,Cosmetics,6,17.66,9,79.67,1.64,0.452
Aluminum,Protective Cushioning Pack,Furniture,9,25.7,2,99.13,4.81,3.525
PLA Bioplastic,Protective Box,Home Appliances,6,14.01,8,50.65,2.68,1.147
Kraft Paper,Garment Bag,Textiles,7,6.24,8,87.99,1.04,0.567
Bagasse Fiber,Perfume Bottle,Cosmetics,5,8.11,10,78.11,1.9,0.538
Bagasse Fiber,Electronic Blister Pack,Electronics,7,13.29,8,76.2,0.85,0.433
Glass,Board Game Box,Toys,9,33.69,1,99.74,5.31,1.809
Aluminum,Makeup Box,Cosmetics,8,22.42,1,95.76,4.86,3.496
Aluminum,Mobile Box,Electronics,8,29.46,2,96.6,3.28,3.55
Mushroom Packaging,TV Carton,Electronics,5,13.73,10,75.12,2.83,0.446
Kraft Paper,Oil Container,Automotive,6,6.33,9,85.43,0.56,0.556
Kraft Paper,Tile Packaging,Construction,7,7.5,10,91.68,0.35,0.627
Kraft Paper,Medical Container,Healthcare,4,10.36,8,87.98,0.54,0.623
Aluminum,Fabric Wrap,Textiles,10,24.69,2,98.38,3.04,3.504
PLA Bioplastic,Protective Box,Home Appliances,8,18.95,8,55.37,1.68,1.225
Mushroom Packaging,Tile Packaging,Construction,5,8.74,9,65.15,2.16,0.46
Corrugated Cardboard,Perfume Bottle,Cosmetics,6,23.46,7,90.52,1.26,0.792
Mushroom Packaging,Garment Bag,Textiles,6,10.23,10,64.25,2.3,0.33
Glass,Foam Insert Package,Home Appliances,10,37.43,1,98.19,3.08,1.805
Kraft Paper,Garment Bag,Textiles,5,12.93,8,87.43,0.34,0.62
Glass,Foam Insert Package,Home Appliances,10,30.13,1,99.92,4.42,1.816
Aluminum,Spare Parts Box,Automotive,8,32.31,2,97.35,3.69,3.443
Bagasse Fiber,Garment Bag,Textiles,5,12.69,10,78.71,1.31,0.424
Aluminum,Takeaway Container,Food Packaging,8,26.04,1,95.51,5.1,3.496
Glass,Mobile Box,Electronics,10,31.27,1,95.62,4.99,1.875
Aluminum,Protective Box,Home Appliances,9,26.55,2,96.74,5.07,3.349
Glass,Fabric Wrap,Textiles,9,22.13,1,98.22,3.98,1.788
PLA Bioplastic,Hardware Container,Construction,6,19.3,6,59.0,1.26,1.252
PLA Bioplastic,Board Game Box,Toys,6,11.0,6,54.92,2.39,1.16
Kraft Paper,Tile Packaging,Construction,7,13.91,9,90.9,0.55,0.577
Recycled PET,Makeup Box,Cosmetics,10,23.73,2,85.19,2.6,1.995
Recycled PET,Medicine Box,Healthcare,8,21.11,2,87.21,1.66,2.051
PLA Bioplastic,Assembly Kit Box,Furniture,7,14.9,6,51.52,2.65,1.245
Kraft Paper,Action Figure Pack,Toys,7,14.66,10,92.82,0.45,0.589
Corrugated Cardboard,Laptop Box,Electronics,7,20.49,8,85.7,1.85,0.841
Corrugated Cardboard,Battery Packaging,Automotive,6,10.33,8,91.05,1.8,0.824
Corrugated Cardboard,Pizza Box,Food Packaging,7,10.85,7,85.39,1.2,0.77
Bagasse Fiber,Toy Box,Toys,7,13.03,9,75.09,2.07,0.532
Glass,Food Tray,Food Packaging,10,24.39,1,95.79,4.48,1.867
PLA Bioplastic,Cosmetic Tube,Cosmetics,7,12.94,8,64.37,2.61,1.168
Glass,Takeaway Container,Food Packaging,10,27.42,2,99.14,3.73,1.836
PLA Bioplastic,Electronic Blister Pack,Electronics,6,15.99,7,66.23,2.57,1.221
Corrugated Cardboard,Battery Packaging,Automotive,7,11.68,8,80.3,1.19,0.797
PLA Bioplastic,Tile Packaging,Construction,8,10.63,7,63.04,2.88,1.143
Kraft Paper,Battery Packaging,Automotive,4,14.84,10,86.26,0.88,0.577
Corrugated Cardboard,Protective Box,Home Appliances,8,20.75,7,81.94,1.19,0.733
Recycled PET,Mobile Box,Electronics,10,28.78,4,87.83,3.46,2.077
Bagasse Fiber,Protective Box,Home Appliances,7,11.22,9,75.8,2.2,0.457
Bagasse Fiber,Toy Box,Toys,5,9.44,10,73.53,1.74,0.507
PLA Bioplastic,Pizza Box,Food Packaging,7,8.3,7,54.8,1.36,1.159
Corrugated Cardboard,Fabric Wrap,Textiles,7,33.7,8,84.23,1.2,0.748
Aluminum,Electronic Blister Pack,Electronics,8,22.67,2,96.03,5.4,3.374
Bagasse Fiber,Tile Packaging,Construction,7,14.11,8,78.31,2.08,0.494
Recycled PET,Beverage Bottle,Food Packaging,10,18.86,4,91.86,3.53,2.135
Mushroom Packaging,Medicine Box,Healthcare,7,14.95,9,78.46,1.28,0.39
Mushroom Packaging,Protective Box,Home Appliances,6,13.09,10,63.06,2.28,0.445
Kraft Paper,Garment Bag,Textiles,5,14.74,10,89.54,1.08,0.611
Corrugated Cardboard,Makeup Box,Cosmetics,9,21.77,9,86.02,1.75,0.78
Bagasse Fiber,Appliance Carton,Home Appliances,6,13.24,9,79.3,0.88,0.515
Glass,Beverage Bottle,Food Packaging,10,32.49,1,99.58,5.41,1.751
Corrugated Cardboard,Tile Packaging,Construction,7,23.81,9,86.99,1.32,0.821
Glass,Board Game Box,Toys,10,33.67,1,96.82,2.79,1.792
Kraft Paper,Medicine Box,Healthcare,5,9.91,8,90.57,0.68,0.516
Corrugated Cardboard,Laptop Box,Electronics,6,13.65,7,84.04,0.92,0.826
Mushroom Packaging,Beverage Bottle,Food Packaging,7,13.04,10,67.35,2.42,0.477
Corrugated Cardboard,Electronic Blister Pack,Electronics,7,32.54,9,88.12,0.58,0.779
Bagasse Fiber,Foam Insert Package,Home Appliances,7,13.08,8,72.75,1.07,0.565
Aluminum,Fabric Wrap,Textiles,9,29.56,1,95.07,4.94,3.484
Glass,Action Figure Pack,Toys,9,34.91,1,96.02,2.53,1.831
Bagasse Fiber,Fabric Wrap,Textiles,7,9.68,8,81.82,1.2,0.595
Kraft Paper,Protective Cushioning Pack,Furniture,7,7.22,8,93.87,0.84,0.651
Aluminum,Mobile Box,Electronics,9,21.64,1,96.71,4.05,3.579
Corrugated Cardboard,Fabric Wrap,Textiles,8,19.25,7,80.61,1.65,0.77
Bagasse Fiber,Battery Packaging,Automotive,5,11.36,10,83.54,1.56,0.419
Recycled PET,Laptop Box,Electronics,10,28.92,3,88.27,3.47,2.178
PLA Bioplastic,Tablet Blister Pack,Healthcare,8,18.14,6,60.57,2.24,1.136
Bagasse Fiber,Board Game Box,Toys,5,8.07,9,81.03,0.99,0.608
Corrugated Cardboard,Beverage Bottle,Food Packaging,7,34.82,7,88.89,0.73,0.81
Glass,Protective Cushioning Pack,Furniture,10,29.44,1,99.81,3.75,1.78
Mushroom Packaging,Board Game Box,Toys,5,12.15,9,74.57,2.11,0.395
Kraft Paper,Cream Jar,Cosmetics,4,5.73,10,93.39,1.19,0.516
Aluminum,Tile Packaging,Construction,10,29.24,1,96.35,4.24,3.406
Kraft Paper,Mobile Box,Electronics,4,13.3,8,89.14,0.77,0.508
Mushroom Packaging,Food Tray,Food Packaging,6,9.9,10,60.71,1.59,0.413
Glass,Foam Insert Package,Home Appliances,10,22.3,2,97.95,2.91,1.825
PLA Bioplastic,Appliance Carton,Home Appliances,8,8.27,8,53.53,2.15,1.188
Recycled PET,Oil Container,Automotive,8,29.55,2,94.72,2.56,2.037
Corrugated Cardboard,Foam Insert Package,Home Appliances,7,33.34,7,87.89,1.27,0.807
Corrugated Cardboard,Cream Jar,Cosmetics,6,10.77,9,84.09,0.76,0.865
Bagasse Fiber,Fabric Wrap,Textiles,6,12.01,10,75.2,1.93,0.431
Recycled PET,Makeup Box,Cosmetics,8,18.73,3,88.88,3.63,2.077
PLA Bioplastic,Protective Cushioning Pack,Furniture,9,9.65,6,51.9,1.52,1.171
Glass,Assembly Kit Box,Furniture,9,29.17,2,97.17,3.97,1.753
Aluminum,Syringe Pack,Healthcare,8,28.01,1,97.33,5.43,3.506
Mushroom Packaging,Spare Parts Box,Automotive,5,13.7,10,60.98,1.97,0.407
Bagasse Fiber,Appliance Carton,Home Appliances,7,10.63,10,73.47,1.81,0.464
Aluminum,Medicine Box,Healthcare,8,28.47,1,97.52,2.77,3.479
Aluminum,Garment Bag,Textiles,9,33.87,1,96.29,4.32,3.54
Kraft Paper,Appliance Carton,Home Appliances,6,11.52,10,85.98,0.41,0.631
Bagasse Fiber,Perfume Bottle,Cosmetics,7,11.35,10,74.25,2.43,0.451
Mushroom Packaging,Foam Insert Package,Home Appliances,7,11.66,10,67.02,2.85,0.404
Corrugated Cardboard,Board Game Box,Toys,9,29.1,7,87.22,1.68,0.845
Aluminum,Food Tray,Food Packaging,10,27.28,1,95.55,4.61,3.491
Recycled PET,Protective Cushioning Pack,Furniture,9,20.24,4,94.88,2.97,2.137
Recycled PET,Protective Box,Home Appliances,9,26.54,4,94.62,2.62,2.179
Recycled PET,Cosmetic Tube,Cosmetics,9,16.19,4,92.46,3.65,2.09
Bagasse Fiber,Tablet Blister Pack,Healthcare,7,8.33,9,74.2,2.43,0.537
Aluminum,Pizza Box,Food Packaging,8,20.38,2,98.88,4.0,3.399
Kraft Paper,Tablet Blister Pack,Healthcare,6,6.0,8,93.46,1.42,0.624
Corrugated Cardboard,Clothing Box,Textiles,6,33.38,9,85.92,1.37,0.772
Bagasse Fiber,Board Game Box,Toys,5,8.7,9,81.58,1.72,0.434
Bagasse Fiber,Protective Cushioning Pack,Furniture,6,10.28,9,81.72,1.57,0.48
Bagasse Fiber,Spare Parts Box,Automotive,7,10.49,10,83.65,1.16,0.423
Mushroom Packaging,Beverage Bottle,Food Packaging,5,11.17,9,68.13,1.21,0.381
Corrugated Cardboard,Board Game Box,Toys,8,33.3,8,88.08,0.86,0.883
Aluminum,Toy Box,Toys,10,28.23,1,96.68,4.03,3.434
Mushroom Packaging,Action Figure Pack,Toys,5,14.85,9,61.38,2.07,0.391
Bagasse Fiber,Takeaway Container,Food Packaging,6,11.89,9,76.7,1.56,0.458
PLA Bioplastic,Hardware Container,Construction,9,9.25,7,65.12,2.96,1.248
Glass,Action Figure Pack,Toys,9,29.33,1,96.9,3.4,1.829
Recycled PET,Pizza Box,Food Packaging,10,28.64,3,86.68,2.63,2.127
PLA Bioplastic,Tablet Blister Pack,Healthcare,7,16.81,7,63.55,1.27,1.171
Kraft Paper,Medical Container,Healthcare,5,13.86,9,90.74,0.36,0.511
Corrugated Cardboard,Makeup Box,Cosmetics,8,34.71,8,81.48,1.66,0.716
Kraft Paper,Tile Packaging,Construction,7,5.53,9,85.02,0.98,0.611
Bagasse Fiber,Furniture Carton,Furniture,7,10.94,9,81.15,2.09,0.493
Aluminum,Takeaway Container,Food Packaging,10,29.18,2,97.86,2.95,3.514
Aluminum,Pizza Box,Food Packaging,9,28.13,2,95.33,4.22,3.461
Recycled PET,Furniture Carton,Furniture,10,21.5,4,90.94,2.13,2.179
Glass,Mobile Box,Electronics,9,32.15,2,95.96,2.91,1.768
Glass,Makeup Box,Cosmetics,10,29.55,2,96.43,2.05,1.899
Recycled PET,Tile Packaging,Construction,8,20.65,3,94.69,1.83,2.084
Recycled PET,Medical Container,Healthcare,9,27.14,3,87.42,2.27,2.105
Glass,Clothing Box,Textiles,9,26.04,2,99.37,2.47,1.851
Glass,Clothing Box,Textiles,9,30.18,1,95.08,5.94,1.775
Aluminum,Pizza Box,Food Packaging,9,25.28,1,98.67,3.43,3.432
Bagasse Fiber,Cement Liner Bag,Construction,5,11.0,8,84.01,1.02,0.522
Recycled PET,Beverage Bottle,Food Packaging,9,21.24,2,93.08,2.0,2.06
Recycled PET,Fabric Wrap,Textiles,10,20.3,3,89.12,2.97,1.987
Bagasse Fiber,Mobile Box,Electronics,6,6.42,10,78.95,0.91,0.519
Bagasse Fiber,Assembly Kit Box,Furniture,5,10.81,8,82.21,2.27,0.458
Bagasse Fiber,Medical Container,Healthcare,7,11.14,9,78.47,2.43,0.511
Glass,Action Figure Pack,Toys,9,34.54,1,95.29,2.99,1.841
Aluminum,Syringe Pack,Healthcare,9,24.75,1,97.77,3.85,3.485
Mushroom Packaging,Electronic Blister Pack,Electronics,6,9.93,10,68.38,1.25,0.389
Aluminum,Cement Liner Bag,Construction,10,26.09,1,99.9,4.42,3.532
Bagasse Fiber,Tile Packaging,Construction,7,14.87,8,76.64,1.5,0.593
Mushroom Packaging,Food Tray,Food Packaging,5,16.85,10,66.36,1.82,0.382
Kraft Paper,Mobile Box,Electronics,5,13.6,10,92.77,0.55,0.582
Bagasse Fiber,Assembly Kit Box,Furniture,7,9.22,9,81.76,1.91,0.533
Bagasse Fiber,Syringe Pack,Healthcare,6,11.4,10,82.84,1.51,0.558
Glass,Furniture Carton,Furniture,9,29.94,1,98.7,2.72,1.828
Aluminum,Laptop Box,Electronics,9,33.86,2,99.22,4.57,3.516
Mushroom Packaging,Protective Box,Home Appliances,6,17.36,10,75.91,2.5,0.328
Glass,Action Figure Pack,Toys,9,23.77,1,99.54,5.43,1.848
Recycled PET,Medical Container,Healthcare,8,23.17,3,90.33,1.79,2.157
Recycled PET,Electronic Blister Pack,Electronics,9,25.79,2,92.34,3.46,2.057
Bagasse Fiber,Tile Packaging,Construction,7,9.61,8,73.27,1.94,0.469
Corrugated Cardboard,Fabric Wrap,Textiles,8,18.12,9,80.87,0.67,0.866
Glass,Garment Bag,Textiles,10,20.19,1,95.6,4.78,1.818
Bagasse Fiber,Syringe Pack,Healthcare,6,7.21,8,72.87,1.55,0.497
Corrugated Cardboard,Laptop Box,Electronics,8,30.69,9,84.86,1.92,0.705
Glass,Garment Bag,Textiles,9,25.85,2,96.61,2.57,1.801
Corrugated Cardboard,Medicine Box,Healthcare,6,12.85,9,80.39,1.46,0.785
Recycled PET,Appliance Carton,Home Appliances,8,15.68,3,87.02,2.45,2.087
Recycled PET,Cement Liner Bag,Construction,9,19.83,2,94.04,3.89,2.195
Glass,Board Game Box,Toys,9,30.26,2,98.35,3.32,1.803
Recycled PET,Food Tray,Food Packaging,10,15.22,3,85.87,3.91,2.037
Glass,Battery Packaging,Automotive,10,35.14,1,95.52,5.61,1.731
PLA Bioplastic,Assembly Kit Box,Furniture,6,8.55,7,64.35,1.54,1.185
Glass,Takeaway Container,Food Packaging,9,23.98,2,95.32,5.21,1.827
Glass,Food Tray,Food Packaging,9,37.56,2,98.35,5.98,1.884
Kraft Paper,Cream Jar,Cosmetics,4,8.44,10,85.89,0.6,0.585
Corrugated Cardboard,Battery Packaging,Automotive,7,30.53,7,83.48,1.16,0.866
Corrugated Cardboard,Electronic Blister Pack,Electronics,8,30.46,8,80.99,1.28,0.778
Bagasse Fiber,Foam Insert Package,Home Appliances,5,11.64,8,78.86,1.3,0.503
Glass,Protective Cushioning Pack,Furniture,10,20.26,2,98.18,2.06,1.81
Recycled PET,Laptop Box,Electronics,8,25.02,4,93.01,2.05,2.024
PLA Bioplastic,Assembly Kit Box,Furniture,7,8.17,7,67.13,1.56,1.118
Glass,Hardware Container,Construction,9,26.82,1,99.37,3.77,1.91
Recycled PET,Mobile Box,Electronics,8,16.73,3,86.52,1.93,2.043
Recycled PET,Battery Packaging,Automotive,8,28.49,2,90.69,3.68,2.03
Corrugated Cardboard,Fabric Wrap,Textiles,8,32.83,7,88.13,1.56,0.811
Mushroom Packaging,Protective Box,Home Appliances,6,12.27,9,75.52,1.4,0.398
PLA Bioplastic,Takeaway Container,Food Packaging,8,12.98,7,53.53,2.3,1.271
Recycled PET,Protective Cushioning Pack,Furniture,9,23.69,4,90.37,3.13,2.21
Mushroom Packaging,Board Game Box,Toys,5,16.78,9,73.56,3.4,0.478
Mushroom Packaging,Cement Liner Bag,Construction,5,11.12,9,63.81,1.21,0.302
Aluminum,TV Carton,Electronics,10,33.71,2,96.71,3.24,3.539
Recycled PET,Food Tray,Food Packaging,8,21.64,3,88.48,3.82,2.065
Corrugated Cardboard,Tablet Blister Pack,Healthcare,6,34.59,9,83.27,1.9,0.782
Corrugated Cardboard,Garment Bag,Textiles,8,20.85,9,81.89,1.58,0.862
Recycled PET,Clothing Box,Textiles,9,27.36,2,89.47,3.41,2.152
Bagasse Fiber,Mobile Box,Electronics,6,8.82,9,73.28,0.96,0.461
Glass,Tablet Blister Pack,Healthcare,10,29.13,2,99.81,4.06,1.733
Aluminum,Cement Liner Bag,Construction,8,33.3,1,98.53,3.19,3.471
PLA Bioplastic,Garment Bag,Textiles,7,9.29,6,54.8,1.36,1.168
PLA Bioplastic,Laptop Box,Electronics,6,13.09,7,57.91,2.62,1.177
Aluminum,Toy Box,Toys,10,29.3,2,99.22,2.91,3.486
Mushroom Packaging,Action Figure Pack,Toys,5,12.76,9,70.16,2.28,0.375
Glass,Furniture Carton,Furniture,10,29.53,2,95.06,5.75,1.743
Kraft Paper,Foam Insert Package,Home Appliances,5,5.1,10,90.56,0.52,0.658
Kraft Paper,Perfume Bottle,Cosmetics,5,12.46,9,85.1,1.47,0.589
Mushroom Packaging,Perfume Bottle,Cosmetics,6,16.79,10,77.9,3.49,0.358
Mushroom Packaging,Foam Insert Package,Home Appliances,7,15.79,10,65.86,2.48,0.364
Glass,Takeaway Container,Food Packaging,9,30.28,2,97.45,2.68,1.836
Recycled PET,Hardware Container,Construction,9,19.11,2,90.82,2.29,2.096
Kraft Paper,Electronic Blister Pack,Electronics,5,9.74,9,86.28,0.81,0.61
Kraft Paper,Cement Liner Bag,Construction,4,6.62,8,86.88,0.67,0.599
Mushroom Packaging,Electronic Blister Pack,Electronics,5,16.61,10,68.92,1.85,0.357
Mushroom Packaging,Tablet Blister Pack,Healthcare,5,16.41,10,75.79,3.44,0.474
Recycled PET,Medical Container,Healthcare,10,21.0,3,89.65,1.88,2.042
Glass,Hardware Container,Construction,9,37.11,2,95.19,4.93,1.843
Glass,Clothing Box,Textiles,10,20.91,1,98.59,2.0,1.839
PLA Bioplastic,Cement Liner Bag,Construction,8,9.76,8,58.41,2.19,1.142
Corrugated Cardboard,Tile Packaging,Construction,8,32.94,9,91.62,1.87,0.791
Bagasse Fiber,Food Tray,Food Packaging,7,6.73,10,81.17,1.29,0.484
Mushroom Packaging,Oil Container,Automotive,5,16.7,10,70.94,1.63,0.41
Bagasse Fiber,Protective Box,Home Appliances,7,14.69,8,72.0,1.91,0.563
Kraft Paper,Appliance Carton,Home Appliances,5,11.97,8,87.38,1.16,0.591
Aluminum,Medicine Box,Healthcare,9,30.9,2,99.6,4.56,3.485
PLA Bioplastic,Syringe Pack,Healthcare,6,9.29,8,57.16,1.64,1.195
PLA Bioplastic,Makeup Box,Cosmetics,8,14.64,6,52.89,1.5,1.179
Kraft Paper,Action Figure Pack,Toys,6,8.6,9,94.68,1.45,0.627
PLA Bioplastic,Laptop Box,Electronics,9,10.95,8,55.54,2.85,1.168
Aluminum,Clothing Box,Textiles,10,34.66,2,95.63,3.87,3.548
Kraft Paper,Mobile Box,Electronics,5,14.03,8,91.78,1.32,0.603
Glass,Board Game Box,Toys,9,38.3,1,97.32,3.81,1.8
Recycled PET,Mobile Box,Electronics,10,24.87,2,88.29,2.56,2.091
Aluminum,Mobile Box,Electronics,8,29.95,2,96.37,2.97,3.452
Corrugated Cardboard,Clothing Box,Textiles,6,33.06,8,83.75,1.14,0.716
Bagasse Fiber,Spare Parts Box,Automotive,7,14.19,8,78.4,1.71,0.56
PLA Bioplastic,Appliance Carton,Home Appliances,6,12.4,7,66.22,1.05,1.148
Kraft Paper,Toy Box,Toys,4,11.65,8,87.69,0.83,0.534
Corrugated Cardboard,Toy Box,Toys,7,23.31,8,86.54,1.67,0.809
Corrugated Cardboard,Makeup Box,Cosmetics,8,20.89,8,89.96,1.52,0.808
PLA Bioplastic,Garment Bag,Textiles,6,10.62,7,60.93,2.27,1.194
PLA Bioplastic,Toy Box,Toys,7,15.79,6,66.4,2.82,1.153
Bagasse Fiber,Medicine Box,Healthcare,6,10.96,9,83.67,0.83,0.546
PLA Bioplastic,Perfume Bottle,Cosmetics,8,18.21,6,69.56,2.11,1.215
Bagasse Fiber,Perfume Bottle,Cosmetics,6,11.07,8,76.7,2.14,0.453
Corrugated Cardboard,Cream Jar,Cosmetics,8,14.38,8,83.37,1.31,0.757
Aluminum,Foam Insert Package,Home Appliances,9,28.06,2,96.4,3.47,3.563
Corrugated Cardboard,Battery Packaging,Automotive,6,10.02,9,84.77,0.7,0.825
Kraft Paper,Syringe Pack,Healthcare,7,12.6,8,86.33,1.37,0.62
PLA Bioplastic,Hardware Container,Construction,8,17.58,7,67.46,1.94,1.16
Bagasse Fiber,Battery Packaging,Automotive,5,8.91,10,81.89,2.29,0.548
Glass,Makeup Box,Cosmetics,10,36.82,1,96.33,4.34,1.799
Corrugated Cardboard,Action Figure Pack,Toys,9,28.17,7,90.6,1.51,0.878
Corrugated Cardboard,Beverage Bottle,Food Packaging,6,19.67,8,83.17,1.71,0.782
Kraft Paper,Medicine Box,Healthcare,5,5.73,9,87.98,1.09,0.624
Kraft Paper,TV Carton,Electronics,4,13.14,8,91.65,0.78,0.598
Mushroom Packaging,Foam Insert Package,Home Appliances,6,15.54,10,77.04,2.38,0.363
PLA Bioplastic,Garment Bag,Textiles,8,11.22,6,55.19,2.61,1.157
Aluminum,Garment Bag,Textiles,8,23.39,2,98.09,3.62,3.599
Mushroom Packaging,Foam Insert Package,Home Appliances,6,14.07,9,62.13,2.09,0.398
Mushroom Packaging,Beverage Bottle,Food Packaging,5,16.83,10,64.93,1.42,0.512
Mushroom Packaging,Foam Insert Package,Home Appliances,7,17.4,9,63.83,3.3,0.24
Recycled PET,Assembly Kit Box,Furniture,10,26.97,2,87.19,1.73,2.093
Kraft Paper,Mobile Box,Electronics,5,7.85,10,91.75,1.08,0.661
Kraft Paper,Cement Liner Bag,Construction,6,9.45,8,94.06,0.8,0.594
Kraft Paper,Cosmetic Tube,Cosmetics,7,6.36,9,86.87,0.79,0.559
Recycled PET,Oil Container,Automotive,10,19.45,2,92.37,3.2,2.183
Aluminum,Action Figure Pack,Toys,10,20.21,2,95.37,2.7,3.46
Mushroom Packaging,Protective Cushioning Pack,Furniture,6,8.98,9,60.81,2.57,0.405
Glass,Syringe Pack,Healthcare,10,20.94,1,98.61,5.09,1.72
PLA Bioplastic,Tablet Blister Pack,Healthcare,8,14.17,7,57.94,2.66,1.27
Mushroom Packaging,Cement Liner Bag,Construction,7,17.86,10,70.53,1.59,0.438
Corrugated Cardboard,Garment Bag,Textiles,9,34.73,8,89.93,1.85,0.703
Recycled PET,Appliance Carton,Home Appliances,8,24.0,3,92.14,3.14,2.137
Glass,Fabric Wrap,Textiles,10,33.07,2,96.23,5.53,1.848
Recycled PET,Makeup Box,Cosmetics,9,21.94,2,93.35,2.71,2.089
Corrugated Cardboard,Cement Liner Bag,Construction,9,15.58,7,85.72,1.31,0.73
Corrugated Cardboard,Tile Packaging,Construction,7,22.94,9,82.93,1.88,0.861
PLA Bioplastic,Foam Insert Package,Home Appliances,9,17.82,6,54.47,2.8,1.18
Glass,Tile Packaging,Construction,10,32.43,2,98.63,3.79,1.779
Recycled PET,Garment Bag,Textiles,9,29.7,2,92.54,2.19,2.029
Recycled PET,Toy Box,Toys,9,29.66,2,93.94,2.48,2.125
PLA Bioplastic,Pizza Box,Food Packaging,9,11.64,7,58.44,1.78,1.232
Kraft Paper,Fabric Wrap,Textiles,4,6.59,9,93.24,0.64,0.672
Mushroom Packaging,Assembly Kit Box,Furniture,5,10.61,10,65.73,1.82,0.386
Glass,Hardware Container,Construction,10,24.27,2,95.72,5.44,1.816
PLA Bioplastic,Clothing Box,Textiles,6,14.27,7,50.41,1.14,1.156
Recycled PET,Oil Container,Automotive,9,23.57,3,92.0,3.19,2.087
Corrugated Cardboard,Action Figure Pack,Toys,7,31.25,8,82.32,0.76,0.804
Bagasse Fiber,Battery Packaging,Automotive,7,13.47,9,75.37,1.39,0.597
Corrugated Cardboard,Beverage Bottle,Food Packaging,7,23.99,8,88.85,0.59,0.853
Corrugated Cardboard,Assembly Kit Box,Furniture,9,20.34,8,86.17,0.9,0.835
Bagasse Fiber,Protective Cushioning Pack,Furniture,7,9.38,8,82.9,2.11,0.448
Bagasse Fiber,Tablet Blister Pack,Healthcare,6,8.71,9,82.08,2.3,0.355
Mushroom Packaging,Assembly Kit Box,Furniture,5,15.57,9,76.46,1.71,0.35
Bagasse Fiber,Battery Packaging,Automotive,5,11.15,8,79.07,1.59,0.435
Aluminum,Clothing Box,Textiles,9,20.54,1,96.73,3.91,3.559
Glass,Appliance Carton,Home Appliances,10,31.46,2,99.05,5.49,1.699
Recycled PET,Medical Container,Healthcare,8,20.05,4,89.05,3.41,2.088
Corrugated Cardboard,Cement Liner Bag,Construction,9,24.35,8,85.8,1.27,0.785
Mushroom Packaging,TV Carton,Electronics,5,14.24,9,78.24,2.74,0.43
Mushroom Packaging,Foam Insert Package,Home Appliances,7,12.99,9,64.83,3.15,0.44
Aluminum,Tile Packaging,Construction,9,30.17,1,99.2,2.53,3.578
Mushroom Packaging,Protective Cushioning Pack,Furniture,7,10.91,9,75.2,2.13,0.458
Mushroom Packaging,Cement Liner Bag,Construction,5,10.91,10,71.59,3.29,0.471
Aluminum,Electronic Blister Pack,Electronics,9,34.91,2,98.99,4.72,3.572
PLA Bioplastic,Medicine Box,Healthcare,6,9.17,8,57.72,2.09,1.213
Recycled PET,Hardware Container,Construction,10,21.52,4,94.83,2.82,2.173
Glass,Oil Container,Automotive,9,25.87,2,99.46,3.39,1.935
Aluminum,Cream Jar,Cosmetics,10,27.39,2,98.4,4.06,3.483
Mushroom Packaging,TV Carton,Electronics,7,14.05,10,64.5,2.71,0.396
Mushroom Packaging,Tile Packaging,Construction,7,8.78,9,75.42,2.16,0.466
Bagasse Fiber,Fabric Wrap,Textiles,6,12.12,9,80.96,2.01,0.495
Mushroom Packaging,Cream Jar,Cosmetics,7,13.09,10,72.91,3.18,0.379
Mushroom Packaging,Clothing Box,Textiles,7,14.09,10,78.44,1.56,0.462
PLA Bioplastic,Appliance Carton,Home Appliances,9,12.95,6,67.73,1.9,1.171
Bagasse Fiber,Fabric Wrap,Textiles,5,6.13,8,81.75,1.49,0.46
Mushroom Packaging,Foam Insert Package,Home Appliances,6,8.98,10,74.35,2.78,0.45
Corrugated Cardboard,Tile Packaging,Construction,6,23.88,7,86.8,0.87,0.809
Kraft Paper,Medical Container,Healthcare,6,13.13,8,86.85,1.07,0.497
Bagasse Fiber,Cream Jar,Cosmetics,6,12.69,9,75.89,2.29,0.516
Mushroom Packaging,Laptop Box,Electronics,6,16.79,10,72.17,2.16,0.341
Recycled PET,Assembly Kit Box,Furniture,10,27.91,2,88.89,3.78,2.113
Recycled PET,Tablet Blister Pack,Healthcare,9,25.11,2,86.59,3.98,2.132
Kraft Paper,Laptop Box,Electronics,4,6.23,9,86.28,0.43,0.596
Corrugated Cardboard,Fabric Wrap,Textiles,9,26.14,7,82.88,0.85,0.737
Kraft Paper,Tile Packaging,Construction,7,9.75,8,86.56,1.44,0.587
Corrugated Cardboard,Hardware Container,Construction,8,15.42,9,91.22,1.94,0.888
Mushroom Packaging,Appliance Carton,Home Appliances,6,17.85,9,63.19,1.42,0.417
Recycled PET,Board Game Box,Toys,8,18.08,2,93.98,1.54,2.043
Aluminum,Medicine Box,Healthcare,10,34.65,2,99.32,2.98,3.584
Recycled PET,Hardware Container,Construction,10,20.44,3,86.23,3.99,2.171
Glass,Makeup Box,Cosmetics,9,30.94,1,96.58,2.72,1.86
Recycled PET,Electronic Blister Pack,Electronics,8,21.69,2,85.04,2.76,2.099
Kraft Paper,Tablet Blister Pack,Healthcare,4,12.09,9,91.38,1.32,0.688
Glass,Mobile Box,Electronics,9,28.34,2,95.91,2.08,1.858
Recycled PET,Medicine Box,Healthcare,10,19.78,2,93.99,3.01,2.184
Kraft Paper,Clothing Box,Textiles,4,14.64,9,94.67,0.63,0.635
PLA Bioplastic,Cosmetic Tube,Cosmetics,7,19.88,7,61.08,2.72,1.148
Bagasse Fiber,Beverage Bottle,Food Packaging,5,13.46,10,82.31,1.28,0.569
Kraft Paper,Oil Container,Automotive,7,11.93,8,90.32,1.12,0.64
Bagasse Fiber,Syringe Pack,Healthcare,6,9.93,9,74.53,1.95,0.467
Aluminum,Protective Box,Home Appliances,9,32.9,1,97.2,3.16,3.441
PLA Bioplastic,Spare Parts Box,Automotive,8,18.16,7,59.31,1.07,1.152
Kraft Paper,Pizza Box,Food Packaging,5,5.18,8,86.11,0.79,0.518
PLA Bioplastic,Fabric Wrap,Textiles,7,18.55,8,69.41,1.58,1.15
PLA Bioplastic,Food Tray,Food Packaging,6,8.69,8,61.7,2.62,1.203
Bagasse Fiber,Syringe Pack,Healthcare,5,12.96,8,74.77,2.16,0.456
Mushroom Packaging,Appliance Carton,Home Appliances,7,12.35,9,63.1,2.25,0.473
Mushroom Packaging,Fabric Wrap,Textiles,7,13.79,10,72.02,2.59,0.428
Kraft Paper,Spare Parts Box,Automotive,7,10.71,9,87.4,1.03,0.523
Aluminum,Spare Parts Box,Automotive,10,31.96,2,98.02,4.98,3.556
PLA Bioplastic,Cement Liner Bag,Construction,8,17.66,6,69.4,1.85,1.23
Glass,Toy Box,Toys,10,35.68,1,95.95,3.1,1.916
Corrugated Cardboard,Food Tray,Food Packaging,6,27.29,8,80.06,0.9,0.745
Glass,Battery Packaging,Automotive,9,24.49,2,95.15,4.14,1.818
Corrugated Cardboard,Tablet Blister Pack,Healthcare,7,13.31,8,89.51,1.17,0.783
Glass,Food Tray,Food Packaging,10,37.19,2,96.56,3.76,1.733
PLA Bioplastic,Furniture Carton,Furniture,9,13.04,7,50.69,1.18,1.272
PLA Bioplastic,Fabric Wrap,Textiles,7,13.91,7,62.33,2.44,1.198
Recycled PET,Cement Liner Bag,Construction,8,15.96,3,87.05,2.03,2.103
Aluminum,Appliance Carton,Home Appliances,9,27.1,1,97.34,3.09,3.557
Mushroom Packaging,Electronic Blister Pack,Electronics,6,16.51,10,64.73,2.15,0.396
Recycled PET,Toy Box,Toys,10,16.23,3,86.4,2.07,2.103
Kraft Paper,Tile Packaging,Construction,4,14.74,10,94.3,1.0,0.613
Glass,Laptop Box,Electronics,10,23.6,1,97.39,3.49,1.779
Mushroom Packaging,Oil Container,Automotive,6,9.12,10,72.2,2.23,0.447
Corrugated Cardboard,Makeup Box,Cosmetics,9,31.6,7,87.96,1.31,0.79
PLA Bioplastic,Fabric Wrap,Textiles,8,8.41,8,54.2,1.41,1.189
Corrugated Cardboard,Tablet Blister Pack,Healthcare,7,34.63,7,91.85,0.73,0.816
Bagasse Fiber,Perfume Bottle,Cosmetics,6,10.28,10,70.85,2.3,0.516
Kraft Paper,Tablet Blister Pack,Healthcare,5,14.43,9,90.62,0.82,0.523
Glass,Fabric Wrap,Textiles,9,37.31,1,95.1,3.65,1.837
Corrugated Cardboard,Cream Jar,Cosmetics,6,29.77,9,91.52,0.55,0.797
Recycled PET,Cement Liner Bag,Construction,10,26.85,4,90.52,2.74,2.084
Bagasse Fiber,Electronic Blister Pack,Electronics,5,12.15,9,76.16,1.74,0.497
Mushroom Packaging,Fabric Wrap,Textiles,7,10.4,10,79.31,2.49,0.419
PLA Bioplastic,Medical Container,Healthcare,8,19.02,7,50.24,2.41,1.132
Corrugated Cardboard,Perfume Bottle,Cosmetics,8,18.32,9,91.87,0.77,0.826
Glass,Furniture Carton,Furniture,9,39.58,1,96.44,3.01,1.63
Bagasse Fiber,Furniture Carton,Furniture,5,11.47,9,82.56,2.18,0.494
Recycled PET,Furniture Carton,Furniture,9,20.87,2,90.12,3.87,2.164
Recycled PET,Takeaway Container,Food Packaging,8,29.37,4,92.88,1.84,2.005
Bagasse Fiber,Foam Insert Package,Home Appliances,6,12.47,10,71.09,1.65,0.521
Bagasse Fiber,Board Game Box,Toys,6,14.79,10,75.62,1.16,0.516
Aluminum,Toy Box,Toys,9,34.2,2,95.55,2.68,3.542
Mushroom Packaging,Takeaway Container,Food Packaging,7,15.37,10,75.94,1.95,0.332
PLA Bioplastic,Foam Insert Package,Home Appliances,6,12.94,6,53.21,1.29,1.128
Recycled PET,Medical Container,Healthcare,9,16.83,3,94.43,3.27,2.113
Bagasse Fiber,Protective Box,Home Appliances,7,6.14,10,78.33,1.71,0.497
Mushroom Packaging,Oil Container,Automotive,7,8.15,10,68.85,1.53,0.386
Mushroom Packaging,Furniture Carton,Furniture,6,11.6,9,63.43,1.22,0.371
Recycled PET,Action Figure Pack,Toys,10,15.58,4,87.62,3.52,2.05
Bagasse Fiber,Foam Insert Package,Home Appliances,5,10.31,10,70.92,1.1,0.526
Corrugated Cardboard,Garment Bag,Textiles,8,32.27,8,89.52,1.41,0.824
Mushroom Packaging,Syringe Pack,Healthcare,7,17.69,10,62.45,1.97,0.414
Corrugated Cardboard,Furniture Carton,Furniture,9,33.26,8,86.93,1.38,0.863
Aluminum,Cement Liner Bag,Construction,8,29.47,1,95.94,3.45,3.563
Corrugated Cardboard,TV Carton,Electronics,7,14.54,8,80.35,0.63,0.799
Mushroom Packaging,Pizza Box,Food Packaging,7,17.97,9,62.4,1.71,0.435
Bagasse Fiber,Cosmetic Tube,Cosmetics,5,7.03,8,76.64,1.12,0.57
Bagasse Fiber,Mobile Box,Electronics,7,13.97,9,79.43,1.53,0.479
Kraft Paper,Cream Jar,Cosmetics,6,9.0,9,85.65,1.09,0.594
Aluminum,Cement Liner Bag,Construction,10,31.37,2,96.76,3.29,3.528
PLA Bioplastic,Takeaway Container,Food Packaging,8,8.28,6,69.32,1.02,1.154
Bagasse Fiber,Garment Bag,Textiles,7,12.98,8,79.97,1.68,0.562
Recycled PET,Cream Jar,Cosmetics,8,27.38,2,91.26,3.01,2.085
Aluminum,Assembly Kit Box,Furniture,8,32.98,1,99.59,5.39,3.499
Bagasse Fiber,Cement Liner Bag,Construction,5,7.95,8,74.21,1.8,0.504
PLA Bioplastic,Protective Cushioning Pack,Furniture,8,12.62,8,65.6,1.94,1.274
PLA Bioplastic,Cement Liner Bag,Construction,9,11.87,6,63.83,2.15,1.257
Glass,Fabric Wrap,Textiles,9,34.95,1,96.15,5.71,1.815
Mushroom Packaging,Assembly Kit Box,Furniture,5,9.17,9,67.57,3.11,0.308
PLA Bioplastic,Action Figure Pack,Toys,8,19.78,6,58.37,1.65,1.196
Kraft Paper,Toy Box,Toys,4,11.7,9,89.28,0.58,0.642
Aluminum,Appliance Carton,Home Appliances,8,32.29,1,95.56,3.29,3.525
Mushroom Packaging,Furniture Carton,Furniture,6,17.31,9,73.13,2.36,0.313
Aluminum,Cement Liner Bag,Construction,9,31.44,2,98.78,4.73,3.536
Mushroom Packaging,Pizza Box,Food Packaging,5,14.9,10,79.06,2.36,0.443
PLA Bioplastic,Oil Container,Automotive,7,9.48,6,61.0,1.14,1.241
Glass,Medical Container,Healthcare,10,31.42,1,99.53,4.89,1.798
PLA Bioplastic,Syringe Pack,Healthcare,9,14.46,8,55.49,2.61,1.26
PLA Bioplastic,Takeaway Container,Food Packaging,9,14.21,6,60.23,1.58,1.198
Kraft Paper,Food Tray,Food Packaging,7,10.97,10,89.71,1.1,0.69
Mushroom Packaging,Perfume Bottle,Cosmetics,6,8.24,10,62.61,2.18,0.355
Corrugated Cardboard,Medical Container,Healthcare,7,16.91,8,84.05,1.83,0.77
PLA Bioplastic,Medicine Box,Healthcare,9,19.35,8,61.22,2.69,1.297
Recycled PET,Mobile Box,Electronics,10,16.06,4,91.27,2.81,2.087
Bagasse Fiber,Toy Box,Toys,6,7.31,10,80.36,1.98,0.48
Recycled PET,TV Carton,Electronics,10,24.35,3,89.75,3.71,2.102
PLA Bioplastic,Protective Box,Home Appliances,6,10.92,8,51.86,1.99,1.271
Mushroom Packaging,Cement Liner Bag,Construction,7,13.15,9,60.28,1.92,0.473
Glass,Makeup Box,Cosmetics,9,39.64,1,98.81,5.01,1.832
Bagasse Fiber,Appliance Carton,Home Appliances,5,14.66,10,84.39,1.17,0.473
PLA Bioplastic,Protective Box,Home Appliances,7,15.55,6,67.46,1.78,1.206
Aluminum,Board Game Box,Toys,9,32.42,2,95.78,5.1,3.562
Kraft Paper,Fabric Wrap,Textiles,4,9.45,10,88.52,1.17,0.491
Corrugated Cardboard,Hardware Container,Construction,6,12.14,9,83.4,1.11,0.833
Glass,Action Figure Pack,Toys,10,20.94,1,95.78,2.86,1.884
Recycled PET,Beverage Bottle,Food Packaging,9,16.1,2,87.37,2.39,2.062
Recycled PET,Medicine Box,Healthcare,9,23.87,2,92.85,2.21,2.099
Kraft Paper,Makeup Box,Cosmetics,5,8.48,10,89.01,0.51,0.683
Bagasse Fiber,Protective Cushioning Pack,Furniture,5,13.12,8,71.03,2.06,0.627
Recycled PET,Cement Liner Bag,Construction,9,26.63,3,93.62,2.13,2.023
Recycled PET,Spare Parts Box,Automotive,10,17.14,4,89.96,2.64,2.191
Kraft Paper,Clothing Box,Textiles,7,14.46,10,92.32,0.76,0.567
Kraft Paper,Toy Box,Toys,4,13.38,9,92.33,1.48,0.564
PLA Bioplastic,Cosmetic Tube,Cosmetics,8,15.08,7,60.03,1.78,1.24
Bagasse Fiber,Makeup Box,Cosmetics,5,7.98,8,77.08,0.94,0.527
Bagasse Fiber,Protective Box,Home Appliances,5,13.95,8,75.59,0.95,0.464
Kraft Paper,Tablet Blister Pack,Healthcare,6,7.6,9,87.22,1.01,0.655
Glass,Laptop Box,Electronics,10,37.45,1,95.56,4.4,1.859
Mushroom Packaging,Perfume Bottle,Cosmetics,6,17.7,10,77.71,2.16,0.441
Corrugated Cardboard,Assembly Kit Box,Furniture,8,23.5,7,83.1,1.15,0.831
Aluminum,Clothing Box,Textiles,10,23.34,2,97.52,2.66,3.483
PLA Bioplastic,Foam Insert Package,Home Appliances,6,12.42,8,50.5,2.03,1.207
Glass,Beverage Bottle,Food Packaging,10,39.45,2,97.33,4.02,1.744
Bagasse Fiber,Tile Packaging,Construction,5,10.89,9,80.92,1.05,0.49
PLA Bioplastic,Cement Liner Bag,Construction,7,12.73,7,50.21,1.21,1.173
Aluminum,Syringe Pack,Healthcare,10,27.58,2,96.42,2.87,3.463
Mushroom Packaging,Food Tray,Food Packaging,6,8.49,9,75.35,1.43,0.357
Kraft Paper,Oil Container,Automotive,5,9.34,8,89.35,1.03,0.649
Aluminum,Takeaway Container,Food Packaging,8,27.18,2,95.7,3.09,3.612
PLA Bioplastic,Tile Packaging,Construction,8,8.36,8,62.87,1.5,1.186
Glass,Food Tray,Food Packaging,10,30.59,2,97.27,2.69,1.816
Kraft Paper,Tablet Blister Pack,Healthcare,4,7.06,9,88.24,1.45,0.6
Kraft Paper,Protective Box,Home Appliances,7,7.05,8,93.31,1.33,0.662
Kraft Paper,Perfume Bottle,Cosmetics,5,6.49,9,87.41,0.58,0.561
PLA Bioplastic,Protective Cushioning Pack,Furniture,8,11.5,8,61.97,1.66,1.223
Glass,Beverage Bottle,Food Packaging,9,22.41,2,99.67,2.84,1.775
Corrugated Cardboard,Spare Parts Box,Automotive,8,29.78,8,89.64,1.24,0.961
Aluminum,Board Game Box,Toys,8,27.97,1,97.39,2.56,3.555
Kraft Paper,Electronic Blister Pack,Electronics,4,13.18,10,88.82,1.11,0.707
Aluminum,Appliance Carton,Home Appliances,9,20.19,2,95.07,4.07,3.453
Mushroom Packaging,Assembly Kit Box,Furniture,7,14.07,10,65.1,3.27,0.445
PLA Bioplastic,Protective Cushioning Pack,Furniture,6,13.54,7,58.87,1.33,1.21
Mushroom Packaging,Furniture Carton,Furniture,6,8.18,9,65.34,3.05,0.428
Mushroom Packaging,Pizza Box,Food Packaging,5,9.38,9,63.56,3.02,0.476
Corrugated Cardboard,Toy Box,Toys,6,27.64,9,81.58,0.69,0.734
Aluminum,Board Game Box,Toys,9,34.7,1,99.73,3.7,3.589
PLA Bioplastic,Clothing Box,Textiles,6,17.3,7,67.05,1.34,1.134
Recycled PET,Takeaway Container,Food Packaging,10,20.66,3,88.2,2.14,2.139
Glass,Cosmetic Tube,Cosmetics,10,20.33,2,96.26,3.05,1.816
Glass,Clothing Box,Textiles,10,35.25,2,95.51,4.22,1.757
Mushroom Packaging,Mobile Box,Electronics,7,12.82,10,74.26,2.15,0.504
Aluminum,Protective Box,Home Appliances,9,25.14,1,99.11,5.34,3.492
Glass,Makeup Box,Cosmetics,9,23.19,1,98.83,2.51,1.712
Mushroom Packaging,Mobile Box,Electronics,6,9.06,10,74.56,3.44,0.421
Glass,Clothing Box,Textiles,10,37.95,2,96.29,2.92,1.774
Kraft Paper,Laptop Box,Electronics,4,11.87,10,91.81,1.23,0.588
Kraft Paper,Foam Insert Package,Home Appliances,6,5.06,8,85.68,0.71,0.537
Aluminum,Oil Container,Automotive,10,25.85,1,99.96,2.93,3.493
Kraft Paper,Toy Box,Toys,5,13.04,8,91.66,1.33,0.664
Mushroom Packaging,Action Figure Pack,Toys,5,13.22,9,76.61,1.91,0.286
PLA Bioplastic,Perfume Bottle,Cosmetics,9,15.34,7,62.61,2.32,1.098
PLA Bioplastic,Battery Packaging,Automotive,7,9.17,8,57.42,2.13,1.113
Mushroom Packaging,Hardware Container,Construction,7,17.67,9,72.97,2.29,0.432
Bagasse Fiber,Laptop Box,Electronics,6,10.38,10,81.23,1.64,0.518
PLA Bioplastic,Cement Liner Bag,Construction,9,19.29,6,62.62,2.46,1.152
Bagasse Fiber,Tile Packaging,Construction,5,9.75,10,81.78,0.95,0.487
Recycled PET,Takeaway Container,Food Packaging,10,17.07,3,85.95,3.17,2.201
Aluminum,Toy Box,Toys,8,27.93,1,95.9,5.19,3.376
Recycled PET,Tile Packaging,Construction,10,20.9,3,86.24,1.64,2.064
Glass,Medicine Box,Healthcare,9,20.87,2,95.55,2.56,1.79
PLA Bioplastic,Medicine Box,Healthcare,6,14.26,6,62.18,2.43,1.195
Corrugated Cardboard,Makeup Box,Cosmetics,7,10.64,7,85.03,1.16,0.788
Bagasse Fiber,Oil Container,Automotive,7,9.72,10,76.82,1.49,0.595
Bagasse Fiber,Clothing Box,Textiles,7,11.04,9,74.57,1.03,0.57
Glass,Garment Bag,Textiles,10,32.72,2,98.3,4.03,1.814
Mushroom Packaging,Clothing Box,Textiles,5,17.8,9,75.94,1.49,0.39
Kraft Paper,Beverage Bottle,Food Packaging,6,9.26,8,91.3,0.87,0.669
Aluminum,Takeaway Container,Food Packaging,10,21.46,2,95.77,4.79,3.537
Kraft Paper,Foam Insert Package,Home Appliances,4,10.91,8,91.37,0.61,0.584
Mushroom Packaging,Battery Packaging,Automotive,6,13.79,10,66.61,2.31,0.39
Recycled PET,Cream Jar,Cosmetics,10,28.52,2,86.94,3.98,2.072
PLA Bioplastic,Cosmetic Tube,Cosmetics,8,15.77,8,66.1,2.37,1.17
Aluminum,Medicine Box,Healthcare,8,25.58,1,97.4,5.02,3.539
Corrugated Cardboard,Cosmetic Tube,Cosmetics,7,25.28,9,85.06,1.12,0.777
Mushroom Packaging,Food Tray,Food Packaging,6,14.11,10,75.74,2.97,0.427
Corrugated Cardboard,Appliance Carton,Home Appliances,6,12.14,8,90.58,0.56,0.75
Bagasse Fiber,Furniture Carton,Furniture,5,9.28,10,70.15,1.01,0.338
Aluminum,Tablet Blister Pack,Healthcare,8,31.77,2,97.0,3.11,3.496
Mushroom Packaging,Fabric Wrap,Textiles,7,13.46,9,77.02,2.12,0.352
Mushroom Packaging,Medicine Box,Healthcare,6,8.02,9,75.9,3.15,0.476
Kraft Paper,Pizza Box,Food Packaging,5,9.52,8,85.39,0.72,0.621
Glass,Pizza Box,Food Packaging,9,34.9,1,95.01,4.62,1.76
Mushroom Packaging,Pizza Box,Food Packaging,6,8.25,10,79.28,2.83,0.36
Kraft Paper,Takeaway Container,Food Packaging,4,8.1,10,89.73,1.0,0.664
Bagasse Fiber,Oil Container,Automotive,6,6.23,10,70.63,1.41,0.45
Aluminum,Appliance Carton,Home Appliances,9,32.61,2,95.57,4.23,3.509
Aluminum,Protective Cushioning Pack,Furniture,10,23.31,2,95.35,3.53,3.506
Mushroom Packaging,Oil Container,Automotive,6,14.68,10,62.74,1.39,0.423
PLA Bioplastic,Spare Parts Box,Automotive,7,18.43,6,59.09,2.99,1.176
Bagasse Fiber,Furniture Carton,Furniture,5,14.64,10,83.05,1.02,0.487
PLA Bioplastic,Spare Parts Box,Automotive,7,17.85,7,57.94,1.14,1.209
Kraft Paper,Medical Container,Healthcare,4,11.58,9,85.35,1.35,0.64
Mushroom Packaging,Clothing Box,Textiles,6,10.73,10,76.26,1.89,0.331
Mushroom Packaging,Electronic Blister Pack,Electronics,7,17.61,10,74.68,2.7,0.447
Glass,Perfume Bottle,Cosmetics,10,31.95,2,97.57,3.32,1.824
Recycled PET,TV Carton,Electronics,9,23.64,3,87.18,2.48,2.104
Kraft Paper,Fabric Wrap,Textiles,6,7.37,8,86.51,0.61,0.66
Aluminum,Cement Liner Bag,Construction,9,27.52,2,95.91,3.53,3.508
Mushroom Packaging,Toy Box,Toys,7,17.49,10,65.22,2.14,0.465
Aluminum,Toy Box,Toys,8,34.29,2,95.01,4.66,3.489
PLA Bioplastic,Hardware Container,Construction,7,11.22,6,63.37,2.02,1.223
PLA Bioplastic,Oil Container,Automotive,8,19.17,8,65.26,2.89,1.272
Mushroom Packaging,Furniture Carton,Furniture,6,14.62,10,70.69,1.3,0.387
Aluminum,Hardware Container,Construction,9,27.1,2,98.44,4.01,3.608
Recycled PET,Tile Packaging,Construction,9,27.04,3,85.85,2.96,2.139
Corrugated Cardboard,Appliance Carton,Home Appliances,8,27.72,9,82.33,1.88,0.773
Corrugated Cardboard,Mobile Box,Electronics,8,16.84,8,88.1,0.57,0.855
Kraft Paper,Beverage Bottle,Food Packaging,7,10.42,8,90.3,0.99,0.552
Recycled PET,Beverage Bottle,Food Packaging,9,22.54,4,94.35,3.63,2.108
Glass,Laptop Box,Electronics,10,27.04,1,99.37,2.97,1.754
Glass,Pizza Box,Food Packaging,9,36.64,2,96.85,5.51,1.867
Bagasse Fiber,Perfume Bottle,Cosmetics,5,11.19,10,78.63,0.83,0.583
Glass,Appliance Carton,Home Appliances,10,37.43,1,99.07,4.93,1.857
Recycled PET,Makeup Box,Cosmetics,9,20.82,4,86.43,3.83,2.129
Aluminum,Foam Insert Package,Home Appliances,10,20.84,2,97.17,4.47,3.551
Corrugated Cardboard,Tile Packaging,Construction,6,23.27,9,88.35,1.16,0.763
Glass,Pizza Box,Food Packaging,10,21.49,1,97.24,2.18,1.815
PLA Bioplastic,Tile Packaging,Construction,8,8.05,7,50.41,2.84,1.1
PLA Bioplastic,Toy Box,Toys,7,14.99,7,54.12,1.94,1.207
Recycled PET,Medicine Box,Healthcare,8,23.74,4,85.75,1.57,2.066
Aluminum,Appliance Carton,Home Appliances,9,30.29,2,99.03,4.57,3.531
Mushroom Packaging,Clothing Box,Textiles,7,8.03,10,63.08,2.31,0.376
Mushroom Packaging,Toy Box,Toys,5,17.21,9,67.44,1.49,0.457
Kraft Paper,Medical Container,Healthcare,7,11.88,9,88.28,0.56,0.583
Glass,Protective Cushioning Pack,Furniture,10,39.62,2,95.96,2.26,1.835
PLA Bioplastic,Battery Packaging,Automotive,6,11.14,7,60.88,2.15,1.221
Kraft Paper,Oil Container,Automotive,6,10.72,8,88.42,1.05,0.619
Glass,Garment Bag,Textiles,9,31.77,2,98.31,4.02,1.787
PLA Bioplastic,Protective Box,Home Appliances,9,15.55,6,55.97,2.63,1.192
Glass,Protective Box,Home Appliances,10,27.32,2,96.95,5.44,1.834
Kraft Paper,Spare Parts Box,Automotive,6,5.25,10,87.56,1.04,0.627
Mushroom Packaging,Foam Insert Package,Home Appliances,7,16.19,10,61.84,1.23,0.354
Glass,Electronic Blister Pack,Electronics,9,34.37,1,95.55,4.78,1.78
Recycled PET,Clothing Box,Textiles,10,23.44,3,92.05,2.54,2.054
Glass,Perfume Bottle,Cosmetics,9,26.26,2,99.94,4.26,1.772
Mushroom Packaging,Laptop Box,Electronics,5,17.03,10,78.35,2.69,0.378
Kraft Paper,Board Game Box,Toys,6,6.1,9,88.14,0.72,0.635
Corrugated Cardboard,Cream Jar,Cosmetics,6,34.16,9,80.1,1.88,0.78
Kraft Paper,Spare Parts Box,Automotive,5,6.16,9,92.91,0.46,0.532
Mushroom Packaging,Makeup Box,Cosmetics,6,9.18,9,71.17,2.74,0.434
Kraft Paper,Mobile Box,Electronics,6,7.65,8,86.9,0.31,0.559
Glass,Appliance Carton,Home Appliances,9,23.83,1,96.78,5.7,1.8
Corrugated Cardboard,Protective Cushioning Pack,Furniture,8,33.57,9,91.55,0.67,0.834
Bagasse Fiber,Food Tray,Food Packaging,6,12.42,10,77.6,0.96,0.398
Mushroom Packaging,Medical Container,Healthcare,5,11.52,9,76.17,1.97,0.408
Recycled PET,Garment Bag,Textiles,9,19.04,4,85.56,2.43,2.139
Recycled PET,Action Figure Pack,Toys,10,23.75,2,94.39,2.04,2.07
Recycled PET,Clothing Box,Textiles,10,28.27,2,93.83,2.96,2.073
Bagasse Fiber,Fabric Wrap,Textiles,5,8.31,8,71.53,1.55,0.498
PLA Bioplastic,Electronic Blister Pack,Electronics,6,18.07,7,52.14,1.07,1.212
Corrugated Cardboard,Furniture Carton,Furniture,9,34.25,8,89.72,0.98,0.776
Aluminum,Beverage Bottle,Food Packaging,8,29.62,1,97.16,4.93,3.46
Mushroom Packaging,Hardware Container,Construction,7,10.03,9,61.29,2.79,0.344
Corrugated Cardboard,Assembly Kit Box,Furniture,6,10.17,8,90.85,1.59,0.834
Recycled PET,Protective Cushioning Pack,Furniture,8,28.53,3,89.89,3.25,2.158
Recycled PET,Board Game Box,Toys,9,27.25,3,87.99,2.28,2.094
Mushroom Packaging,Syringe Pack,Healthcare,5,11.41,9,60.88,1.43,0.334
Recycled PET,Tablet Blister Pack,Healthcare,10,23.67,2,90.96,2.18,2.065
Kraft Paper,Battery Packaging,Automotive,7,9.27,9,94.15,1.3,0.624
Recycled PET,Takeaway Container,Food Packaging,9,18.46,3,87.53,3.95,2.152
Bagasse Fiber,Laptop Box,Electronics,7,15.0,8,77.88,1.64,0.464
Aluminum,Cement Liner Bag,Construction,10,31.46,2,96.37,2.53,3.512
Aluminum,Oil Container,Automotive,8,32.59,2,97.35,2.92,3.485
Corrugated Cardboard,Tile Packaging,Construction,6,26.23,7,81.83,0.98,0.764
Glass,Takeaway Container,Food Packaging,9,30.37,1,97.88,4.31,1.752
PLA Bioplastic,Makeup Box,Cosmetics,8,11.96,7,60.68,1.15,1.182
Mushroom Packaging,Board Game Box,Toys,6,14.0,10,76.7,3.37,0.38
Kraft Paper,Tile Packaging,Construction,7,9.38,10,89.29,0.74,0.696
Kraft Paper,Fabric Wrap,Textiles,7,14.82,9,94.99,1.4,0.549
Glass,Fabric Wrap,Textiles,9,35.81,1,99.6,5.12,1.804
Kraft Paper,Medicine Box,Healthcare,6,13.71,8,93.04,1.21,0.661
Bagasse Fiber,Cement Liner Bag,Construction,7,6.74,9,74.9,1.83,0.459
Corrugated Cardboard,Furniture Carton,Furniture,7,26.16,9,89.24,1.44,0.803
Aluminum,Mobile Box,Electronics,9,22.17,1,98.98,4.41,3.561
Mushroom Packaging,Perfume Bottle,Cosmetics,5,9.63,10,74.64,2.65,0.357
Kraft Paper,Cream Jar,Cosmetics,4,8.93,9,86.28,0.96,0.609
Glass,Hardware Container,Construction,10,27.47,2,99.38,5.95,1.805
Mushroom Packaging,Appliance Carton,Home Appliances,5,14.62,9,62.87,2.88,0.383
Corrugated Cardboard,Cement Liner Bag,Construction,9,24.57,9,80.38,1.67,0.866
Recycled PET,Tablet Blister Pack,Healthcare,8,21.69,3,87.41,3.68,2.14
Mushroom Packaging,Pizza Box,Food Packaging,7,16.52,9,69.38,1.7,0.394
PLA Bioplastic,Tile Packaging,Construction,7,14.59,8,67.01,1.17,1.178
PLA Bioplastic,Board Game Box,Toys,8,11.88,8,61.65,1.97,1.161
PLA Bioplastic,Food Tray,Food Packaging,8,14.96,8,61.87,2.03,1.19
Corrugated Cardboard,Mobile Box,Electronics,7,25.33,7,88.68,1.74,0.896
Recycled PET,Beverage Bottle,Food Packaging,9,22.67,3,90.11,2.61,2.143
Kraft Paper,Protective Cushioning Pack,Furniture,6,8.03,9,92.46,0.99,0.529
Glass,Clothing Box,Textiles,9,32.34,1,95.04,4.11,1.736
Kraft Paper,Fabric Wrap,Textiles,6,10.02,10,89.03,0.35,0.561
Bagasse Fiber,Medicine Box,Healthcare,7,6.52,10,75.62,1.85,0.535
PLA Bioplastic,Hardware Container,Construction,6,13.04,6,66.72,2.66,1.135
PLA Bioplastic,Tile Packaging,Construction,9,12.93,6,65.66,1.32,1.169
Bagasse Fiber,Perfume Bottle,Cosmetics,6,6.28,8,81.48,1.81,0.549
Corrugated Cardboard,Tile Packaging,Construction,7,24.88,9,82.41,1.39,0.782
Bagasse Fiber,Beverage Bottle,Food Packaging,5,12.56,9,71.49,1.08,0.51
PLA Bioplastic,Cement Liner Bag,Construction,6,12.62,8,53.61,1.25,1.234
Aluminum,Syringe Pack,Healthcare,10,27.66,2,99.66,5.44,3.478
Aluminum,Protective Box,Home Appliances,9,24.69,2,99.66,3.68,3.626
Bagasse Fiber,Clothing Box,Textiles,6,14.88,10,72.25,1.19,0.508
Bagasse Fiber,Battery Packaging,Automotive,5,6.75,10,71.46,1.09,0.48
Mushroom Packaging,Toy Box,Toys,6,14.46,9,75.92,2.74,0.399
Kraft Paper,Tile Packaging,Construction,6,9.67,9,90.77,1.03,0.613
Kraft Paper,Furniture Carton,Furniture,4,5.1,8,94.9,1.07,0.566
Glass,Oil Container,Automotive,10,28.31,2,99.95,2.35,1.802
Corrugated Cardboard,Medicine Box,Healthcare,6,34.5,7,85.65,1.84,0.853
Aluminum,Tablet Blister Pack,Healthcare,10,22.37,1,99.86,3.67,3.527
Glass,Tablet Blister Pack,Healthcare,9,27.81,2,99.15,3.25,1.778
PLA Bioplastic,Foam Insert Package,Home Appliances,6,13.43,7,57.77,1.92,1.256
Corrugated Cardboard,TV Carton,Electronics,7,30.15,7,90.84,1.09,0.828
Recycled PET,Cosmetic Tube,Cosmetics,9,24.06,2,89.98,3.66,2.052
Bagasse Fiber,Fabric Wrap,Textiles,7,7.13,9,83.17,2.38,0.497
Corrugated Cardboard,Board Game Box,Toys,7,19.92,8,91.4,0.96,0.755
Bagasse Fiber,Tile Packaging,Construction,6,6.57,10,80.75,2.27,0.443
Corrugated Cardboard,Cement Liner Bag,Construction,7,13.73,9,88.66,1.67,0.876
Mushroom Packaging,Perfume Bottle,Cosmetics,5,8.02,9,63.91,3.34,0.427
Bagasse Fiber,Makeup Box,Cosmetics,7,7.78,8,83.79,1.22,0.517
Kraft Paper,Toy Box,Toys,6,10.6,8,91.23,0.99,0.653
Aluminum,Cement Liner Bag,Construction,10,33.5,2,97.94,3.32,3.602
Kraft Paper,Medical Container,Healthcare,4,10.58,10,94.27,1.29,0.52
PLA Bioplastic,Laptop Box,Electronics,7,9.42,7,54.8,1.01,1.206
Glass,Fabric Wrap,Textiles,9,29.66,2,97.18,4.26,1.785
Kraft Paper,Syringe Pack,Healthcare,6,9.5,9,93.97,0.71,0.642
Aluminum,Food Tray,Food Packaging,8,28.34,1,99.04,3.47,3.522
Glass,Cream Jar,Cosmetics,9,31.18,1,95.8,4.58,1.841
Bagasse Fiber,Mobile Box,Electronics,6,12.15,9,84.58,2.25,0.596
Kraft Paper,Action Figure Pack,Toys,5,9.77,10,90.35,1.03,0.591
Recycled PET,Protective Box,Home Appliances,10,27.87,2,85.23,3.63,2.157
Recycled PET,Perfume Bottle,Cosmetics,8,16.76,3,92.42,2.16,2.119
Kraft Paper,Action Figure Pack,Toys,6,8.12,10,87.84,0.92,0.535
Glass,Board Game Box,Toys,9,28.02,1,97.91,3.8,1.918
Bagasse Fiber,Cement Liner Bag,Construction,7,6.59,8,83.3,0.82,0.535
Recycled PET,Toy Box,Toys,8,15.71,4,86.24,2.89,2.14
Corrugated Cardboard,Mobile Box,Electronics,6,21.84,7,91.35,1.49,0.835
Aluminum,Perfume Bottle,Cosmetics,8,31.74,2,97.56,4.28,3.536
Mushroom Packaging,Beverage Bottle,Food Packaging,5,11.05,9,60.22,2.89,0.5
Kraft Paper,Makeup Box,Cosmetics,4,11.82,8,87.69,0.99,0.582
Aluminum,Board Game Box,Toys,9,29.17,2,98.42,2.7,3.433
Kraft Paper,Appliance Carton,Home Appliances,6,10.77,8,94.9,0.44,0.579
Bagasse Fiber,Tile Packaging,Construction,6,12.74,9,71.13,1.81,0.481
Aluminum,Spare Parts Box,Automotive,8,28.76,2,99.11,3.32,3.567
Recycled PET,Spare Parts Box,Automotive,8,27.16,4,85.95,1.7,2.138
Bagasse Fiber,Protective Box,Home Appliances,5,8.75,8,83.09,1.53,0.529
Mushroom Packaging,Makeup Box,Cosmetics,7,15.2,9,71.58,2.47,0.316
Bagasse Fiber,Tile Packaging,Construction,5,13.26,9,78.64,1.36,0.535
Mushroom Packaging,Cement Liner Bag,Construction,7,10.78,9,76.91,2.86,0.303
Corrugated Cardboard,Cement Liner Bag,Construction,8,16.41,9,86.64,1.47,0.779
Corrugated Cardboard,Board Game Box,Toys,8,26.43,8,83.89,1.0,0.756
Glass,Cement Liner Bag,Construction,10,30.06,2,97.02,5.02,1.833
Recycled PET,Perfume Bottle,Cosmetics,8,15.45,3,93.89,3.12,2.082
Glass,Protective Box,Home Appliances,9,27.6,1,95.8,4.55,1.788
Glass,Medicine Box,Healthcare,9,39.15,1,99.71,4.21,1.788
Aluminum,Mobile Box,Electronics,9,23.29,2,98.13,2.53,3.575
Corrugated Cardboard,Furniture Carton,Furniture,8,11.64,9,80.84,1.54,0.801
Aluminum,Protective Cushioning Pack,Furniture,9,30.08,1,95.83,3.63,3.503
Glass,Protective Cushioning Pack,Furniture,10,20.93,1,99.6,5.77,1.847
Recycled PET,Cement Liner Bag,Construction,10,22.59,2,94.66,3.54,2.133
Bagasse Fiber,Fabric Wrap,Textiles,6,10.42,10,77.28,1.8,0.42
Mushroom Packaging,Beverage Bottle,Food Packaging,7,13.5,9,71.83,1.78,0.41
Recycled PET,Appliance Carton,Home Appliances,10,27.26,2,88.41,2.01,2.025
Corrugated Cardboard,Clothing Box,Textiles,9,20.73,7,91.24,1.01,0.782
Recycled PET,Garment Bag,Textiles,10,21.93,3,86.59,2.69,2.152
Recycled PET,Toy Box,Toys,9,15.52,2,91.58,2.24,2.111
Bagasse Fiber,Foam Insert Package,Home Appliances,5,11.89,8,81.55,1.68,0.548
PLA Bioplastic,Battery Packaging,Automotive,7,12.8,8,65.25,1.33,1.219
PLA Bioplastic,Protective Cushioning Pack,Furniture,7,8.39,6,66.93,2.96,1.275
Corrugated Cardboard,Protective Box,Home Appliances,7,15.74,7,91.12,0.66,0.888
Recycled PET,Board Game Box,Toys,8,27.04,4,92.07,3.83,2.086
